/Users/jangminho/development/checkout/terminal/Terminal/Terminal.csproj : warning NU1903: Package 'Tmds.DBus.Protocol' 0.20.0 has a known high severity vulnerability, https://github.com/advisories/GHSA-xrw6-gwf8-vvr9
/Users/jangminho/development/checkout/terminal/Terminal/Terminal.csproj : warning NU1903: Package 'Tmds.DBus.Protocol' 0.20.0 has a known high severity vulnerability, https://github.com/advisories/GHSA-xrw6-gwf8-vvr9
/Users/jangminho/development/checkout/terminal/Terminal/Models/CartItem.cs(21,18): warning CS8826: Partial method declarations 'void CartItem.OnUnitPriceChanged(decimal value)' and 'void CartItem.OnUnitPriceChanged(decimal _)' have signature differences. [/Users/jangminho/development/checkout/terminal/Terminal/Terminal.csproj]
/Users/jangminho/development/checkout/terminal/Terminal/ViewModels/MainViewModel.cs(99,18): warning CS8826: Partial method declarations 'void MainViewModel.OnBonusPointsInputChanged(string value)' and 'void MainViewModel.OnBonusPointsInputChanged(string _)' have signature differences. [/Users/jangminho/development/checkout/terminal/Terminal/Terminal.csproj]
/Users/jangminho/development/checkout/terminal/Terminal/ViewModels/MainViewModel.cs(148,18): warning CS8826: Partial method declarations 'void MainViewModel.OnCurrentMemberChanged(LoyaltyMemberInfo? value)' and 'void MainViewModel.OnCurrentMemberChanged(LoyaltyMemberInfo? _)' have signature differences. [/Users/jangminho/development/checkout/terminal/Terminal/Terminal.csproj]
/Users/jangminho/development/checkout/terminal/Terminal/ViewModels/MainViewModel.cs(151,18): warning CS8826: Partial method declarations 'void MainViewModel.OnLoyaltyDiscountChanged(decimal value)' and 'void MainViewModel.OnLoyaltyDiscountChanged(decimal _)' have signature differences. [/Users/jangminho/development/checkout/terminal/Terminal/Terminal.csproj]
/Users/jangminho/development/checkout/terminal/Terminal/ViewModels/MainViewModel.cs(158,18): warning CS8826: Partial method declarations 'void MainViewModel.OnPaymentMethodChanged(string value)' and 'void MainViewModel.OnPaymentMethodChanged(string _)' have signature differences. [/Users/jangminho/development/checkout/terminal/Terminal/Terminal.csproj]
/Users/jangminho/development/checkout/terminal/Terminal/ViewModels/MainViewModel.cs(165,18): warning CS8826: Partial method declarations 'void MainViewModel.OnCashInsertedChanged(decimal value)' and 'void MainViewModel.OnCashInsertedChanged(decimal _)' have signature differences. [/Users/jangminho/development/checkout/terminal/Terminal/Terminal.csproj]
/Users/jangminho/development/checkout/terminal/Terminal/ViewModels/MainViewModel.cs(458,24): warning CS1998: This async method lacks 'await' operators and will run synchronously. Consider using the 'await' operator to await non-blocking API calls, or 'await Task.Run(...)' to do CPU-bound work on a background thread. [/Users/jangminho/development/checkout/terminal/Terminal/Terminal.csproj]
/Users/jangminho/development/checkout/terminal/Terminal/ViewModels/MainViewModel.cs(705,24): warning CS1998: This async method lacks 'await' operators and will run synchronously. Consider using the 'await' operator to await non-blocking API calls, or 'await Task.Run(...)' to do CPU-bound work on a background thread. [/Users/jangminho/development/checkout/terminal/Terminal/Terminal.csproj]

Build succeeded.

/Users/jangminho/development/checkout/terminal/Terminal/Terminal.csproj : warning NU1903: Package 'Tmds.DBus.Protocol' 0.20.0 has a known high severity vulnerability, https://github.com/advisories/GHSA-xrw6-gwf8-vvr9
/Users/jangminho/development/checkout/terminal/Terminal/Terminal.csproj : warning NU1903: Package 'Tmds.DBus.Protocol' 0.20.0 has a known high severity vulnerability, https://github.com/advisories/GHSA-xrw6-gwf8-vvr9
/Users/jangminho/development/checkout/terminal/Terminal/Models/CartItem.cs(21,18): warning CS8826: Partial method declarations 'void CartItem.OnUnitPriceChanged(decimal value)' and 'void CartItem.OnUnitPriceChanged(decimal _)' have signature differences. [/Users/jangminho/development/checkout/terminal/Terminal/Terminal.csproj]
/Users/jangminho/development/checkout/terminal/Terminal/ViewModels/MainViewModel.cs(99,18): warning CS8826: Partial method declarations 'void MainViewModel.OnBonusPointsInputChanged(string value)' and 'void MainViewModel.OnBonusPointsInputChanged(string _)' have signature differences. [/Users/jangminho/development/checkout/terminal/Terminal/Terminal.csproj]
/Users/jangminho/development/checkout/terminal/Terminal/ViewModels/MainViewModel.cs(148,18): warning CS8826: Partial method declarations 'void MainViewModel.OnCurrentMemberChanged(LoyaltyMemberInfo? value)' and 'void MainViewModel.OnCurrentMemberChanged(LoyaltyMemberInfo? _)' have signature differences. [/Users/jangminho/development/checkout/terminal/Terminal/Terminal.csproj]
/Users/jangminho/development/checkout/terminal/Terminal/ViewModels/MainViewModel.cs(151,18): warning CS8826: Partial method declarations 'void MainViewModel.OnLoyaltyDiscountChanged(decimal value)' and 'void MainViewModel.OnLoyaltyDiscountChanged(decimal _)' have signature differences. [/Users/jangminho/development/checkout/terminal/Terminal/Terminal.csproj]
/Users/jangminho/development/checkout/terminal/Terminal/ViewModels/MainViewModel.cs(158,18): warning CS8826: Partial method declarations 'void MainViewModel.OnPaymentMethodChanged(string value)' and 'void MainViewModel.OnPaymentMethodChanged(string _)' have signature differences. [/Users/jangminho/development/checkout/terminal/Terminal/Terminal.csproj]
/Users/jangminho/development/checkout/terminal/Terminal/ViewModels/MainViewModel.cs(165,18): warning CS8826: Partial method declarations 'void MainViewModel.OnCashInsertedChanged(decimal value)' and 'void MainViewModel.OnCashInsertedChanged(decimal _)' have signature differences. [/Users/jangminho/development/checkout/terminal/Terminal/Terminal.csproj]
/Users/jangminho/development/checkout/terminal/Terminal/ViewModels/MainViewModel.cs(458,24): warning CS1998: This async method lacks 'await' operators and will run synchronously. Consider using the 'await' operator to await non-blocking API calls, or 'await Task.Run(...)' to do CPU-bound work on a background thread. [/Users/jangminho/development/checkout/terminal/Terminal/Terminal.csproj]
/Users/jangminho/development/checkout/terminal/Terminal/ViewModels/MainViewModel.cs(705,24): warning CS1998: This async method lacks 'await' operators and will run synchronously. Consider using the 'await' operator to await non-blocking API calls, or 'await Task.Run(...)' to do CPU-bound work on a background thread. [/Users/jangminho/development/checkout/terminal/Terminal/Terminal.csproj]
    10 Warning(s)
    0 Error(s)

Time Elapsed 00:00:02.10
/Users/jangminho/development/checkout/terminal/Terminal/Terminal.csproj : warning NU1903: Package 'Tmds.DBus.Protocol' 0.20.0 has a known high severity vulnerability, https://github.com/advisories/GHSA-xrw6-gwf8-vvr9
/Users/jangminho/development/checkout/terminal/Terminal/Terminal.csproj : warning NU1903: Package 'Tmds.DBus.Protocol' 0.20.0 has a known high severity vulnerability, https://github.com/advisories/GHSA-xrw6-gwf8-vvr9
/Users/jangminho/development/checkout/terminal/Terminal/Models/CartItem.cs(21,18): warning CS8826: Partial method declarations 'void CartItem.OnUnitPriceChanged(decimal value)' and 'void CartItem.OnUnitPriceChanged(decimal _)' have signature differences. [/Users/jangminho/development/checkout/terminal/Terminal/Terminal.csproj]
/Users/jangminho/development/checkout/terminal/Terminal/ViewModels/MainViewModel.cs(100,18): warning CS8826: Partial method declarations 'void MainViewModel.OnBonusPointsInputChanged(string value)' and 'void MainViewModel.OnBonusPointsInputChanged(string _)' have signature differences. [/Users/jangminho/development/checkout/terminal/Terminal/Terminal.csproj]
/Users/jangminho/development/checkout/terminal/Terminal/ViewModels/MainViewModel.cs(149,18): warning CS8826: Partial method declarations 'void MainViewModel.OnCurrentMemberChanged(LoyaltyMemberInfo? value)' and 'void MainViewModel.OnCurrentMemberChanged(LoyaltyMemberInfo? _)' have signature differences. [/Users/jangminho/development/checkout/terminal/Terminal/Terminal.csproj]
/Users/jangminho/development/checkout/terminal/Terminal/ViewModels/MainViewModel.cs(152,18): warning CS8826: Partial method declarations 'void MainViewModel.OnLoyaltyDiscountChanged(decimal value)' and 'void MainViewModel.OnLoyaltyDiscountChanged(decimal _)' have signature differences. [/Users/jangminho/development/checkout/terminal/Terminal/Terminal.csproj]
/Users/jangminho/development/checkout/terminal/Terminal/ViewModels/MainViewModel.cs(159,18): warning CS8826: Partial method declarations 'void MainViewModel.OnPaymentMethodChanged(string value)' and 'void MainViewModel.OnPaymentMethodChanged(string _)' have signature differences. [/Users/jangminho/development/checkout/terminal/Terminal/Terminal.csproj]
/Users/jangminho/development/checkout/terminal/Terminal/ViewModels/MainViewModel.cs(166,18): warning CS8826: Partial method declarations 'void MainViewModel.OnCashInsertedChanged(decimal value)' and 'void MainViewModel.OnCashInsertedChanged(decimal _)' have signature differences. [/Users/jangminho/development/checkout/terminal/Terminal/Terminal.csproj]
/Users/jangminho/development/checkout/terminal/Terminal/ViewModels/MainViewModel.cs(459,24): warning CS1998: This async method lacks 'await' operators and will run synchronously. Consider using the 'await' operator to await non-blocking API calls, or 'await Task.Run(...)' to do CPU-bound work on a background thread. [/Users/jangminho/development/checkout/terminal/Terminal/Terminal.csproj]
/Users/jangminho/development/checkout/terminal/Terminal/ViewModels/MainViewModel.cs(706,24): warning CS1998: This async method lacks 'await' operators and will run synchronously. Consider using the 'await' operator to await non-blocking API calls, or 'await Task.Run(...)' to do CPU-bound work on a background thread. [/Users/jangminho/development/checkout/terminal/Terminal/Terminal.csproj]

Build succeeded.

/Users/jangminho/development/checkout/terminal/Terminal/Terminal.csproj : warning NU1903: Package 'Tmds.DBus.Protocol' 0.20.0 has a known high severity vulnerability, https://github.com/advisories/GHSA-xrw6-gwf8-vvr9
/Users/jangminho/development/checkout/terminal/Terminal/Terminal.csproj : warning NU1903: Package 'Tmds.DBus.Protocol' 0.20.0 has a known high severity vulnerability, https://github.com/advisories/GHSA-xrw6-gwf8-vvr9
/Users/jangminho/development/checkout/terminal/Terminal/Models/CartItem.cs(21,18): warning CS8826: Partial method declarations 'void CartItem.OnUnitPriceChanged(decimal value)' and 'void CartItem.OnUnitPriceChanged(decimal _)' have signature differences. [/Users/jangminho/development/checkout/terminal/Terminal/Terminal.csproj]
/Users/jangminho/development/checkout/terminal/Terminal/ViewModels/MainViewModel.cs(100,18): warning CS8826: Partial method declarations 'void MainViewModel.OnBonusPointsInputChanged(string value)' and 'void MainViewModel.OnBonusPointsInputChanged(string _)' have signature differences. [/Users/jangminho/development/checkout/terminal/Terminal/Terminal.csproj]
/Users/jangminho/development/checkout/terminal/Terminal/ViewModels/MainViewModel.cs(149,18): warning CS8826: Partial method declarations 'void MainViewModel.OnCurrentMemberChanged(LoyaltyMemberInfo? value)' and 'void MainViewModel.OnCurrentMemberChanged(LoyaltyMemberInfo? _)' have signature differences. [/Users/jangminho/development/checkout/terminal/Terminal/Terminal.csproj]
/Users/jangminho/development/checkout/terminal/Terminal/ViewModels/MainViewModel.cs(152,18): warning CS8826: Partial method declarations 'void MainViewModel.OnLoyaltyDiscountChanged(decimal value)' and 'void MainViewModel.OnLoyaltyDiscountChanged(decimal _)' have signature differences. [/Users/jangminho/development/checkout/terminal/Terminal/Terminal.csproj]
/Users/jangminho/development/checkout/terminal/Terminal/ViewModels/MainViewModel.cs(159,18): warning CS8826: Partial method declarations 'void MainViewModel.OnPaymentMethodChanged(string value)' and 'void MainViewModel.OnPaymentMethodChanged(string _)' have signature differences. [/Users/jangminho/development/checkout/terminal/Terminal/Terminal.csproj]
/Users/jangminho/development/checkout/terminal/Terminal/ViewModels/MainViewModel.cs(166,18): warning CS8826: Partial method declarations 'void MainViewModel.OnCashInsertedChanged(decimal value)' and 'void MainViewModel.OnCashInsertedChanged(decimal _)' have signature differences. [/Users/jangminho/development/checkout/terminal/Terminal/Terminal.csproj]
/Users/jangminho/development/checkout/terminal/Terminal/ViewModels/MainViewModel.cs(459,24): warning CS1998: This async method lacks 'await' operators and will run synchronously. Consider using the 'await' operator to await non-blocking API calls, or 'await Task.Run(...)' to do CPU-bound work on a background thread. [/Users/jangminho/development/checkout/terminal/Terminal/Terminal.csproj]
/Users/jangminho/development/checkout/terminal/Terminal/ViewModels/MainViewModel.cs(706,24): warning CS1998: This async method lacks 'await' operators and will run synchronously. Consider using the 'await' operator to await non-blocking API calls, or 'await Task.Run(...)' to do CPU-bound work on a background thread. [/Users/jangminho/development/checkout/terminal/Terminal/Terminal.csproj]
    10 Warning(s)
    0 Error(s)

Time Elapsed 00:00:05.16
/Users/jangminho/development/checkout/terminal/Terminal/Terminal.csproj : warning NU1903: Package 'Tmds.DBus.Protocol' 0.20.0 has a known high severity vulnerability, https://github.com/advisories/GHSA-xrw6-gwf8-vvr9
/Users/jangminho/development/checkout/terminal/Terminal/Terminal.csproj : warning NU1903: Package 'Tmds.DBus.Protocol' 0.20.0 has a known high severity vulnerability, https://github.com/advisories/GHSA-xrw6-gwf8-vvr9
/Users/jangminho/development/checkout/terminal/Terminal/Models/CartItem.cs(21,18): warning CS8826: Partial method declarations 'void CartItem.OnUnitPriceChanged(decimal value)' and 'void CartItem.OnUnitPriceChanged(decimal _)' have signature differences. [/Users/jangminho/development/checkout/terminal/Terminal/Terminal.csproj]
/Users/jangminho/development/checkout/terminal/Terminal/ViewModels/MainViewModel.cs(101,18): warning CS8826: Partial method declarations 'void MainViewModel.OnBonusPointsInputChanged(string value)' and 'void MainViewModel.OnBonusPointsInputChanged(string _)' have signature differences. [/Users/jangminho/development/checkout/terminal/Terminal/Terminal.csproj]
/Users/jangminho/development/checkout/terminal/Terminal/ViewModels/MainViewModel.cs(150,18): warning CS8826: Partial method declarations 'void MainViewModel.OnCurrentMemberChanged(LoyaltyMemberInfo? value)' and 'void MainViewModel.OnCurrentMemberChanged(LoyaltyMemberInfo? _)' have signature differences. [/Users/jangminho/development/checkout/terminal/Terminal/Terminal.csproj]
/Users/jangminho/development/checkout/terminal/Terminal/ViewModels/MainViewModel.cs(153,18): warning CS8826: Partial method declarations 'void MainViewModel.OnLoyaltyDiscountChanged(decimal value)' and 'void MainViewModel.OnLoyaltyDiscountChanged(decimal _)' have signature differences. [/Users/jangminho/development/checkout/terminal/Terminal/Terminal.csproj]
/Users/jangminho/development/checkout/terminal/Terminal/ViewModels/MainViewModel.cs(160,18): warning CS8826: Partial method declarations 'void MainViewModel.OnPaymentMethodChanged(string value)' and 'void MainViewModel.OnPaymentMethodChanged(string _)' have signature differences. [/Users/jangminho/development/checkout/terminal/Terminal/Terminal.csproj]
/Users/jangminho/development/checkout/terminal/Terminal/ViewModels/MainViewModel.cs(167,18): warning CS8826: Partial method declarations 'void MainViewModel.OnCashInsertedChanged(decimal value)' and 'void MainViewModel.OnCashInsertedChanged(decimal _)' have signature differences. [/Users/jangminho/development/checkout/terminal/Terminal/Terminal.csproj]
/Users/jangminho/development/checkout/terminal/Terminal/ViewModels/MainViewModel.cs(511,24): warning CS1998: This async method lacks 'await' operators and will run synchronously. Consider using the 'await' operator to await non-blocking API calls, or 'await Task.Run(...)' to do CPU-bound work on a background thread. [/Users/jangminho/development/checkout/terminal/Terminal/Terminal.csproj]
/Users/jangminho/development/checkout/terminal/Terminal/ViewModels/MainViewModel.cs(717,24): warning CS1998: This async method lacks 'await' operators and will run synchronously. Consider using the 'await' operator to await non-blocking API calls, or 'await Task.Run(...)' to do CPU-bound work on a background thread. [/Users/jangminho/development/checkout/terminal/Terminal/Terminal.csproj]

Build succeeded.

/Users/jangminho/development/checkout/terminal/Terminal/Terminal.csproj : warning NU1903: Package 'Tmds.DBus.Protocol' 0.20.0 has a known high severity vulnerability, https://github.com/advisories/GHSA-xrw6-gwf8-vvr9
/Users/jangminho/development/checkout/terminal/Terminal/Terminal.csproj : warning NU1903: Package 'Tmds.DBus.Protocol' 0.20.0 has a known high severity vulnerability, https://github.com/advisories/GHSA-xrw6-gwf8-vvr9
/Users/jangminho/development/checkout/terminal/Terminal/Models/CartItem.cs(21,18): warning CS8826: Partial method declarations 'void CartItem.OnUnitPriceChanged(decimal value)' and 'void CartItem.OnUnitPriceChanged(decimal _)' have signature differences. [/Users/jangminho/development/checkout/terminal/Terminal/Terminal.csproj]
/Users/jangminho/development/checkout/terminal/Terminal/ViewModels/MainViewModel.cs(101,18): warning CS8826: Partial method declarations 'void MainViewModel.OnBonusPointsInputChanged(string value)' and 'void MainViewModel.OnBonusPointsInputChanged(string _)' have signature differences. [/Users/jangminho/development/checkout/terminal/Terminal/Terminal.csproj]
/Users/jangminho/development/checkout/terminal/Terminal/ViewModels/MainViewModel.cs(150,18): warning CS8826: Partial method declarations 'void MainViewModel.OnCurrentMemberChanged(LoyaltyMemberInfo? value)' and 'void MainViewModel.OnCurrentMemberChanged(LoyaltyMemberInfo? _)' have signature differences. [/Users/jangminho/development/checkout/terminal/Terminal/Terminal.csproj]
/Users/jangminho/development/checkout/terminal/Terminal/ViewModels/MainViewModel.cs(153,18): warning CS8826: Partial method declarations 'void MainViewModel.OnLoyaltyDiscountChanged(decimal value)' and 'void MainViewModel.OnLoyaltyDiscountChanged(decimal _)' have signature differences. [/Users/jangminho/development/checkout/terminal/Terminal/Terminal.csproj]
/Users/jangminho/development/checkout/terminal/Terminal/ViewModels/MainViewModel.cs(160,18): warning CS8826: Partial method declarations 'void MainViewModel.OnPaymentMethodChanged(string value)' and 'void MainViewModel.OnPaymentMethodChanged(string _)' have signature differences. [/Users/jangminho/development/checkout/terminal/Terminal/Terminal.csproj]
/Users/jangminho/development/checkout/terminal/Terminal/ViewModels/MainViewModel.cs(167,18): warning CS8826: Partial method declarations 'void MainViewModel.OnCashInsertedChanged(decimal value)' and 'void MainViewModel.OnCashInsertedChanged(decimal _)' have signature differences. [/Users/jangminho/development/checkout/terminal/Terminal/Terminal.csproj]
/Users/jangminho/development/checkout/terminal/Terminal/ViewModels/MainViewModel.cs(511,24): warning CS1998: This async method lacks 'await' operators and will run synchronously. Consider using the 'await' operator to await non-blocking API calls, or 'await Task.Run(...)' to do CPU-bound work on a background thread. [/Users/jangminho/development/checkout/terminal/Terminal/Terminal.csproj]
/Users/jangminho/development/checkout/terminal/Terminal/ViewModels/MainViewModel.cs(717,24): warning CS1998: This async method lacks 'await' operators and will run synchronously. Consider using the 'await' operator to await non-blocking API calls, or 'await Task.Run(...)' to do CPU-bound work on a background thread. [/Users/jangminho/development/checkout/terminal/Terminal/Terminal.csproj]
    10 Warning(s)
    0 Error(s)

Time Elapsed 00:00:03.75
/Users/jangminho/development/checkout/terminal/Terminal/Terminal.csproj : warning NU1903: Package 'Tmds.DBus.Protocol' 0.20.0 has a known high severity vulnerability, https://github.com/advisories/GHSA-xrw6-gwf8-vvr9
/Users/jangminho/development/checkout/terminal/Terminal/Terminal.csproj : warning NU1903: Package 'Tmds.DBus.Protocol' 0.20.0 has a known high severity vulnerability, https://github.com/advisories/GHSA-xrw6-gwf8-vvr9
/Users/jangminho/development/checkout/terminal/Terminal/Models/CartItem.cs(21,18): warning CS8826: Partial method declarations 'void CartItem.OnUnitPriceChanged(decimal value)' and 'void CartItem.OnUnitPriceChanged(decimal _)' have signature differences. [/Users/jangminho/development/checkout/terminal/Terminal/Terminal.csproj]
/Users/jangminho/development/checkout/terminal/Terminal/ViewModels/MainViewModel.cs(103,18): warning CS8826: Partial method declarations 'void MainViewModel.OnBonusPointsInputChanged(string value)' and 'void MainViewModel.OnBonusPointsInputChanged(string _)' have signature differences. [/Users/jangminho/development/checkout/terminal/Terminal/Terminal.csproj]
/Users/jangminho/development/checkout/terminal/Terminal/ViewModels/MainViewModel.cs(152,18): warning CS8826: Partial method declarations 'void MainViewModel.OnCurrentMemberChanged(LoyaltyMemberInfo? value)' and 'void MainViewModel.OnCurrentMemberChanged(LoyaltyMemberInfo? _)' have signature differences. [/Users/jangminho/development/checkout/terminal/Terminal/Terminal.csproj]
/Users/jangminho/development/checkout/terminal/Terminal/ViewModels/MainViewModel.cs(155,18): warning CS8826: Partial method declarations 'void MainViewModel.OnLoyaltyDiscountChanged(decimal value)' and 'void MainViewModel.OnLoyaltyDiscountChanged(decimal _)' have signature differences. [/Users/jangminho/development/checkout/terminal/Terminal/Terminal.csproj]
/Users/jangminho/development/checkout/terminal/Terminal/ViewModels/MainViewModel.cs(162,18): warning CS8826: Partial method declarations 'void MainViewModel.OnPaymentMethodChanged(string value)' and 'void MainViewModel.OnPaymentMethodChanged(string _)' have signature differences. [/Users/jangminho/development/checkout/terminal/Terminal/Terminal.csproj]
/Users/jangminho/development/checkout/terminal/Terminal/ViewModels/MainViewModel.cs(169,18): warning CS8826: Partial method declarations 'void MainViewModel.OnCashInsertedChanged(decimal value)' and 'void MainViewModel.OnCashInsertedChanged(decimal _)' have signature differences. [/Users/jangminho/development/checkout/terminal/Terminal/Terminal.csproj]
/Users/jangminho/development/checkout/terminal/Terminal/ViewModels/MainViewModel.cs(513,24): warning CS1998: This async method lacks 'await' operators and will run synchronously. Consider using the 'await' operator to await non-blocking API calls, or 'await Task.Run(...)' to do CPU-bound work on a background thread. [/Users/jangminho/development/checkout/terminal/Terminal/Terminal.csproj]
/Users/jangminho/development/checkout/terminal/Terminal/ViewModels/MainViewModel.cs(719,24): warning CS1998: This async method lacks 'await' operators and will run synchronously. Consider using the 'await' operator to await non-blocking API calls, or 'await Task.Run(...)' to do CPU-bound work on a background thread. [/Users/jangminho/development/checkout/terminal/Terminal/Terminal.csproj]

Build succeeded.

/Users/jangminho/development/checkout/terminal/Terminal/Terminal.csproj : warning NU1903: Package 'Tmds.DBus.Protocol' 0.20.0 has a known high severity vulnerability, https://github.com/advisories/GHSA-xrw6-gwf8-vvr9
/Users/jangminho/development/checkout/terminal/Terminal/Terminal.csproj : warning NU1903: Package 'Tmds.DBus.Protocol' 0.20.0 has a known high severity vulnerability, https://github.com/advisories/GHSA-xrw6-gwf8-vvr9
/Users/jangminho/development/checkout/terminal/Terminal/Models/CartItem.cs(21,18): warning CS8826: Partial method declarations 'void CartItem.OnUnitPriceChanged(decimal value)' and 'void CartItem.OnUnitPriceChanged(decimal _)' have signature differences. [/Users/jangminho/development/checkout/terminal/Terminal/Terminal.csproj]
/Users/jangminho/development/checkout/terminal/Terminal/ViewModels/MainViewModel.cs(103,18): warning CS8826: Partial method declarations 'void MainViewModel.OnBonusPointsInputChanged(string value)' and 'void MainViewModel.OnBonusPointsInputChanged(string _)' have signature differences. [/Users/jangminho/development/checkout/terminal/Terminal/Terminal.csproj]
/Users/jangminho/development/checkout/terminal/Terminal/ViewModels/MainViewModel.cs(152,18): warning CS8826: Partial method declarations 'void MainViewModel.OnCurrentMemberChanged(LoyaltyMemberInfo? value)' and 'void MainViewModel.OnCurrentMemberChanged(LoyaltyMemberInfo? _)' have signature differences. [/Users/jangminho/development/checkout/terminal/Terminal/Terminal.csproj]
/Users/jangminho/development/checkout/terminal/Terminal/ViewModels/MainViewModel.cs(155,18): warning CS8826: Partial method declarations 'void MainViewModel.OnLoyaltyDiscountChanged(decimal value)' and 'void MainViewModel.OnLoyaltyDiscountChanged(decimal _)' have signature differences. [/Users/jangminho/development/checkout/terminal/Terminal/Terminal.csproj]
/Users/jangminho/development/checkout/terminal/Terminal/ViewModels/MainViewModel.cs(162,18): warning CS8826: Partial method declarations 'void MainViewModel.OnPaymentMethodChanged(string value)' and 'void MainViewModel.OnPaymentMethodChanged(string _)' have signature differences. [/Users/jangminho/development/checkout/terminal/Terminal/Terminal.csproj]
/Users/jangminho/development/checkout/terminal/Terminal/ViewModels/MainViewModel.cs(169,18): warning CS8826: Partial method declarations 'void MainViewModel.OnCashInsertedChanged(decimal value)' and 'void MainViewModel.OnCashInsertedChanged(decimal _)' have signature differences. [/Users/jangminho/development/checkout/terminal/Terminal/Terminal.csproj]
/Users/jangminho/development/checkout/terminal/Terminal/ViewModels/MainViewModel.cs(513,24): warning CS1998: This async method lacks 'await' operators and will run synchronously. Consider using the 'await' operator to await non-blocking API calls, or 'await Task.Run(...)' to do CPU-bound work on a background thread. [/Users/jangminho/development/checkout/terminal/Terminal/Terminal.csproj]
/Users/jangminho/development/checkout/terminal/Terminal/ViewModels/MainViewModel.cs(719,24): warning CS1998: This async method lacks 'await' operators and will run synchronously. Consider using the 'await' operator to await non-blocking API calls, or 'await Task.Run(...)' to do CPU-bound work on a background thread. [/Users/jangminho/development/checkout/terminal/Terminal/Terminal.csproj]
    10 Warning(s)
    0 Error(s)

Time Elapsed 00:00:03.70
/Users/jangminho/development/checkout/terminal/Terminal/Terminal.csproj : warning NU1903: Package 'Tmds.DBus.Protocol' 0.20.0 has a known high severity vulnerability, https://github.com/advisories/GHSA-xrw6-gwf8-vvr9
/Users/jangminho/development/checkout/terminal/Terminal/Terminal.csproj : warning NU1903: Package 'Tmds.DBus.Protocol' 0.20.0 has a known high severity vulnerability, https://github.com/advisories/GHSA-xrw6-gwf8-vvr9

Build FAILED.

/Users/jangminho/development/checkout/terminal/Terminal/Terminal.csproj : warning NU1903: Package 'Tmds.DBus.Protocol' 0.20.0 has a known high severity vulnerability, https://github.com/advisories/GHSA-xrw6-gwf8-vvr9
/Users/jangminho/development/checkout/terminal/Terminal/Terminal.csproj : warning NU1903: Package 'Tmds.DBus.Protocol' 0.20.0 has a known high severity vulnerability, https://github.com/advisories/GHSA-xrw6-gwf8-vvr9
    2 Warning(s)
    0 Error(s)

Time Elapsed 00:00:01.42
/Users/jangminho/development/checkout/terminal/Terminal/Terminal.csproj : warning NU1903: Package 'Tmds.DBus.Protocol' 0.20.0 has a known high severity vulnerability, https://github.com/advisories/GHSA-xrw6-gwf8-vvr9
/Users/jangminho/development/checkout/terminal/Terminal/Terminal.csproj : warning NU1903: Package 'Tmds.DBus.Protocol' 0.20.0 has a known high severity vulnerability, https://github.com/advisories/GHSA-xrw6-gwf8-vvr9
/Users/jangminho/development/checkout/terminal/Terminal/Models/CartItem.cs(21,18): warning CS8826: Partial method declarations 'void CartItem.OnUnitPriceChanged(decimal value)' and 'void CartItem.OnUnitPriceChanged(decimal _)' have signature differences. [/Users/jangminho/development/checkout/terminal/Terminal/Terminal.csproj]
/Users/jangminho/development/checkout/terminal/Terminal/ViewModels/MainViewModel.cs(107,18): warning CS8826: Partial method declarations 'void MainViewModel.OnBonusPointsInputChanged(string value)' and 'void MainViewModel.OnBonusPointsInputChanged(string _)' have signature differences. [/Users/jangminho/development/checkout/terminal/Terminal/Terminal.csproj]
/Users/jangminho/development/checkout/terminal/Terminal/ViewModels/MainViewModel.cs(156,18): warning CS8826: Partial method declarations 'void MainViewModel.OnCurrentMemberChanged(LoyaltyMemberInfo? value)' and 'void MainViewModel.OnCurrentMemberChanged(LoyaltyMemberInfo? _)' have signature differences. [/Users/jangminho/development/checkout/terminal/Terminal/Terminal.csproj]
/Users/jangminho/development/checkout/terminal/Terminal/ViewModels/MainViewModel.cs(159,18): warning CS8826: Partial method declarations 'void MainViewModel.OnLoyaltyDiscountChanged(decimal value)' and 'void MainViewModel.OnLoyaltyDiscountChanged(decimal _)' have signature differences. [/Users/jangminho/development/checkout/terminal/Terminal/Terminal.csproj]
/Users/jangminho/development/checkout/terminal/Terminal/ViewModels/MainViewModel.cs(166,18): warning CS8826: Partial method declarations 'void MainViewModel.OnPaymentMethodChanged(string value)' and 'void MainViewModel.OnPaymentMethodChanged(string _)' have signature differences. [/Users/jangminho/development/checkout/terminal/Terminal/Terminal.csproj]
/Users/jangminho/development/checkout/terminal/Terminal/ViewModels/MainViewModel.cs(173,18): warning CS8826: Partial method declarations 'void MainViewModel.OnCashInsertedChanged(decimal value)' and 'void MainViewModel.OnCashInsertedChanged(decimal _)' have signature differences. [/Users/jangminho/development/checkout/terminal/Terminal/Terminal.csproj]
/Users/jangminho/development/checkout/terminal/Terminal/ViewModels/MainViewModel.cs(518,24): warning CS1998: This async method lacks 'await' operators and will run synchronously. Consider using the 'await' operator to await non-blocking API calls, or 'await Task.Run(...)' to do CPU-bound work on a background thread. [/Users/jangminho/development/checkout/terminal/Terminal/Terminal.csproj]
/Users/jangminho/development/checkout/terminal/Terminal/ViewModels/MainViewModel.cs(724,24): warning CS1998: This async method lacks 'await' operators and will run synchronously. Consider using the 'await' operator to await non-blocking API calls, or 'await Task.Run(...)' to do CPU-bound work on a background thread. [/Users/jangminho/development/checkout/terminal/Terminal/Terminal.csproj]

Build succeeded.

/Users/jangminho/development/checkout/terminal/Terminal/Terminal.csproj : warning NU1903: Package 'Tmds.DBus.Protocol' 0.20.0 has a known high severity vulnerability, https://github.com/advisories/GHSA-xrw6-gwf8-vvr9
/Users/jangminho/development/checkout/terminal/Terminal/Terminal.csproj : warning NU1903: Package 'Tmds.DBus.Protocol' 0.20.0 has a known high severity vulnerability, https://github.com/advisories/GHSA-xrw6-gwf8-vvr9
/Users/jangminho/development/checkout/terminal/Terminal/Models/CartItem.cs(21,18): warning CS8826: Partial method declarations 'void CartItem.OnUnitPriceChanged(decimal value)' and 'void CartItem.OnUnitPriceChanged(decimal _)' have signature differences. [/Users/jangminho/development/checkout/terminal/Terminal/Terminal.csproj]
/Users/jangminho/development/checkout/terminal/Terminal/ViewModels/MainViewModel.cs(107,18): warning CS8826: Partial method declarations 'void MainViewModel.OnBonusPointsInputChanged(string value)' and 'void MainViewModel.OnBonusPointsInputChanged(string _)' have signature differences. [/Users/jangminho/development/checkout/terminal/Terminal/Terminal.csproj]
/Users/jangminho/development/checkout/terminal/Terminal/ViewModels/MainViewModel.cs(156,18): warning CS8826: Partial method declarations 'void MainViewModel.OnCurrentMemberChanged(LoyaltyMemberInfo? value)' and 'void MainViewModel.OnCurrentMemberChanged(LoyaltyMemberInfo? _)' have signature differences. [/Users/jangminho/development/checkout/terminal/Terminal/Terminal.csproj]
/Users/jangminho/development/checkout/terminal/Terminal/ViewModels/MainViewModel.cs(159,18): warning CS8826: Partial method declarations 'void MainViewModel.OnLoyaltyDiscountChanged(decimal value)' and 'void MainViewModel.OnLoyaltyDiscountChanged(decimal _)' have signature differences. [/Users/jangminho/development/checkout/terminal/Terminal/Terminal.csproj]
/Users/jangminho/development/checkout/terminal/Terminal/ViewModels/MainViewModel.cs(166,18): warning CS8826: Partial method declarations 'void MainViewModel.OnPaymentMethodChanged(string value)' and 'void MainViewModel.OnPaymentMethodChanged(string _)' have signature differences. [/Users/jangminho/development/checkout/terminal/Terminal/Terminal.csproj]
/Users/jangminho/development/checkout/terminal/Terminal/ViewModels/MainViewModel.cs(173,18): warning CS8826: Partial method declarations 'void MainViewModel.OnCashInsertedChanged(decimal value)' and 'void MainViewModel.OnCashInsertedChanged(decimal _)' have signature differences. [/Users/jangminho/development/checkout/terminal/Terminal/Terminal.csproj]
/Users/jangminho/development/checkout/terminal/Terminal/ViewModels/MainViewModel.cs(518,24): warning CS1998: This async method lacks 'await' operators and will run synchronously. Consider using the 'await' operator to await non-blocking API calls, or 'await Task.Run(...)' to do CPU-bound work on a background thread. [/Users/jangminho/development/checkout/terminal/Terminal/Terminal.csproj]
/Users/jangminho/development/checkout/terminal/Terminal/ViewModels/MainViewModel.cs(724,24): warning CS1998: This async method lacks 'await' operators and will run synchronously. Consider using the 'await' operator to await non-blocking API calls, or 'await Task.Run(...)' to do CPU-bound work on a background thread. [/Users/jangminho/development/checkout/terminal/Terminal/Terminal.csproj]
    10 Warning(s)
    0 Error(s)

Time Elapsed 00:00:04.66
/Users/jangminho/development/checkout/terminal/Terminal/Terminal.csproj : warning NU1903: Package 'Tmds.DBus.Protocol' 0.20.0 has a known high severity vulnerability, https://github.com/advisories/GHSA-xrw6-gwf8-vvr9
/Users/jangminho/development/checkout/terminal/Terminal/Terminal.csproj : warning NU1903: Package 'Tmds.DBus.Protocol' 0.20.0 has a known high severity vulnerability, https://github.com/advisories/GHSA-xrw6-gwf8-vvr9
/Users/jangminho/development/checkout/terminal/Terminal/Models/CartItem.cs(21,18): warning CS8826: Partial method declarations 'void CartItem.OnUnitPriceChanged(decimal value)' and 'void CartItem.OnUnitPriceChanged(decimal _)' have signature differences. [/Users/jangminho/development/checkout/terminal/Terminal/Terminal.csproj]
/Users/jangminho/development/checkout/terminal/Terminal/ViewModels/MainViewModel.cs(109,18): warning CS8826: Partial method declarations 'void MainViewModel.OnBonusPointsInputChanged(string value)' and 'void MainViewModel.OnBonusPointsInputChanged(string _)' have signature differences. [/Users/jangminho/development/checkout/terminal/Terminal/Terminal.csproj]
/Users/jangminho/development/checkout/terminal/Terminal/ViewModels/MainViewModel.cs(158,18): warning CS8826: Partial method declarations 'void MainViewModel.OnCurrentMemberChanged(LoyaltyMemberInfo? value)' and 'void MainViewModel.OnCurrentMemberChanged(LoyaltyMemberInfo? _)' have signature differences. [/Users/jangminho/development/checkout/terminal/Terminal/Terminal.csproj]
/Users/jangminho/development/checkout/terminal/Terminal/ViewModels/MainViewModel.cs(164,18): warning CS8826: Partial method declarations 'void MainViewModel.OnPointsEarnedChanged(int value)' and 'void MainViewModel.OnPointsEarnedChanged(int _)' have signature differences. [/Users/jangminho/development/checkout/terminal/Terminal/Terminal.csproj]
/Users/jangminho/development/checkout/terminal/Terminal/ViewModels/MainViewModel.cs(167,18): warning CS8826: Partial method declarations 'void MainViewModel.OnLoyaltyDiscountChanged(decimal value)' and 'void MainViewModel.OnLoyaltyDiscountChanged(decimal _)' have signature differences. [/Users/jangminho/development/checkout/terminal/Terminal/Terminal.csproj]
/Users/jangminho/development/checkout/terminal/Terminal/ViewModels/MainViewModel.cs(174,18): warning CS8826: Partial method declarations 'void MainViewModel.OnPaymentMethodChanged(string value)' and 'void MainViewModel.OnPaymentMethodChanged(string _)' have signature differences. [/Users/jangminho/development/checkout/terminal/Terminal/Terminal.csproj]
/Users/jangminho/development/checkout/terminal/Terminal/ViewModels/MainViewModel.cs(181,18): warning CS8826: Partial method declarations 'void MainViewModel.OnCashInsertedChanged(decimal value)' and 'void MainViewModel.OnCashInsertedChanged(decimal _)' have signature differences. [/Users/jangminho/development/checkout/terminal/Terminal/Terminal.csproj]
/Users/jangminho/development/checkout/terminal/Terminal/ViewModels/MainViewModel.cs(526,24): warning CS1998: This async method lacks 'await' operators and will run synchronously. Consider using the 'await' operator to await non-blocking API calls, or 'await Task.Run(...)' to do CPU-bound work on a background thread. [/Users/jangminho/development/checkout/terminal/Terminal/Terminal.csproj]
/Users/jangminho/development/checkout/terminal/Terminal/ViewModels/MainViewModel.cs(732,24): warning CS1998: This async method lacks 'await' operators and will run synchronously. Consider using the 'await' operator to await non-blocking API calls, or 'await Task.Run(...)' to do CPU-bound work on a background thread. [/Users/jangminho/development/checkout/terminal/Terminal/Terminal.csproj]

Build succeeded.

/Users/jangminho/development/checkout/terminal/Terminal/Terminal.csproj : warning NU1903: Package 'Tmds.DBus.Protocol' 0.20.0 has a known high severity vulnerability, https://github.com/advisories/GHSA-xrw6-gwf8-vvr9
/Users/jangminho/development/checkout/terminal/Terminal/Terminal.csproj : warning NU1903: Package 'Tmds.DBus.Protocol' 0.20.0 has a known high severity vulnerability, https://github.com/advisories/GHSA-xrw6-gwf8-vvr9
/Users/jangminho/development/checkout/terminal/Terminal/Models/CartItem.cs(21,18): warning CS8826: Partial method declarations 'void CartItem.OnUnitPriceChanged(decimal value)' and 'void CartItem.OnUnitPriceChanged(decimal _)' have signature differences. [/Users/jangminho/development/checkout/terminal/Terminal/Terminal.csproj]
/Users/jangminho/development/checkout/terminal/Terminal/ViewModels/MainViewModel.cs(109,18): warning CS8826: Partial method declarations 'void MainViewModel.OnBonusPointsInputChanged(string value)' and 'void MainViewModel.OnBonusPointsInputChanged(string _)' have signature differences. [/Users/jangminho/development/checkout/terminal/Terminal/Terminal.csproj]
/Users/jangminho/development/checkout/terminal/Terminal/ViewModels/MainViewModel.cs(158,18): warning CS8826: Partial method declarations 'void MainViewModel.OnCurrentMemberChanged(LoyaltyMemberInfo? value)' and 'void MainViewModel.OnCurrentMemberChanged(LoyaltyMemberInfo? _)' have signature differences. [/Users/jangminho/development/checkout/terminal/Terminal/Terminal.csproj]
/Users/jangminho/development/checkout/terminal/Terminal/ViewModels/MainViewModel.cs(164,18): warning CS8826: Partial method declarations 'void MainViewModel.OnPointsEarnedChanged(int value)' and 'void MainViewModel.OnPointsEarnedChanged(int _)' have signature differences. [/Users/jangminho/development/checkout/terminal/Terminal/Terminal.csproj]
/Users/jangminho/development/checkout/terminal/Terminal/ViewModels/MainViewModel.cs(167,18): warning CS8826: Partial method declarations 'void MainViewModel.OnLoyaltyDiscountChanged(decimal value)' and 'void MainViewModel.OnLoyaltyDiscountChanged(decimal _)' have signature differences. [/Users/jangminho/development/checkout/terminal/Terminal/Terminal.csproj]
/Users/jangminho/development/checkout/terminal/Terminal/ViewModels/MainViewModel.cs(174,18): warning CS8826: Partial method declarations 'void MainViewModel.OnPaymentMethodChanged(string value)' and 'void MainViewModel.OnPaymentMethodChanged(string _)' have signature differences. [/Users/jangminho/development/checkout/terminal/Terminal/Terminal.csproj]
/Users/jangminho/development/checkout/terminal/Terminal/ViewModels/MainViewModel.cs(181,18): warning CS8826: Partial method declarations 'void MainViewModel.OnCashInsertedChanged(decimal value)' and 'void MainViewModel.OnCashInsertedChanged(decimal _)' have signature differences. [/Users/jangminho/development/checkout/terminal/Terminal/Terminal.csproj]
/Users/jangminho/development/checkout/terminal/Terminal/ViewModels/MainViewModel.cs(526,24): warning CS1998: This async method lacks 'await' operators and will run synchronously. Consider using the 'await' operator to await non-blocking API calls, or 'await Task.Run(...)' to do CPU-bound work on a background thread. [/Users/jangminho/development/checkout/terminal/Terminal/Terminal.csproj]
/Users/jangminho/development/checkout/terminal/Terminal/ViewModels/MainViewModel.cs(732,24): warning CS1998: This async method lacks 'await' operators and will run synchronously. Consider using the 'await' operator to await non-blocking API calls, or 'await Task.Run(...)' to do CPU-bound work on a background thread. [/Users/jangminho/development/checkout/terminal/Terminal/Terminal.csproj]
    11 Warning(s)
    0 Error(s)

Time Elapsed 00:00:03.22
/Users/jangminho/development/checkout/terminal/Terminal/Terminal.csproj : warning NU1903: Package 'Tmds.DBus.Protocol' 0.20.0 has a known high severity vulnerability, https://github.com/advisories/GHSA-xrw6-gwf8-vvr9
/Users/jangminho/development/checkout/terminal/Terminal/Terminal.csproj : warning NU1903: Package 'Tmds.DBus.Protocol' 0.20.0 has a known high severity vulnerability, https://github.com/advisories/GHSA-xrw6-gwf8-vvr9

Build FAILED.

/Users/jangminho/development/checkout/terminal/Terminal/Terminal.csproj : warning NU1903: Package 'Tmds.DBus.Protocol' 0.20.0 has a known high severity vulnerability, https://github.com/advisories/GHSA-xrw6-gwf8-vvr9
/Users/jangminho/development/checkout/terminal/Terminal/Terminal.csproj : warning NU1903: Package 'Tmds.DBus.Protocol' 0.20.0 has a known high severity vulnerability, https://github.com/advisories/GHSA-xrw6-gwf8-vvr9
    2 Warning(s)
    0 Error(s)

Time Elapsed 00:00:01.10
/Users/jangminho/development/checkout/terminal/Terminal/Terminal.csproj : warning NU1903: Package 'Tmds.DBus.Protocol' 0.20.0 has a known high severity vulnerability, https://github.com/advisories/GHSA-xrw6-gwf8-vvr9
/Users/jangminho/development/checkout/terminal/Terminal/Terminal.csproj : warning NU1903: Package 'Tmds.DBus.Protocol' 0.20.0 has a known high severity vulnerability, https://github.com/advisories/GHSA-xrw6-gwf8-vvr9
/Users/jangminho/development/checkout/terminal/Terminal/Models/CartItem.cs(21,18): warning CS8826: Partial method declarations 'void CartItem.OnUnitPriceChanged(decimal value)' and 'void CartItem.OnUnitPriceChanged(decimal _)' have signature differences. [/Users/jangminho/development/checkout/terminal/Terminal/Terminal.csproj]
/Users/jangminho/development/checkout/terminal/Terminal/ViewModels/MainViewModel.cs(113,18): warning CS8826: Partial method declarations 'void MainViewModel.OnBonusPointsInputChanged(string value)' and 'void MainViewModel.OnBonusPointsInputChanged(string _)' have signature differences. [/Users/jangminho/development/checkout/terminal/Terminal/Terminal.csproj]
/Users/jangminho/development/checkout/terminal/Terminal/ViewModels/MainViewModel.cs(162,18): warning CS8826: Partial method declarations 'void MainViewModel.OnCurrentMemberChanged(LoyaltyMemberInfo? value)' and 'void MainViewModel.OnCurrentMemberChanged(LoyaltyMemberInfo? _)' have signature differences. [/Users/jangminho/development/checkout/terminal/Terminal/Terminal.csproj]
/Users/jangminho/development/checkout/terminal/Terminal/ViewModels/MainViewModel.cs(168,18): warning CS8826: Partial method declarations 'void MainViewModel.OnPointsEarnedChanged(int value)' and 'void MainViewModel.OnPointsEarnedChanged(int _)' have signature differences. [/Users/jangminho/development/checkout/terminal/Terminal/Terminal.csproj]
/Users/jangminho/development/checkout/terminal/Terminal/ViewModels/MainViewModel.cs(171,18): warning CS8826: Partial method declarations 'void MainViewModel.OnLoyaltyDiscountChanged(decimal value)' and 'void MainViewModel.OnLoyaltyDiscountChanged(decimal _)' have signature differences. [/Users/jangminho/development/checkout/terminal/Terminal/Terminal.csproj]
/Users/jangminho/development/checkout/terminal/Terminal/ViewModels/MainViewModel.cs(178,18): warning CS8826: Partial method declarations 'void MainViewModel.OnPaymentMethodChanged(string value)' and 'void MainViewModel.OnPaymentMethodChanged(string _)' have signature differences. [/Users/jangminho/development/checkout/terminal/Terminal/Terminal.csproj]
/Users/jangminho/development/checkout/terminal/Terminal/ViewModels/MainViewModel.cs(185,18): warning CS8826: Partial method declarations 'void MainViewModel.OnCashInsertedChanged(decimal value)' and 'void MainViewModel.OnCashInsertedChanged(decimal _)' have signature differences. [/Users/jangminho/development/checkout/terminal/Terminal/Terminal.csproj]
/Users/jangminho/development/checkout/terminal/Terminal/Views/MainWindow.axaml.cs(164,39): error CS0246: The type or namespace name 'AvaloniaList<>' could not be found (are you missing a using directive or an assembly reference?) [/Users/jangminho/development/checkout/terminal/Terminal/Terminal.csproj]
/Users/jangminho/development/checkout/terminal/Terminal/ViewModels/MainViewModel.cs(536,24): warning CS1998: This async method lacks 'await' operators and will run synchronously. Consider using the 'await' operator to await non-blocking API calls, or 'await Task.Run(...)' to do CPU-bound work on a background thread. [/Users/jangminho/development/checkout/terminal/Terminal/Terminal.csproj]
/Users/jangminho/development/checkout/terminal/Terminal/ViewModels/MainViewModel.cs(743,24): warning CS1998: This async method lacks 'await' operators and will run synchronously. Consider using the 'await' operator to await non-blocking API calls, or 'await Task.Run(...)' to do CPU-bound work on a background thread. [/Users/jangminho/development/checkout/terminal/Terminal/Terminal.csproj]

Build FAILED.

/Users/jangminho/development/checkout/terminal/Terminal/Terminal.csproj : warning NU1903: Package 'Tmds.DBus.Protocol' 0.20.0 has a known high severity vulnerability, https://github.com/advisories/GHSA-xrw6-gwf8-vvr9
/Users/jangminho/development/checkout/terminal/Terminal/Terminal.csproj : warning NU1903: Package 'Tmds.DBus.Protocol' 0.20.0 has a known high severity vulnerability, https://github.com/advisories/GHSA-xrw6-gwf8-vvr9
/Users/jangminho/development/checkout/terminal/Terminal/Models/CartItem.cs(21,18): warning CS8826: Partial method declarations 'void CartItem.OnUnitPriceChanged(decimal value)' and 'void CartItem.OnUnitPriceChanged(decimal _)' have signature differences. [/Users/jangminho/development/checkout/terminal/Terminal/Terminal.csproj]
/Users/jangminho/development/checkout/terminal/Terminal/ViewModels/MainViewModel.cs(113,18): warning CS8826: Partial method declarations 'void MainViewModel.OnBonusPointsInputChanged(string value)' and 'void MainViewModel.OnBonusPointsInputChanged(string _)' have signature differences. [/Users/jangminho/development/checkout/terminal/Terminal/Terminal.csproj]
/Users/jangminho/development/checkout/terminal/Terminal/ViewModels/MainViewModel.cs(162,18): warning CS8826: Partial method declarations 'void MainViewModel.OnCurrentMemberChanged(LoyaltyMemberInfo? value)' and 'void MainViewModel.OnCurrentMemberChanged(LoyaltyMemberInfo? _)' have signature differences. [/Users/jangminho/development/checkout/terminal/Terminal/Terminal.csproj]
/Users/jangminho/development/checkout/terminal/Terminal/ViewModels/MainViewModel.cs(168,18): warning CS8826: Partial method declarations 'void MainViewModel.OnPointsEarnedChanged(int value)' and 'void MainViewModel.OnPointsEarnedChanged(int _)' have signature differences. [/Users/jangminho/development/checkout/terminal/Terminal/Terminal.csproj]
/Users/jangminho/development/checkout/terminal/Terminal/ViewModels/MainViewModel.cs(171,18): warning CS8826: Partial method declarations 'void MainViewModel.OnLoyaltyDiscountChanged(decimal value)' and 'void MainViewModel.OnLoyaltyDiscountChanged(decimal _)' have signature differences. [/Users/jangminho/development/checkout/terminal/Terminal/Terminal.csproj]
/Users/jangminho/development/checkout/terminal/Terminal/ViewModels/MainViewModel.cs(178,18): warning CS8826: Partial method declarations 'void MainViewModel.OnPaymentMethodChanged(string value)' and 'void MainViewModel.OnPaymentMethodChanged(string _)' have signature differences. [/Users/jangminho/development/checkout/terminal/Terminal/Terminal.csproj]
/Users/jangminho/development/checkout/terminal/Terminal/ViewModels/MainViewModel.cs(185,18): warning CS8826: Partial method declarations 'void MainViewModel.OnCashInsertedChanged(decimal value)' and 'void MainViewModel.OnCashInsertedChanged(decimal _)' have signature differences. [/Users/jangminho/development/checkout/terminal/Terminal/Terminal.csproj]
/Users/jangminho/development/checkout/terminal/Terminal/ViewModels/MainViewModel.cs(536,24): warning CS1998: This async method lacks 'await' operators and will run synchronously. Consider using the 'await' operator to await non-blocking API calls, or 'await Task.Run(...)' to do CPU-bound work on a background thread. [/Users/jangminho/development/checkout/terminal/Terminal/Terminal.csproj]
/Users/jangminho/development/checkout/terminal/Terminal/ViewModels/MainViewModel.cs(743,24): warning CS1998: This async method lacks 'await' operators and will run synchronously. Consider using the 'await' operator to await non-blocking API calls, or 'await Task.Run(...)' to do CPU-bound work on a background thread. [/Users/jangminho/development/checkout/terminal/Terminal/Terminal.csproj]
/Users/jangminho/development/checkout/terminal/Terminal/Views/MainWindow.axaml.cs(164,39): error CS0246: The type or namespace name 'AvaloniaList<>' could not be found (are you missing a using directive or an assembly reference?) [/Users/jangminho/development/checkout/terminal/Terminal/Terminal.csproj]
    11 Warning(s)
    1 Error(s)

Time Elapsed 00:00:02.66
/Users/jangminho/development/checkout/terminal/Terminal/Terminal.csproj : warning NU1903: Package 'Tmds.DBus.Protocol' 0.20.0 has a known high severity vulnerability, https://github.com/advisories/GHSA-xrw6-gwf8-vvr9
/Users/jangminho/development/checkout/terminal/Terminal/Terminal.csproj : warning NU1903: Package 'Tmds.DBus.Protocol' 0.20.0 has a known high severity vulnerability, https://github.com/advisories/GHSA-xrw6-gwf8-vvr9
/Users/jangminho/development/checkout/terminal/Terminal/Models/CartItem.cs(21,18): warning CS8826: Partial method declarations 'void CartItem.OnUnitPriceChanged(decimal value)' and 'void CartItem.OnUnitPriceChanged(decimal _)' have signature differences. [/Users/jangminho/development/checkout/terminal/Terminal/Terminal.csproj]
/Users/jangminho/development/checkout/terminal/Terminal/ViewModels/MainViewModel.cs(114,18): warning CS8826: Partial method declarations 'void MainViewModel.OnBonusPointsInputChanged(string value)' and 'void MainViewModel.OnBonusPointsInputChanged(string _)' have signature differences. [/Users/jangminho/development/checkout/terminal/Terminal/Terminal.csproj]
/Users/jangminho/development/checkout/terminal/Terminal/ViewModels/MainViewModel.cs(163,18): warning CS8826: Partial method declarations 'void MainViewModel.OnCurrentMemberChanged(LoyaltyMemberInfo? value)' and 'void MainViewModel.OnCurrentMemberChanged(LoyaltyMemberInfo? _)' have signature differences. [/Users/jangminho/development/checkout/terminal/Terminal/Terminal.csproj]
/Users/jangminho/development/checkout/terminal/Terminal/ViewModels/MainViewModel.cs(169,18): warning CS8826: Partial method declarations 'void MainViewModel.OnPointsEarnedChanged(int value)' and 'void MainViewModel.OnPointsEarnedChanged(int _)' have signature differences. [/Users/jangminho/development/checkout/terminal/Terminal/Terminal.csproj]
/Users/jangminho/development/checkout/terminal/Terminal/ViewModels/MainViewModel.cs(172,18): warning CS8826: Partial method declarations 'void MainViewModel.OnLoyaltyDiscountChanged(decimal value)' and 'void MainViewModel.OnLoyaltyDiscountChanged(decimal _)' have signature differences. [/Users/jangminho/development/checkout/terminal/Terminal/Terminal.csproj]
/Users/jangminho/development/checkout/terminal/Terminal/ViewModels/MainViewModel.cs(179,18): warning CS8826: Partial method declarations 'void MainViewModel.OnPaymentMethodChanged(string value)' and 'void MainViewModel.OnPaymentMethodChanged(string _)' have signature differences. [/Users/jangminho/development/checkout/terminal/Terminal/Terminal.csproj]
/Users/jangminho/development/checkout/terminal/Terminal/ViewModels/MainViewModel.cs(186,18): warning CS8826: Partial method declarations 'void MainViewModel.OnCashInsertedChanged(decimal value)' and 'void MainViewModel.OnCashInsertedChanged(decimal _)' have signature differences. [/Users/jangminho/development/checkout/terminal/Terminal/Terminal.csproj]
/Users/jangminho/development/checkout/terminal/Terminal/Views/MainWindow.axaml.cs(164,39): error CS0246: The type or namespace name 'AvaloniaList<>' could not be found (are you missing a using directive or an assembly reference?) [/Users/jangminho/development/checkout/terminal/Terminal/Terminal.csproj]
/Users/jangminho/development/checkout/terminal/Terminal/ViewModels/MainViewModel.cs(405,53): error CS0103: The name 'input' does not exist in the current context [/Users/jangminho/development/checkout/terminal/Terminal/Terminal.csproj]
/Users/jangminho/development/checkout/terminal/Terminal/ViewModels/MainViewModel.cs(445,53): error CS0103: The name 'input' does not exist in the current context [/Users/jangminho/development/checkout/terminal/Terminal/Terminal.csproj]
/Users/jangminho/development/checkout/terminal/Terminal/ViewModels/MainViewModel.cs(537,24): warning CS1998: This async method lacks 'await' operators and will run synchronously. Consider using the 'await' operator to await non-blocking API calls, or 'await Task.Run(...)' to do CPU-bound work on a background thread. [/Users/jangminho/development/checkout/terminal/Terminal/Terminal.csproj]
/Users/jangminho/development/checkout/terminal/Terminal/ViewModels/MainViewModel.cs(744,24): warning CS1998: This async method lacks 'await' operators and will run synchronously. Consider using the 'await' operator to await non-blocking API calls, or 'await Task.Run(...)' to do CPU-bound work on a background thread. [/Users/jangminho/development/checkout/terminal/Terminal/Terminal.csproj]

Build FAILED.

/Users/jangminho/development/checkout/terminal/Terminal/Terminal.csproj : warning NU1903: Package 'Tmds.DBus.Protocol' 0.20.0 has a known high severity vulnerability, https://github.com/advisories/GHSA-xrw6-gwf8-vvr9
/Users/jangminho/development/checkout/terminal/Terminal/Terminal.csproj : warning NU1903: Package 'Tmds.DBus.Protocol' 0.20.0 has a known high severity vulnerability, https://github.com/advisories/GHSA-xrw6-gwf8-vvr9
/Users/jangminho/development/checkout/terminal/Terminal/Models/CartItem.cs(21,18): warning CS8826: Partial method declarations 'void CartItem.OnUnitPriceChanged(decimal value)' and 'void CartItem.OnUnitPriceChanged(decimal _)' have signature differences. [/Users/jangminho/development/checkout/terminal/Terminal/Terminal.csproj]
/Users/jangminho/development/checkout/terminal/Terminal/ViewModels/MainViewModel.cs(114,18): warning CS8826: Partial method declarations 'void MainViewModel.OnBonusPointsInputChanged(string value)' and 'void MainViewModel.OnBonusPointsInputChanged(string _)' have signature differences. [/Users/jangminho/development/checkout/terminal/Terminal/Terminal.csproj]
/Users/jangminho/development/checkout/terminal/Terminal/ViewModels/MainViewModel.cs(163,18): warning CS8826: Partial method declarations 'void MainViewModel.OnCurrentMemberChanged(LoyaltyMemberInfo? value)' and 'void MainViewModel.OnCurrentMemberChanged(LoyaltyMemberInfo? _)' have signature differences. [/Users/jangminho/development/checkout/terminal/Terminal/Terminal.csproj]
/Users/jangminho/development/checkout/terminal/Terminal/ViewModels/MainViewModel.cs(169,18): warning CS8826: Partial method declarations 'void MainViewModel.OnPointsEarnedChanged(int value)' and 'void MainViewModel.OnPointsEarnedChanged(int _)' have signature differences. [/Users/jangminho/development/checkout/terminal/Terminal/Terminal.csproj]
/Users/jangminho/development/checkout/terminal/Terminal/ViewModels/MainViewModel.cs(172,18): warning CS8826: Partial method declarations 'void MainViewModel.OnLoyaltyDiscountChanged(decimal value)' and 'void MainViewModel.OnLoyaltyDiscountChanged(decimal _)' have signature differences. [/Users/jangminho/development/checkout/terminal/Terminal/Terminal.csproj]
/Users/jangminho/development/checkout/terminal/Terminal/ViewModels/MainViewModel.cs(179,18): warning CS8826: Partial method declarations 'void MainViewModel.OnPaymentMethodChanged(string value)' and 'void MainViewModel.OnPaymentMethodChanged(string _)' have signature differences. [/Users/jangminho/development/checkout/terminal/Terminal/Terminal.csproj]
/Users/jangminho/development/checkout/terminal/Terminal/ViewModels/MainViewModel.cs(186,18): warning CS8826: Partial method declarations 'void MainViewModel.OnCashInsertedChanged(decimal value)' and 'void MainViewModel.OnCashInsertedChanged(decimal _)' have signature differences. [/Users/jangminho/development/checkout/terminal/Terminal/Terminal.csproj]
/Users/jangminho/development/checkout/terminal/Terminal/ViewModels/MainViewModel.cs(537,24): warning CS1998: This async method lacks 'await' operators and will run synchronously. Consider using the 'await' operator to await non-blocking API calls, or 'await Task.Run(...)' to do CPU-bound work on a background thread. [/Users/jangminho/development/checkout/terminal/Terminal/Terminal.csproj]
/Users/jangminho/development/checkout/terminal/Terminal/ViewModels/MainViewModel.cs(744,24): warning CS1998: This async method lacks 'await' operators and will run synchronously. Consider using the 'await' operator to await non-blocking API calls, or 'await Task.Run(...)' to do CPU-bound work on a background thread. [/Users/jangminho/development/checkout/terminal/Terminal/Terminal.csproj]
/Users/jangminho/development/checkout/terminal/Terminal/Views/MainWindow.axaml.cs(164,39): error CS0246: The type or namespace name 'AvaloniaList<>' could not be found (are you missing a using directive or an assembly reference?) [/Users/jangminho/development/checkout/terminal/Terminal/Terminal.csproj]
/Users/jangminho/development/checkout/terminal/Terminal/ViewModels/MainViewModel.cs(405,53): error CS0103: The name 'input' does not exist in the current context [/Users/jangminho/development/checkout/terminal/Terminal/Terminal.csproj]
/Users/jangminho/development/checkout/terminal/Terminal/ViewModels/MainViewModel.cs(445,53): error CS0103: The name 'input' does not exist in the current context [/Users/jangminho/development/checkout/terminal/Terminal/Terminal.csproj]
    11 Warning(s)
    3 Error(s)

Time Elapsed 00:00:02.30
/Users/jangminho/development/checkout/terminal/Terminal/Terminal.csproj : warning NU1903: Package 'Tmds.DBus.Protocol' 0.20.0 has a known high severity vulnerability, https://github.com/advisories/GHSA-xrw6-gwf8-vvr9
/Users/jangminho/development/checkout/terminal/Terminal/Terminal.csproj : warning NU1903: Package 'Tmds.DBus.Protocol' 0.20.0 has a known high severity vulnerability, https://github.com/advisories/GHSA-xrw6-gwf8-vvr9
/Users/jangminho/development/checkout/terminal/Terminal/Models/CartItem.cs(21,18): warning CS8826: Partial method declarations 'void CartItem.OnUnitPriceChanged(decimal value)' and 'void CartItem.OnUnitPriceChanged(decimal _)' have signature differences. [/Users/jangminho/development/checkout/terminal/Terminal/Terminal.csproj]
/Users/jangminho/development/checkout/terminal/Terminal/ViewModels/MainViewModel.cs(114,18): warning CS8826: Partial method declarations 'void MainViewModel.OnBonusPointsInputChanged(string value)' and 'void MainViewModel.OnBonusPointsInputChanged(string _)' have signature differences. [/Users/jangminho/development/checkout/terminal/Terminal/Terminal.csproj]
/Users/jangminho/development/checkout/terminal/Terminal/ViewModels/MainViewModel.cs(163,18): warning CS8826: Partial method declarations 'void MainViewModel.OnCurrentMemberChanged(LoyaltyMemberInfo? value)' and 'void MainViewModel.OnCurrentMemberChanged(LoyaltyMemberInfo? _)' have signature differences. [/Users/jangminho/development/checkout/terminal/Terminal/Terminal.csproj]
/Users/jangminho/development/checkout/terminal/Terminal/ViewModels/MainViewModel.cs(169,18): warning CS8826: Partial method declarations 'void MainViewModel.OnPointsEarnedChanged(int value)' and 'void MainViewModel.OnPointsEarnedChanged(int _)' have signature differences. [/Users/jangminho/development/checkout/terminal/Terminal/Terminal.csproj]
/Users/jangminho/development/checkout/terminal/Terminal/ViewModels/MainViewModel.cs(172,18): warning CS8826: Partial method declarations 'void MainViewModel.OnLoyaltyDiscountChanged(decimal value)' and 'void MainViewModel.OnLoyaltyDiscountChanged(decimal _)' have signature differences. [/Users/jangminho/development/checkout/terminal/Terminal/Terminal.csproj]
/Users/jangminho/development/checkout/terminal/Terminal/ViewModels/MainViewModel.cs(179,18): warning CS8826: Partial method declarations 'void MainViewModel.OnPaymentMethodChanged(string value)' and 'void MainViewModel.OnPaymentMethodChanged(string _)' have signature differences. [/Users/jangminho/development/checkout/terminal/Terminal/Terminal.csproj]
/Users/jangminho/development/checkout/terminal/Terminal/ViewModels/MainViewModel.cs(186,18): warning CS8826: Partial method declarations 'void MainViewModel.OnCashInsertedChanged(decimal value)' and 'void MainViewModel.OnCashInsertedChanged(decimal _)' have signature differences. [/Users/jangminho/development/checkout/terminal/Terminal/Terminal.csproj]
/Users/jangminho/development/checkout/terminal/Terminal/Views/MainWindow.axaml.cs(164,39): error CS0246: The type or namespace name 'AvaloniaList<>' could not be found (are you missing a using directive or an assembly reference?) [/Users/jangminho/development/checkout/terminal/Terminal/Terminal.csproj]
/Users/jangminho/development/checkout/terminal/Terminal/ViewModels/MainViewModel.cs(537,24): warning CS1998: This async method lacks 'await' operators and will run synchronously. Consider using the 'await' operator to await non-blocking API calls, or 'await Task.Run(...)' to do CPU-bound work on a background thread. [/Users/jangminho/development/checkout/terminal/Terminal/Terminal.csproj]
/Users/jangminho/development/checkout/terminal/Terminal/ViewModels/MainViewModel.cs(744,24): warning CS1998: This async method lacks 'await' operators and will run synchronously. Consider using the 'await' operator to await non-blocking API calls, or 'await Task.Run(...)' to do CPU-bound work on a background thread. [/Users/jangminho/development/checkout/terminal/Terminal/Terminal.csproj]

Build FAILED.

/Users/jangminho/development/checkout/terminal/Terminal/Terminal.csproj : warning NU1903: Package 'Tmds.DBus.Protocol' 0.20.0 has a known high severity vulnerability, https://github.com/advisories/GHSA-xrw6-gwf8-vvr9
/Users/jangminho/development/checkout/terminal/Terminal/Terminal.csproj : warning NU1903: Package 'Tmds.DBus.Protocol' 0.20.0 has a known high severity vulnerability, https://github.com/advisories/GHSA-xrw6-gwf8-vvr9
/Users/jangminho/development/checkout/terminal/Terminal/Models/CartItem.cs(21,18): warning CS8826: Partial method declarations 'void CartItem.OnUnitPriceChanged(decimal value)' and 'void CartItem.OnUnitPriceChanged(decimal _)' have signature differences. [/Users/jangminho/development/checkout/terminal/Terminal/Terminal.csproj]
/Users/jangminho/development/checkout/terminal/Terminal/ViewModels/MainViewModel.cs(114,18): warning CS8826: Partial method declarations 'void MainViewModel.OnBonusPointsInputChanged(string value)' and 'void MainViewModel.OnBonusPointsInputChanged(string _)' have signature differences. [/Users/jangminho/development/checkout/terminal/Terminal/Terminal.csproj]
/Users/jangminho/development/checkout/terminal/Terminal/ViewModels/MainViewModel.cs(163,18): warning CS8826: Partial method declarations 'void MainViewModel.OnCurrentMemberChanged(LoyaltyMemberInfo? value)' and 'void MainViewModel.OnCurrentMemberChanged(LoyaltyMemberInfo? _)' have signature differences. [/Users/jangminho/development/checkout/terminal/Terminal/Terminal.csproj]
/Users/jangminho/development/checkout/terminal/Terminal/ViewModels/MainViewModel.cs(169,18): warning CS8826: Partial method declarations 'void MainViewModel.OnPointsEarnedChanged(int value)' and 'void MainViewModel.OnPointsEarnedChanged(int _)' have signature differences. [/Users/jangminho/development/checkout/terminal/Terminal/Terminal.csproj]
/Users/jangminho/development/checkout/terminal/Terminal/ViewModels/MainViewModel.cs(172,18): warning CS8826: Partial method declarations 'void MainViewModel.OnLoyaltyDiscountChanged(decimal value)' and 'void MainViewModel.OnLoyaltyDiscountChanged(decimal _)' have signature differences. [/Users/jangminho/development/checkout/terminal/Terminal/Terminal.csproj]
/Users/jangminho/development/checkout/terminal/Terminal/ViewModels/MainViewModel.cs(179,18): warning CS8826: Partial method declarations 'void MainViewModel.OnPaymentMethodChanged(string value)' and 'void MainViewModel.OnPaymentMethodChanged(string _)' have signature differences. [/Users/jangminho/development/checkout/terminal/Terminal/Terminal.csproj]
/Users/jangminho/development/checkout/terminal/Terminal/ViewModels/MainViewModel.cs(186,18): warning CS8826: Partial method declarations 'void MainViewModel.OnCashInsertedChanged(decimal value)' and 'void MainViewModel.OnCashInsertedChanged(decimal _)' have signature differences. [/Users/jangminho/development/checkout/terminal/Terminal/Terminal.csproj]
/Users/jangminho/development/checkout/terminal/Terminal/ViewModels/MainViewModel.cs(537,24): warning CS1998: This async method lacks 'await' operators and will run synchronously. Consider using the 'await' operator to await non-blocking API calls, or 'await Task.Run(...)' to do CPU-bound work on a background thread. [/Users/jangminho/development/checkout/terminal/Terminal/Terminal.csproj]
/Users/jangminho/development/checkout/terminal/Terminal/ViewModels/MainViewModel.cs(744,24): warning CS1998: This async method lacks 'await' operators and will run synchronously. Consider using the 'await' operator to await non-blocking API calls, or 'await Task.Run(...)' to do CPU-bound work on a background thread. [/Users/jangminho/development/checkout/terminal/Terminal/Terminal.csproj]
/Users/jangminho/development/checkout/terminal/Terminal/Views/MainWindow.axaml.cs(164,39): error CS0246: The type or namespace name 'AvaloniaList<>' could not be found (are you missing a using directive or an assembly reference?) [/Users/jangminho/development/checkout/terminal/Terminal/Terminal.csproj]
    11 Warning(s)
    1 Error(s)

Time Elapsed 00:00:02.25
/Users/jangminho/development/checkout/terminal/Terminal/Terminal.csproj : warning NU1903: Package 'Tmds.DBus.Protocol' 0.20.0 has a known high severity vulnerability, https://github.com/advisories/GHSA-xrw6-gwf8-vvr9
/Users/jangminho/development/checkout/terminal/Terminal/Terminal.csproj : warning NU1903: Package 'Tmds.DBus.Protocol' 0.20.0 has a known high severity vulnerability, https://github.com/advisories/GHSA-xrw6-gwf8-vvr9
/Users/jangminho/development/checkout/terminal/Terminal/Models/CartItem.cs(21,18): warning CS8826: Partial method declarations 'void CartItem.OnUnitPriceChanged(decimal value)' and 'void CartItem.OnUnitPriceChanged(decimal _)' have signature differences. [/Users/jangminho/development/checkout/terminal/Terminal/Terminal.csproj]
/Users/jangminho/development/checkout/terminal/Terminal/ViewModels/MainViewModel.cs(114,18): warning CS8826: Partial method declarations 'void MainViewModel.OnBonusPointsInputChanged(string value)' and 'void MainViewModel.OnBonusPointsInputChanged(string _)' have signature differences. [/Users/jangminho/development/checkout/terminal/Terminal/Terminal.csproj]
/Users/jangminho/development/checkout/terminal/Terminal/ViewModels/MainViewModel.cs(163,18): warning CS8826: Partial method declarations 'void MainViewModel.OnCurrentMemberChanged(LoyaltyMemberInfo? value)' and 'void MainViewModel.OnCurrentMemberChanged(LoyaltyMemberInfo? _)' have signature differences. [/Users/jangminho/development/checkout/terminal/Terminal/Terminal.csproj]
/Users/jangminho/development/checkout/terminal/Terminal/ViewModels/MainViewModel.cs(169,18): warning CS8826: Partial method declarations 'void MainViewModel.OnPointsEarnedChanged(int value)' and 'void MainViewModel.OnPointsEarnedChanged(int _)' have signature differences. [/Users/jangminho/development/checkout/terminal/Terminal/Terminal.csproj]
/Users/jangminho/development/checkout/terminal/Terminal/ViewModels/MainViewModel.cs(172,18): warning CS8826: Partial method declarations 'void MainViewModel.OnLoyaltyDiscountChanged(decimal value)' and 'void MainViewModel.OnLoyaltyDiscountChanged(decimal _)' have signature differences. [/Users/jangminho/development/checkout/terminal/Terminal/Terminal.csproj]
/Users/jangminho/development/checkout/terminal/Terminal/ViewModels/MainViewModel.cs(179,18): warning CS8826: Partial method declarations 'void MainViewModel.OnPaymentMethodChanged(string value)' and 'void MainViewModel.OnPaymentMethodChanged(string _)' have signature differences. [/Users/jangminho/development/checkout/terminal/Terminal/Terminal.csproj]
/Users/jangminho/development/checkout/terminal/Terminal/ViewModels/MainViewModel.cs(186,18): warning CS8826: Partial method declarations 'void MainViewModel.OnCashInsertedChanged(decimal value)' and 'void MainViewModel.OnCashInsertedChanged(decimal _)' have signature differences. [/Users/jangminho/development/checkout/terminal/Terminal/Terminal.csproj]
/Users/jangminho/development/checkout/terminal/Terminal/Views/MainWindow.axaml.cs(164,39): error CS0246: The type or namespace name 'AvaloniaList<>' could not be found (are you missing a using directive or an assembly reference?) [/Users/jangminho/development/checkout/terminal/Terminal/Terminal.csproj]
/Users/jangminho/development/checkout/terminal/Terminal/ViewModels/MainViewModel.cs(548,24): warning CS1998: This async method lacks 'await' operators and will run synchronously. Consider using the 'await' operator to await non-blocking API calls, or 'await Task.Run(...)' to do CPU-bound work on a background thread. [/Users/jangminho/development/checkout/terminal/Terminal/Terminal.csproj]
/Users/jangminho/development/checkout/terminal/Terminal/ViewModels/MainViewModel.cs(755,24): warning CS1998: This async method lacks 'await' operators and will run synchronously. Consider using the 'await' operator to await non-blocking API calls, or 'await Task.Run(...)' to do CPU-bound work on a background thread. [/Users/jangminho/development/checkout/terminal/Terminal/Terminal.csproj]

Build FAILED.

/Users/jangminho/development/checkout/terminal/Terminal/Terminal.csproj : warning NU1903: Package 'Tmds.DBus.Protocol' 0.20.0 has a known high severity vulnerability, https://github.com/advisories/GHSA-xrw6-gwf8-vvr9
/Users/jangminho/development/checkout/terminal/Terminal/Terminal.csproj : warning NU1903: Package 'Tmds.DBus.Protocol' 0.20.0 has a known high severity vulnerability, https://github.com/advisories/GHSA-xrw6-gwf8-vvr9
/Users/jangminho/development/checkout/terminal/Terminal/Models/CartItem.cs(21,18): warning CS8826: Partial method declarations 'void CartItem.OnUnitPriceChanged(decimal value)' and 'void CartItem.OnUnitPriceChanged(decimal _)' have signature differences. [/Users/jangminho/development/checkout/terminal/Terminal/Terminal.csproj]
/Users/jangminho/development/checkout/terminal/Terminal/ViewModels/MainViewModel.cs(114,18): warning CS8826: Partial method declarations 'void MainViewModel.OnBonusPointsInputChanged(string value)' and 'void MainViewModel.OnBonusPointsInputChanged(string _)' have signature differences. [/Users/jangminho/development/checkout/terminal/Terminal/Terminal.csproj]
/Users/jangminho/development/checkout/terminal/Terminal/ViewModels/MainViewModel.cs(163,18): warning CS8826: Partial method declarations 'void MainViewModel.OnCurrentMemberChanged(LoyaltyMemberInfo? value)' and 'void MainViewModel.OnCurrentMemberChanged(LoyaltyMemberInfo? _)' have signature differences. [/Users/jangminho/development/checkout/terminal/Terminal/Terminal.csproj]
/Users/jangminho/development/checkout/terminal/Terminal/ViewModels/MainViewModel.cs(169,18): warning CS8826: Partial method declarations 'void MainViewModel.OnPointsEarnedChanged(int value)' and 'void MainViewModel.OnPointsEarnedChanged(int _)' have signature differences. [/Users/jangminho/development/checkout/terminal/Terminal/Terminal.csproj]
/Users/jangminho/development/checkout/terminal/Terminal/ViewModels/MainViewModel.cs(172,18): warning CS8826: Partial method declarations 'void MainViewModel.OnLoyaltyDiscountChanged(decimal value)' and 'void MainViewModel.OnLoyaltyDiscountChanged(decimal _)' have signature differences. [/Users/jangminho/development/checkout/terminal/Terminal/Terminal.csproj]
/Users/jangminho/development/checkout/terminal/Terminal/ViewModels/MainViewModel.cs(179,18): warning CS8826: Partial method declarations 'void MainViewModel.OnPaymentMethodChanged(string value)' and 'void MainViewModel.OnPaymentMethodChanged(string _)' have signature differences. [/Users/jangminho/development/checkout/terminal/Terminal/Terminal.csproj]
/Users/jangminho/development/checkout/terminal/Terminal/ViewModels/MainViewModel.cs(186,18): warning CS8826: Partial method declarations 'void MainViewModel.OnCashInsertedChanged(decimal value)' and 'void MainViewModel.OnCashInsertedChanged(decimal _)' have signature differences. [/Users/jangminho/development/checkout/terminal/Terminal/Terminal.csproj]
/Users/jangminho/development/checkout/terminal/Terminal/ViewModels/MainViewModel.cs(548,24): warning CS1998: This async method lacks 'await' operators and will run synchronously. Consider using the 'await' operator to await non-blocking API calls, or 'await Task.Run(...)' to do CPU-bound work on a background thread. [/Users/jangminho/development/checkout/terminal/Terminal/Terminal.csproj]
/Users/jangminho/development/checkout/terminal/Terminal/ViewModels/MainViewModel.cs(755,24): warning CS1998: This async method lacks 'await' operators and will run synchronously. Consider using the 'await' operator to await non-blocking API calls, or 'await Task.Run(...)' to do CPU-bound work on a background thread. [/Users/jangminho/development/checkout/terminal/Terminal/Terminal.csproj]
/Users/jangminho/development/checkout/terminal/Terminal/Views/MainWindow.axaml.cs(164,39): error CS0246: The type or namespace name 'AvaloniaList<>' could not be found (are you missing a using directive or an assembly reference?) [/Users/jangminho/development/checkout/terminal/Terminal/Terminal.csproj]
    11 Warning(s)
    1 Error(s)

Time Elapsed 00:00:02.78
/Users/jangminho/development/checkout/terminal/Terminal/Terminal.csproj : warning NU1903: Package 'Tmds.DBus.Protocol' 0.20.0 has a known high severity vulnerability, https://github.com/advisories/GHSA-xrw6-gwf8-vvr9
/Users/jangminho/development/checkout/terminal/Terminal/Terminal.csproj : warning NU1903: Package 'Tmds.DBus.Protocol' 0.20.0 has a known high severity vulnerability, https://github.com/advisories/GHSA-xrw6-gwf8-vvr9

Build FAILED.

/Users/jangminho/development/checkout/terminal/Terminal/Terminal.csproj : warning NU1903: Package 'Tmds.DBus.Protocol' 0.20.0 has a known high severity vulnerability, https://github.com/advisories/GHSA-xrw6-gwf8-vvr9
/Users/jangminho/development/checkout/terminal/Terminal/Terminal.csproj : warning NU1903: Package 'Tmds.DBus.Protocol' 0.20.0 has a known high severity vulnerability, https://github.com/advisories/GHSA-xrw6-gwf8-vvr9
    2 Warning(s)
    0 Error(s)

Time Elapsed 00:00:00.83
/Users/jangminho/development/checkout/terminal/Terminal/Terminal.csproj : warning NU1903: Package 'Tmds.DBus.Protocol' 0.20.0 has a known high severity vulnerability, https://github.com/advisories/GHSA-xrw6-gwf8-vvr9
/Users/jangminho/development/checkout/terminal/Terminal/Terminal.csproj : warning NU1903: Package 'Tmds.DBus.Protocol' 0.20.0 has a known high severity vulnerability, https://github.com/advisories/GHSA-xrw6-gwf8-vvr9
/Users/jangminho/development/checkout/terminal/Terminal/Models/CartItem.cs(21,18): warning CS8826: Partial method declarations 'void CartItem.OnUnitPriceChanged(decimal value)' and 'void CartItem.OnUnitPriceChanged(decimal _)' have signature differences. [/Users/jangminho/development/checkout/terminal/Terminal/Terminal.csproj]
/Users/jangminho/development/checkout/terminal/Terminal/ViewModels/MainViewModel.cs(114,18): warning CS8826: Partial method declarations 'void MainViewModel.OnBonusPointsInputChanged(string value)' and 'void MainViewModel.OnBonusPointsInputChanged(string _)' have signature differences. [/Users/jangminho/development/checkout/terminal/Terminal/Terminal.csproj]
/Users/jangminho/development/checkout/terminal/Terminal/ViewModels/MainViewModel.cs(163,18): warning CS8826: Partial method declarations 'void MainViewModel.OnCurrentMemberChanged(LoyaltyMemberInfo? value)' and 'void MainViewModel.OnCurrentMemberChanged(LoyaltyMemberInfo? _)' have signature differences. [/Users/jangminho/development/checkout/terminal/Terminal/Terminal.csproj]
/Users/jangminho/development/checkout/terminal/Terminal/ViewModels/MainViewModel.cs(169,18): warning CS8826: Partial method declarations 'void MainViewModel.OnPointsEarnedChanged(int value)' and 'void MainViewModel.OnPointsEarnedChanged(int _)' have signature differences. [/Users/jangminho/development/checkout/terminal/Terminal/Terminal.csproj]
/Users/jangminho/development/checkout/terminal/Terminal/ViewModels/MainViewModel.cs(172,18): warning CS8826: Partial method declarations 'void MainViewModel.OnLoyaltyDiscountChanged(decimal value)' and 'void MainViewModel.OnLoyaltyDiscountChanged(decimal _)' have signature differences. [/Users/jangminho/development/checkout/terminal/Terminal/Terminal.csproj]
/Users/jangminho/development/checkout/terminal/Terminal/ViewModels/MainViewModel.cs(179,18): warning CS8826: Partial method declarations 'void MainViewModel.OnPaymentMethodChanged(string value)' and 'void MainViewModel.OnPaymentMethodChanged(string _)' have signature differences. [/Users/jangminho/development/checkout/terminal/Terminal/Terminal.csproj]
/Users/jangminho/development/checkout/terminal/Terminal/ViewModels/MainViewModel.cs(186,18): warning CS8826: Partial method declarations 'void MainViewModel.OnCashInsertedChanged(decimal value)' and 'void MainViewModel.OnCashInsertedChanged(decimal _)' have signature differences. [/Users/jangminho/development/checkout/terminal/Terminal/Terminal.csproj]
/Users/jangminho/development/checkout/terminal/Terminal/Views/MainWindow.axaml.cs(164,39): error CS0246: The type or namespace name 'AvaloniaList<>' could not be found (are you missing a using directive or an assembly reference?) [/Users/jangminho/development/checkout/terminal/Terminal/Terminal.csproj]
/Users/jangminho/development/checkout/terminal/Terminal/ViewModels/MainViewModel.cs(537,24): warning CS1998: This async method lacks 'await' operators and will run synchronously. Consider using the 'await' operator to await non-blocking API calls, or 'await Task.Run(...)' to do CPU-bound work on a background thread. [/Users/jangminho/development/checkout/terminal/Terminal/Terminal.csproj]
/Users/jangminho/development/checkout/terminal/Terminal/ViewModels/MainViewModel.cs(744,24): warning CS1998: This async method lacks 'await' operators and will run synchronously. Consider using the 'await' operator to await non-blocking API calls, or 'await Task.Run(...)' to do CPU-bound work on a background thread. [/Users/jangminho/development/checkout/terminal/Terminal/Terminal.csproj]

Build FAILED.

/Users/jangminho/development/checkout/terminal/Terminal/Terminal.csproj : warning NU1903: Package 'Tmds.DBus.Protocol' 0.20.0 has a known high severity vulnerability, https://github.com/advisories/GHSA-xrw6-gwf8-vvr9
/Users/jangminho/development/checkout/terminal/Terminal/Terminal.csproj : warning NU1903: Package 'Tmds.DBus.Protocol' 0.20.0 has a known high severity vulnerability, https://github.com/advisories/GHSA-xrw6-gwf8-vvr9
/Users/jangminho/development/checkout/terminal/Terminal/Models/CartItem.cs(21,18): warning CS8826: Partial method declarations 'void CartItem.OnUnitPriceChanged(decimal value)' and 'void CartItem.OnUnitPriceChanged(decimal _)' have signature differences. [/Users/jangminho/development/checkout/terminal/Terminal/Terminal.csproj]
/Users/jangminho/development/checkout/terminal/Terminal/ViewModels/MainViewModel.cs(114,18): warning CS8826: Partial method declarations 'void MainViewModel.OnBonusPointsInputChanged(string value)' and 'void MainViewModel.OnBonusPointsInputChanged(string _)' have signature differences. [/Users/jangminho/development/checkout/terminal/Terminal/Terminal.csproj]
/Users/jangminho/development/checkout/terminal/Terminal/ViewModels/MainViewModel.cs(163,18): warning CS8826: Partial method declarations 'void MainViewModel.OnCurrentMemberChanged(LoyaltyMemberInfo? value)' and 'void MainViewModel.OnCurrentMemberChanged(LoyaltyMemberInfo? _)' have signature differences. [/Users/jangminho/development/checkout/terminal/Terminal/Terminal.csproj]
/Users/jangminho/development/checkout/terminal/Terminal/ViewModels/MainViewModel.cs(169,18): warning CS8826: Partial method declarations 'void MainViewModel.OnPointsEarnedChanged(int value)' and 'void MainViewModel.OnPointsEarnedChanged(int _)' have signature differences. [/Users/jangminho/development/checkout/terminal/Terminal/Terminal.csproj]
/Users/jangminho/development/checkout/terminal/Terminal/ViewModels/MainViewModel.cs(172,18): warning CS8826: Partial method declarations 'void MainViewModel.OnLoyaltyDiscountChanged(decimal value)' and 'void MainViewModel.OnLoyaltyDiscountChanged(decimal _)' have signature differences. [/Users/jangminho/development/checkout/terminal/Terminal/Terminal.csproj]
/Users/jangminho/development/checkout/terminal/Terminal/ViewModels/MainViewModel.cs(179,18): warning CS8826: Partial method declarations 'void MainViewModel.OnPaymentMethodChanged(string value)' and 'void MainViewModel.OnPaymentMethodChanged(string _)' have signature differences. [/Users/jangminho/development/checkout/terminal/Terminal/Terminal.csproj]
/Users/jangminho/development/checkout/terminal/Terminal/ViewModels/MainViewModel.cs(186,18): warning CS8826: Partial method declarations 'void MainViewModel.OnCashInsertedChanged(decimal value)' and 'void MainViewModel.OnCashInsertedChanged(decimal _)' have signature differences. [/Users/jangminho/development/checkout/terminal/Terminal/Terminal.csproj]
/Users/jangminho/development/checkout/terminal/Terminal/ViewModels/MainViewModel.cs(537,24): warning CS1998: This async method lacks 'await' operators and will run synchronously. Consider using the 'await' operator to await non-blocking API calls, or 'await Task.Run(...)' to do CPU-bound work on a background thread. [/Users/jangminho/development/checkout/terminal/Terminal/Terminal.csproj]
/Users/jangminho/development/checkout/terminal/Terminal/ViewModels/MainViewModel.cs(744,24): warning CS1998: This async method lacks 'await' operators and will run synchronously. Consider using the 'await' operator to await non-blocking API calls, or 'await Task.Run(...)' to do CPU-bound work on a background thread. [/Users/jangminho/development/checkout/terminal/Terminal/Terminal.csproj]
/Users/jangminho/development/checkout/terminal/Terminal/Views/MainWindow.axaml.cs(164,39): error CS0246: The type or namespace name 'AvaloniaList<>' could not be found (are you missing a using directive or an assembly reference?) [/Users/jangminho/development/checkout/terminal/Terminal/Terminal.csproj]
    11 Warning(s)
    1 Error(s)

Time Elapsed 00:00:02.78
/Users/jangminho/development/checkout/terminal/Terminal/Terminal.csproj : warning NU1903: Package 'Tmds.DBus.Protocol' 0.20.0 has a known high severity vulnerability, https://github.com/advisories/GHSA-xrw6-gwf8-vvr9
/Users/jangminho/development/checkout/terminal/Terminal/Terminal.csproj : warning NU1903: Package 'Tmds.DBus.Protocol' 0.20.0 has a known high severity vulnerability, https://github.com/advisories/GHSA-xrw6-gwf8-vvr9
/Users/jangminho/development/checkout/terminal/Terminal/Models/CartItem.cs(21,18): warning CS8826: Partial method declarations 'void CartItem.OnUnitPriceChanged(decimal value)' and 'void CartItem.OnUnitPriceChanged(decimal _)' have signature differences. [/Users/jangminho/development/checkout/terminal/Terminal/Terminal.csproj]
/Users/jangminho/development/checkout/terminal/Terminal/ViewModels/MainViewModel.cs(114,18): warning CS8826: Partial method declarations 'void MainViewModel.OnBonusPointsInputChanged(string value)' and 'void MainViewModel.OnBonusPointsInputChanged(string _)' have signature differences. [/Users/jangminho/development/checkout/terminal/Terminal/Terminal.csproj]
/Users/jangminho/development/checkout/terminal/Terminal/ViewModels/MainViewModel.cs(163,18): warning CS8826: Partial method declarations 'void MainViewModel.OnCurrentMemberChanged(LoyaltyMemberInfo? value)' and 'void MainViewModel.OnCurrentMemberChanged(LoyaltyMemberInfo? _)' have signature differences. [/Users/jangminho/development/checkout/terminal/Terminal/Terminal.csproj]
/Users/jangminho/development/checkout/terminal/Terminal/ViewModels/MainViewModel.cs(169,18): warning CS8826: Partial method declarations 'void MainViewModel.OnPointsEarnedChanged(int value)' and 'void MainViewModel.OnPointsEarnedChanged(int _)' have signature differences. [/Users/jangminho/development/checkout/terminal/Terminal/Terminal.csproj]
/Users/jangminho/development/checkout/terminal/Terminal/ViewModels/MainViewModel.cs(172,18): warning CS8826: Partial method declarations 'void MainViewModel.OnLoyaltyDiscountChanged(decimal value)' and 'void MainViewModel.OnLoyaltyDiscountChanged(decimal _)' have signature differences. [/Users/jangminho/development/checkout/terminal/Terminal/Terminal.csproj]
/Users/jangminho/development/checkout/terminal/Terminal/ViewModels/MainViewModel.cs(179,18): warning CS8826: Partial method declarations 'void MainViewModel.OnPaymentMethodChanged(string value)' and 'void MainViewModel.OnPaymentMethodChanged(string _)' have signature differences. [/Users/jangminho/development/checkout/terminal/Terminal/Terminal.csproj]
/Users/jangminho/development/checkout/terminal/Terminal/ViewModels/MainViewModel.cs(186,18): warning CS8826: Partial method declarations 'void MainViewModel.OnCashInsertedChanged(decimal value)' and 'void MainViewModel.OnCashInsertedChanged(decimal _)' have signature differences. [/Users/jangminho/development/checkout/terminal/Terminal/Terminal.csproj]
/Users/jangminho/development/checkout/terminal/Terminal/ViewModels/MainViewModel.cs(537,24): warning CS1998: This async method lacks 'await' operators and will run synchronously. Consider using the 'await' operator to await non-blocking API calls, or 'await Task.Run(...)' to do CPU-bound work on a background thread. [/Users/jangminho/development/checkout/terminal/Terminal/Terminal.csproj]
/Users/jangminho/development/checkout/terminal/Terminal/ViewModels/MainViewModel.cs(744,24): warning CS1998: This async method lacks 'await' operators and will run synchronously. Consider using the 'await' operator to await non-blocking API calls, or 'await Task.Run(...)' to do CPU-bound work on a background thread. [/Users/jangminho/development/checkout/terminal/Terminal/Terminal.csproj]

Build succeeded.

/Users/jangminho/development/checkout/terminal/Terminal/Terminal.csproj : warning NU1903: Package 'Tmds.DBus.Protocol' 0.20.0 has a known high severity vulnerability, https://github.com/advisories/GHSA-xrw6-gwf8-vvr9
/Users/jangminho/development/checkout/terminal/Terminal/Terminal.csproj : warning NU1903: Package 'Tmds.DBus.Protocol' 0.20.0 has a known high severity vulnerability, https://github.com/advisories/GHSA-xrw6-gwf8-vvr9
/Users/jangminho/development/checkout/terminal/Terminal/Models/CartItem.cs(21,18): warning CS8826: Partial method declarations 'void CartItem.OnUnitPriceChanged(decimal value)' and 'void CartItem.OnUnitPriceChanged(decimal _)' have signature differences. [/Users/jangminho/development/checkout/terminal/Terminal/Terminal.csproj]
/Users/jangminho/development/checkout/terminal/Terminal/ViewModels/MainViewModel.cs(114,18): warning CS8826: Partial method declarations 'void MainViewModel.OnBonusPointsInputChanged(string value)' and 'void MainViewModel.OnBonusPointsInputChanged(string _)' have signature differences. [/Users/jangminho/development/checkout/terminal/Terminal/Terminal.csproj]
/Users/jangminho/development/checkout/terminal/Terminal/ViewModels/MainViewModel.cs(163,18): warning CS8826: Partial method declarations 'void MainViewModel.OnCurrentMemberChanged(LoyaltyMemberInfo? value)' and 'void MainViewModel.OnCurrentMemberChanged(LoyaltyMemberInfo? _)' have signature differences. [/Users/jangminho/development/checkout/terminal/Terminal/Terminal.csproj]
/Users/jangminho/development/checkout/terminal/Terminal/ViewModels/MainViewModel.cs(169,18): warning CS8826: Partial method declarations 'void MainViewModel.OnPointsEarnedChanged(int value)' and 'void MainViewModel.OnPointsEarnedChanged(int _)' have signature differences. [/Users/jangminho/development/checkout/terminal/Terminal/Terminal.csproj]
/Users/jangminho/development/checkout/terminal/Terminal/ViewModels/MainViewModel.cs(172,18): warning CS8826: Partial method declarations 'void MainViewModel.OnLoyaltyDiscountChanged(decimal value)' and 'void MainViewModel.OnLoyaltyDiscountChanged(decimal _)' have signature differences. [/Users/jangminho/development/checkout/terminal/Terminal/Terminal.csproj]
/Users/jangminho/development/checkout/terminal/Terminal/ViewModels/MainViewModel.cs(179,18): warning CS8826: Partial method declarations 'void MainViewModel.OnPaymentMethodChanged(string value)' and 'void MainViewModel.OnPaymentMethodChanged(string _)' have signature differences. [/Users/jangminho/development/checkout/terminal/Terminal/Terminal.csproj]
/Users/jangminho/development/checkout/terminal/Terminal/ViewModels/MainViewModel.cs(186,18): warning CS8826: Partial method declarations 'void MainViewModel.OnCashInsertedChanged(decimal value)' and 'void MainViewModel.OnCashInsertedChanged(decimal _)' have signature differences. [/Users/jangminho/development/checkout/terminal/Terminal/Terminal.csproj]
/Users/jangminho/development/checkout/terminal/Terminal/ViewModels/MainViewModel.cs(537,24): warning CS1998: This async method lacks 'await' operators and will run synchronously. Consider using the 'await' operator to await non-blocking API calls, or 'await Task.Run(...)' to do CPU-bound work on a background thread. [/Users/jangminho/development/checkout/terminal/Terminal/Terminal.csproj]
/Users/jangminho/development/checkout/terminal/Terminal/ViewModels/MainViewModel.cs(744,24): warning CS1998: This async method lacks 'await' operators and will run synchronously. Consider using the 'await' operator to await non-blocking API calls, or 'await Task.Run(...)' to do CPU-bound work on a background thread. [/Users/jangminho/development/checkout/terminal/Terminal/Terminal.csproj]
    11 Warning(s)
    0 Error(s)

Time Elapsed 00:00:03.82
/Users/jangminho/development/checkout/terminal/Terminal/Terminal.csproj : warning NU1903: Package 'Tmds.DBus.Protocol' 0.20.0 has a known high severity vulnerability, https://github.com/advisories/GHSA-xrw6-gwf8-vvr9
/Users/jangminho/development/checkout/terminal/Terminal/Terminal.csproj : warning NU1903: Package 'Tmds.DBus.Protocol' 0.20.0 has a known high severity vulnerability, https://github.com/advisories/GHSA-xrw6-gwf8-vvr9
/Users/jangminho/development/checkout/terminal/Terminal/Models/CartItem.cs(21,18): warning CS8826: Partial method declarations 'void CartItem.OnUnitPriceChanged(decimal value)' and 'void CartItem.OnUnitPriceChanged(decimal _)' have signature differences. [/Users/jangminho/development/checkout/terminal/Terminal/Terminal.csproj]
/Users/jangminho/development/checkout/terminal/Terminal/ViewModels/MainViewModel.cs(114,18): warning CS8826: Partial method declarations 'void MainViewModel.OnBonusPointsInputChanged(string value)' and 'void MainViewModel.OnBonusPointsInputChanged(string _)' have signature differences. [/Users/jangminho/development/checkout/terminal/Terminal/Terminal.csproj]
/Users/jangminho/development/checkout/terminal/Terminal/ViewModels/MainViewModel.cs(163,18): warning CS8826: Partial method declarations 'void MainViewModel.OnCurrentMemberChanged(LoyaltyMemberInfo? value)' and 'void MainViewModel.OnCurrentMemberChanged(LoyaltyMemberInfo? _)' have signature differences. [/Users/jangminho/development/checkout/terminal/Terminal/Terminal.csproj]
/Users/jangminho/development/checkout/terminal/Terminal/ViewModels/MainViewModel.cs(169,18): warning CS8826: Partial method declarations 'void MainViewModel.OnPointsEarnedChanged(int value)' and 'void MainViewModel.OnPointsEarnedChanged(int _)' have signature differences. [/Users/jangminho/development/checkout/terminal/Terminal/Terminal.csproj]
/Users/jangminho/development/checkout/terminal/Terminal/ViewModels/MainViewModel.cs(172,18): warning CS8826: Partial method declarations 'void MainViewModel.OnLoyaltyDiscountChanged(decimal value)' and 'void MainViewModel.OnLoyaltyDiscountChanged(decimal _)' have signature differences. [/Users/jangminho/development/checkout/terminal/Terminal/Terminal.csproj]
/Users/jangminho/development/checkout/terminal/Terminal/ViewModels/MainViewModel.cs(179,18): warning CS8826: Partial method declarations 'void MainViewModel.OnPaymentMethodChanged(string value)' and 'void MainViewModel.OnPaymentMethodChanged(string _)' have signature differences. [/Users/jangminho/development/checkout/terminal/Terminal/Terminal.csproj]
/Users/jangminho/development/checkout/terminal/Terminal/ViewModels/MainViewModel.cs(186,18): warning CS8826: Partial method declarations 'void MainViewModel.OnCashInsertedChanged(decimal value)' and 'void MainViewModel.OnCashInsertedChanged(decimal _)' have signature differences. [/Users/jangminho/development/checkout/terminal/Terminal/Terminal.csproj]
/Users/jangminho/development/checkout/terminal/Terminal/ViewModels/MainViewModel.cs(533,24): warning CS1998: This async method lacks 'await' operators and will run synchronously. Consider using the 'await' operator to await non-blocking API calls, or 'await Task.Run(...)' to do CPU-bound work on a background thread. [/Users/jangminho/development/checkout/terminal/Terminal/Terminal.csproj]
/Users/jangminho/development/checkout/terminal/Terminal/ViewModels/MainViewModel.cs(740,24): warning CS1998: This async method lacks 'await' operators and will run synchronously. Consider using the 'await' operator to await non-blocking API calls, or 'await Task.Run(...)' to do CPU-bound work on a background thread. [/Users/jangminho/development/checkout/terminal/Terminal/Terminal.csproj]

Build succeeded.

/Users/jangminho/development/checkout/terminal/Terminal/Terminal.csproj : warning NU1903: Package 'Tmds.DBus.Protocol' 0.20.0 has a known high severity vulnerability, https://github.com/advisories/GHSA-xrw6-gwf8-vvr9
/Users/jangminho/development/checkout/terminal/Terminal/Terminal.csproj : warning NU1903: Package 'Tmds.DBus.Protocol' 0.20.0 has a known high severity vulnerability, https://github.com/advisories/GHSA-xrw6-gwf8-vvr9
/Users/jangminho/development/checkout/terminal/Terminal/Models/CartItem.cs(21,18): warning CS8826: Partial method declarations 'void CartItem.OnUnitPriceChanged(decimal value)' and 'void CartItem.OnUnitPriceChanged(decimal _)' have signature differences. [/Users/jangminho/development/checkout/terminal/Terminal/Terminal.csproj]
/Users/jangminho/development/checkout/terminal/Terminal/ViewModels/MainViewModel.cs(114,18): warning CS8826: Partial method declarations 'void MainViewModel.OnBonusPointsInputChanged(string value)' and 'void MainViewModel.OnBonusPointsInputChanged(string _)' have signature differences. [/Users/jangminho/development/checkout/terminal/Terminal/Terminal.csproj]
/Users/jangminho/development/checkout/terminal/Terminal/ViewModels/MainViewModel.cs(163,18): warning CS8826: Partial method declarations 'void MainViewModel.OnCurrentMemberChanged(LoyaltyMemberInfo? value)' and 'void MainViewModel.OnCurrentMemberChanged(LoyaltyMemberInfo? _)' have signature differences. [/Users/jangminho/development/checkout/terminal/Terminal/Terminal.csproj]
/Users/jangminho/development/checkout/terminal/Terminal/ViewModels/MainViewModel.cs(169,18): warning CS8826: Partial method declarations 'void MainViewModel.OnPointsEarnedChanged(int value)' and 'void MainViewModel.OnPointsEarnedChanged(int _)' have signature differences. [/Users/jangminho/development/checkout/terminal/Terminal/Terminal.csproj]
/Users/jangminho/development/checkout/terminal/Terminal/ViewModels/MainViewModel.cs(172,18): warning CS8826: Partial method declarations 'void MainViewModel.OnLoyaltyDiscountChanged(decimal value)' and 'void MainViewModel.OnLoyaltyDiscountChanged(decimal _)' have signature differences. [/Users/jangminho/development/checkout/terminal/Terminal/Terminal.csproj]
/Users/jangminho/development/checkout/terminal/Terminal/ViewModels/MainViewModel.cs(179,18): warning CS8826: Partial method declarations 'void MainViewModel.OnPaymentMethodChanged(string value)' and 'void MainViewModel.OnPaymentMethodChanged(string _)' have signature differences. [/Users/jangminho/development/checkout/terminal/Terminal/Terminal.csproj]
/Users/jangminho/development/checkout/terminal/Terminal/ViewModels/MainViewModel.cs(186,18): warning CS8826: Partial method declarations 'void MainViewModel.OnCashInsertedChanged(decimal value)' and 'void MainViewModel.OnCashInsertedChanged(decimal _)' have signature differences. [/Users/jangminho/development/checkout/terminal/Terminal/Terminal.csproj]
/Users/jangminho/development/checkout/terminal/Terminal/ViewModels/MainViewModel.cs(533,24): warning CS1998: This async method lacks 'await' operators and will run synchronously. Consider using the 'await' operator to await non-blocking API calls, or 'await Task.Run(...)' to do CPU-bound work on a background thread. [/Users/jangminho/development/checkout/terminal/Terminal/Terminal.csproj]
/Users/jangminho/development/checkout/terminal/Terminal/ViewModels/MainViewModel.cs(740,24): warning CS1998: This async method lacks 'await' operators and will run synchronously. Consider using the 'await' operator to await non-blocking API calls, or 'await Task.Run(...)' to do CPU-bound work on a background thread. [/Users/jangminho/development/checkout/terminal/Terminal/Terminal.csproj]
    11 Warning(s)
    0 Error(s)

Time Elapsed 00:00:03.88
/Users/jangminho/development/checkout/terminal/Terminal/Terminal.csproj : warning NU1903: Package 'Tmds.DBus.Protocol' 0.20.0 has a known high severity vulnerability, https://github.com/advisories/GHSA-xrw6-gwf8-vvr9
/Users/jangminho/development/checkout/terminal/Terminal/Terminal.csproj : warning NU1903: Package 'Tmds.DBus.Protocol' 0.20.0 has a known high severity vulnerability, https://github.com/advisories/GHSA-xrw6-gwf8-vvr9
/Users/jangminho/development/checkout/terminal/Terminal/Models/CartItem.cs(21,18): warning CS8826: Partial method declarations 'void CartItem.OnUnitPriceChanged(decimal value)' and 'void CartItem.OnUnitPriceChanged(decimal _)' have signature differences. [/Users/jangminho/development/checkout/terminal/Terminal/Terminal.csproj]
/Users/jangminho/development/checkout/terminal/Terminal/ViewModels/MainViewModel.cs(114,18): warning CS8826: Partial method declarations 'void MainViewModel.OnBonusPointsInputChanged(string value)' and 'void MainViewModel.OnBonusPointsInputChanged(string _)' have signature differences. [/Users/jangminho/development/checkout/terminal/Terminal/Terminal.csproj]
/Users/jangminho/development/checkout/terminal/Terminal/ViewModels/MainViewModel.cs(166,18): warning CS8826: Partial method declarations 'void MainViewModel.OnCurrentMemberChanged(LoyaltyMemberInfo? value)' and 'void MainViewModel.OnCurrentMemberChanged(LoyaltyMemberInfo? _)' have signature differences. [/Users/jangminho/development/checkout/terminal/Terminal/Terminal.csproj]
/Users/jangminho/development/checkout/terminal/Terminal/ViewModels/MainViewModel.cs(172,18): warning CS8826: Partial method declarations 'void MainViewModel.OnPointsEarnedChanged(int value)' and 'void MainViewModel.OnPointsEarnedChanged(int _)' have signature differences. [/Users/jangminho/development/checkout/terminal/Terminal/Terminal.csproj]
/Users/jangminho/development/checkout/terminal/Terminal/ViewModels/MainViewModel.cs(175,18): warning CS8826: Partial method declarations 'void MainViewModel.OnLoyaltyDiscountChanged(decimal value)' and 'void MainViewModel.OnLoyaltyDiscountChanged(decimal _)' have signature differences. [/Users/jangminho/development/checkout/terminal/Terminal/Terminal.csproj]
/Users/jangminho/development/checkout/terminal/Terminal/ViewModels/MainViewModel.cs(182,18): warning CS8826: Partial method declarations 'void MainViewModel.OnPaymentMethodChanged(string value)' and 'void MainViewModel.OnPaymentMethodChanged(string _)' have signature differences. [/Users/jangminho/development/checkout/terminal/Terminal/Terminal.csproj]
/Users/jangminho/development/checkout/terminal/Terminal/ViewModels/MainViewModel.cs(189,18): warning CS8826: Partial method declarations 'void MainViewModel.OnCashInsertedChanged(decimal value)' and 'void MainViewModel.OnCashInsertedChanged(decimal _)' have signature differences. [/Users/jangminho/development/checkout/terminal/Terminal/Terminal.csproj]
/Users/jangminho/development/checkout/terminal/Terminal/ViewModels/MainViewModel.cs(541,24): warning CS1998: This async method lacks 'await' operators and will run synchronously. Consider using the 'await' operator to await non-blocking API calls, or 'await Task.Run(...)' to do CPU-bound work on a background thread. [/Users/jangminho/development/checkout/terminal/Terminal/Terminal.csproj]
/Users/jangminho/development/checkout/terminal/Terminal/ViewModels/MainViewModel.cs(748,24): warning CS1998: This async method lacks 'await' operators and will run synchronously. Consider using the 'await' operator to await non-blocking API calls, or 'await Task.Run(...)' to do CPU-bound work on a background thread. [/Users/jangminho/development/checkout/terminal/Terminal/Terminal.csproj]

Build succeeded.

/Users/jangminho/development/checkout/terminal/Terminal/Terminal.csproj : warning NU1903: Package 'Tmds.DBus.Protocol' 0.20.0 has a known high severity vulnerability, https://github.com/advisories/GHSA-xrw6-gwf8-vvr9
/Users/jangminho/development/checkout/terminal/Terminal/Terminal.csproj : warning NU1903: Package 'Tmds.DBus.Protocol' 0.20.0 has a known high severity vulnerability, https://github.com/advisories/GHSA-xrw6-gwf8-vvr9
/Users/jangminho/development/checkout/terminal/Terminal/Models/CartItem.cs(21,18): warning CS8826: Partial method declarations 'void CartItem.OnUnitPriceChanged(decimal value)' and 'void CartItem.OnUnitPriceChanged(decimal _)' have signature differences. [/Users/jangminho/development/checkout/terminal/Terminal/Terminal.csproj]
/Users/jangminho/development/checkout/terminal/Terminal/ViewModels/MainViewModel.cs(114,18): warning CS8826: Partial method declarations 'void MainViewModel.OnBonusPointsInputChanged(string value)' and 'void MainViewModel.OnBonusPointsInputChanged(string _)' have signature differences. [/Users/jangminho/development/checkout/terminal/Terminal/Terminal.csproj]
/Users/jangminho/development/checkout/terminal/Terminal/ViewModels/MainViewModel.cs(166,18): warning CS8826: Partial method declarations 'void MainViewModel.OnCurrentMemberChanged(LoyaltyMemberInfo? value)' and 'void MainViewModel.OnCurrentMemberChanged(LoyaltyMemberInfo? _)' have signature differences. [/Users/jangminho/development/checkout/terminal/Terminal/Terminal.csproj]
/Users/jangminho/development/checkout/terminal/Terminal/ViewModels/MainViewModel.cs(172,18): warning CS8826: Partial method declarations 'void MainViewModel.OnPointsEarnedChanged(int value)' and 'void MainViewModel.OnPointsEarnedChanged(int _)' have signature differences. [/Users/jangminho/development/checkout/terminal/Terminal/Terminal.csproj]
/Users/jangminho/development/checkout/terminal/Terminal/ViewModels/MainViewModel.cs(175,18): warning CS8826: Partial method declarations 'void MainViewModel.OnLoyaltyDiscountChanged(decimal value)' and 'void MainViewModel.OnLoyaltyDiscountChanged(decimal _)' have signature differences. [/Users/jangminho/development/checkout/terminal/Terminal/Terminal.csproj]
/Users/jangminho/development/checkout/terminal/Terminal/ViewModels/MainViewModel.cs(182,18): warning CS8826: Partial method declarations 'void MainViewModel.OnPaymentMethodChanged(string value)' and 'void MainViewModel.OnPaymentMethodChanged(string _)' have signature differences. [/Users/jangminho/development/checkout/terminal/Terminal/Terminal.csproj]
/Users/jangminho/development/checkout/terminal/Terminal/ViewModels/MainViewModel.cs(189,18): warning CS8826: Partial method declarations 'void MainViewModel.OnCashInsertedChanged(decimal value)' and 'void MainViewModel.OnCashInsertedChanged(decimal _)' have signature differences. [/Users/jangminho/development/checkout/terminal/Terminal/Terminal.csproj]
/Users/jangminho/development/checkout/terminal/Terminal/ViewModels/MainViewModel.cs(541,24): warning CS1998: This async method lacks 'await' operators and will run synchronously. Consider using the 'await' operator to await non-blocking API calls, or 'await Task.Run(...)' to do CPU-bound work on a background thread. [/Users/jangminho/development/checkout/terminal/Terminal/Terminal.csproj]
/Users/jangminho/development/checkout/terminal/Terminal/ViewModels/MainViewModel.cs(748,24): warning CS1998: This async method lacks 'await' operators and will run synchronously. Consider using the 'await' operator to await non-blocking API calls, or 'await Task.Run(...)' to do CPU-bound work on a background thread. [/Users/jangminho/development/checkout/terminal/Terminal/Terminal.csproj]
    11 Warning(s)
    0 Error(s)

Time Elapsed 00:00:04.03
/Users/jangminho/development/checkout/terminal/Terminal/Terminal.csproj : warning NU1903: Package 'Tmds.DBus.Protocol' 0.20.0 has a known high severity vulnerability, https://github.com/advisories/GHSA-xrw6-gwf8-vvr9
/Users/jangminho/development/checkout/terminal/Terminal/Terminal.csproj : warning NU1903: Package 'Tmds.DBus.Protocol' 0.20.0 has a known high severity vulnerability, https://github.com/advisories/GHSA-xrw6-gwf8-vvr9

Build succeeded.

/Users/jangminho/development/checkout/terminal/Terminal/Terminal.csproj : warning NU1903: Package 'Tmds.DBus.Protocol' 0.20.0 has a known high severity vulnerability, https://github.com/advisories/GHSA-xrw6-gwf8-vvr9
/Users/jangminho/development/checkout/terminal/Terminal/Terminal.csproj : warning NU1903: Package 'Tmds.DBus.Protocol' 0.20.0 has a known high severity vulnerability, https://github.com/advisories/GHSA-xrw6-gwf8-vvr9
    2 Warning(s)
    0 Error(s)

Time Elapsed 00:00:00.68
/Users/jangminho/development/checkout/terminal/Terminal/Terminal.csproj : warning NU1903: Package 'Tmds.DBus.Protocol' 0.20.0 has a known high severity vulnerability, https://github.com/advisories/GHSA-xrw6-gwf8-vvr9
/Users/jangminho/development/checkout/terminal/Terminal/Terminal.csproj : warning NU1903: Package 'Tmds.DBus.Protocol' 0.20.0 has a known high severity vulnerability, https://github.com/advisories/GHSA-xrw6-gwf8-vvr9
/Users/jangminho/development/checkout/terminal/Terminal/Models/CartItem.cs(21,18): warning CS8826: Partial method declarations 'void CartItem.OnUnitPriceChanged(decimal value)' and 'void CartItem.OnUnitPriceChanged(decimal _)' have signature differences. [/Users/jangminho/development/checkout/terminal/Terminal/Terminal.csproj]
/Users/jangminho/development/checkout/terminal/Terminal/ViewModels/MainViewModel.cs(121,18): warning CS8826: Partial method declarations 'void MainViewModel.OnBonusPointsInputChanged(string value)' and 'void MainViewModel.OnBonusPointsInputChanged(string _)' have signature differences. [/Users/jangminho/development/checkout/terminal/Terminal/Terminal.csproj]
/Users/jangminho/development/checkout/terminal/Terminal/ViewModels/MainViewModel.cs(173,18): warning CS8826: Partial method declarations 'void MainViewModel.OnCurrentMemberChanged(LoyaltyMemberInfo? value)' and 'void MainViewModel.OnCurrentMemberChanged(LoyaltyMemberInfo? _)' have signature differences. [/Users/jangminho/development/checkout/terminal/Terminal/Terminal.csproj]
/Users/jangminho/development/checkout/terminal/Terminal/ViewModels/MainViewModel.cs(179,18): warning CS8826: Partial method declarations 'void MainViewModel.OnPointsEarnedChanged(int value)' and 'void MainViewModel.OnPointsEarnedChanged(int _)' have signature differences. [/Users/jangminho/development/checkout/terminal/Terminal/Terminal.csproj]
/Users/jangminho/development/checkout/terminal/Terminal/ViewModels/MainViewModel.cs(182,18): warning CS8826: Partial method declarations 'void MainViewModel.OnLoyaltyDiscountChanged(decimal value)' and 'void MainViewModel.OnLoyaltyDiscountChanged(decimal _)' have signature differences. [/Users/jangminho/development/checkout/terminal/Terminal/Terminal.csproj]
/Users/jangminho/development/checkout/terminal/Terminal/ViewModels/MainViewModel.cs(189,18): warning CS8826: Partial method declarations 'void MainViewModel.OnPaymentMethodChanged(string value)' and 'void MainViewModel.OnPaymentMethodChanged(string _)' have signature differences. [/Users/jangminho/development/checkout/terminal/Terminal/Terminal.csproj]
/Users/jangminho/development/checkout/terminal/Terminal/ViewModels/MainViewModel.cs(196,18): warning CS8826: Partial method declarations 'void MainViewModel.OnCashInsertedChanged(decimal value)' and 'void MainViewModel.OnCashInsertedChanged(decimal _)' have signature differences. [/Users/jangminho/development/checkout/terminal/Terminal/Terminal.csproj]
/Users/jangminho/development/checkout/terminal/Terminal/ViewModels/MainViewModel.cs(572,24): warning CS1998: This async method lacks 'await' operators and will run synchronously. Consider using the 'await' operator to await non-blocking API calls, or 'await Task.Run(...)' to do CPU-bound work on a background thread. [/Users/jangminho/development/checkout/terminal/Terminal/Terminal.csproj]
/Users/jangminho/development/checkout/terminal/Terminal/ViewModels/MainViewModel.cs(785,24): warning CS1998: This async method lacks 'await' operators and will run synchronously. Consider using the 'await' operator to await non-blocking API calls, or 'await Task.Run(...)' to do CPU-bound work on a background thread. [/Users/jangminho/development/checkout/terminal/Terminal/Terminal.csproj]

Build succeeded.

/Users/jangminho/development/checkout/terminal/Terminal/Terminal.csproj : warning NU1903: Package 'Tmds.DBus.Protocol' 0.20.0 has a known high severity vulnerability, https://github.com/advisories/GHSA-xrw6-gwf8-vvr9
/Users/jangminho/development/checkout/terminal/Terminal/Terminal.csproj : warning NU1903: Package 'Tmds.DBus.Protocol' 0.20.0 has a known high severity vulnerability, https://github.com/advisories/GHSA-xrw6-gwf8-vvr9
/Users/jangminho/development/checkout/terminal/Terminal/Models/CartItem.cs(21,18): warning CS8826: Partial method declarations 'void CartItem.OnUnitPriceChanged(decimal value)' and 'void CartItem.OnUnitPriceChanged(decimal _)' have signature differences. [/Users/jangminho/development/checkout/terminal/Terminal/Terminal.csproj]
/Users/jangminho/development/checkout/terminal/Terminal/ViewModels/MainViewModel.cs(121,18): warning CS8826: Partial method declarations 'void MainViewModel.OnBonusPointsInputChanged(string value)' and 'void MainViewModel.OnBonusPointsInputChanged(string _)' have signature differences. [/Users/jangminho/development/checkout/terminal/Terminal/Terminal.csproj]
/Users/jangminho/development/checkout/terminal/Terminal/ViewModels/MainViewModel.cs(173,18): warning CS8826: Partial method declarations 'void MainViewModel.OnCurrentMemberChanged(LoyaltyMemberInfo? value)' and 'void MainViewModel.OnCurrentMemberChanged(LoyaltyMemberInfo? _)' have signature differences. [/Users/jangminho/development/checkout/terminal/Terminal/Terminal.csproj]
/Users/jangminho/development/checkout/terminal/Terminal/ViewModels/MainViewModel.cs(179,18): warning CS8826: Partial method declarations 'void MainViewModel.OnPointsEarnedChanged(int value)' and 'void MainViewModel.OnPointsEarnedChanged(int _)' have signature differences. [/Users/jangminho/development/checkout/terminal/Terminal/Terminal.csproj]
/Users/jangminho/development/checkout/terminal/Terminal/ViewModels/MainViewModel.cs(182,18): warning CS8826: Partial method declarations 'void MainViewModel.OnLoyaltyDiscountChanged(decimal value)' and 'void MainViewModel.OnLoyaltyDiscountChanged(decimal _)' have signature differences. [/Users/jangminho/development/checkout/terminal/Terminal/Terminal.csproj]
/Users/jangminho/development/checkout/terminal/Terminal/ViewModels/MainViewModel.cs(189,18): warning CS8826: Partial method declarations 'void MainViewModel.OnPaymentMethodChanged(string value)' and 'void MainViewModel.OnPaymentMethodChanged(string _)' have signature differences. [/Users/jangminho/development/checkout/terminal/Terminal/Terminal.csproj]
/Users/jangminho/development/checkout/terminal/Terminal/ViewModels/MainViewModel.cs(196,18): warning CS8826: Partial method declarations 'void MainViewModel.OnCashInsertedChanged(decimal value)' and 'void MainViewModel.OnCashInsertedChanged(decimal _)' have signature differences. [/Users/jangminho/development/checkout/terminal/Terminal/Terminal.csproj]
/Users/jangminho/development/checkout/terminal/Terminal/ViewModels/MainViewModel.cs(572,24): warning CS1998: This async method lacks 'await' operators and will run synchronously. Consider using the 'await' operator to await non-blocking API calls, or 'await Task.Run(...)' to do CPU-bound work on a background thread. [/Users/jangminho/development/checkout/terminal/Terminal/Terminal.csproj]
/Users/jangminho/development/checkout/terminal/Terminal/ViewModels/MainViewModel.cs(785,24): warning CS1998: This async method lacks 'await' operators and will run synchronously. Consider using the 'await' operator to await non-blocking API calls, or 'await Task.Run(...)' to do CPU-bound work on a background thread. [/Users/jangminho/development/checkout/terminal/Terminal/Terminal.csproj]
    11 Warning(s)
    0 Error(s)

Time Elapsed 00:00:04.52
/Users/jangminho/development/checkout/terminal/Terminal/Terminal.csproj : warning NU1903: Package 'Tmds.DBus.Protocol' 0.20.0 has a known high severity vulnerability, https://github.com/advisories/GHSA-xrw6-gwf8-vvr9
/Users/jangminho/development/checkout/terminal/Terminal/Terminal.csproj : warning NU1903: Package 'Tmds.DBus.Protocol' 0.20.0 has a known high severity vulnerability, https://github.com/advisories/GHSA-xrw6-gwf8-vvr9
/Users/jangminho/development/checkout/terminal/Terminal/Models/CartItem.cs(21,18): warning CS8826: Partial method declarations 'void CartItem.OnUnitPriceChanged(decimal value)' and 'void CartItem.OnUnitPriceChanged(decimal _)' have signature differences. [/Users/jangminho/development/checkout/terminal/Terminal/Terminal.csproj]
/Users/jangminho/development/checkout/terminal/Terminal/ViewModels/MainViewModel.cs(121,18): warning CS8826: Partial method declarations 'void MainViewModel.OnBonusPointsInputChanged(string value)' and 'void MainViewModel.OnBonusPointsInputChanged(string _)' have signature differences. [/Users/jangminho/development/checkout/terminal/Terminal/Terminal.csproj]
/Users/jangminho/development/checkout/terminal/Terminal/ViewModels/MainViewModel.cs(173,18): warning CS8826: Partial method declarations 'void MainViewModel.OnCurrentMemberChanged(LoyaltyMemberInfo? value)' and 'void MainViewModel.OnCurrentMemberChanged(LoyaltyMemberInfo? _)' have signature differences. [/Users/jangminho/development/checkout/terminal/Terminal/Terminal.csproj]
/Users/jangminho/development/checkout/terminal/Terminal/ViewModels/MainViewModel.cs(179,18): warning CS8826: Partial method declarations 'void MainViewModel.OnPointsEarnedChanged(int value)' and 'void MainViewModel.OnPointsEarnedChanged(int _)' have signature differences. [/Users/jangminho/development/checkout/terminal/Terminal/Terminal.csproj]
/Users/jangminho/development/checkout/terminal/Terminal/ViewModels/MainViewModel.cs(182,18): warning CS8826: Partial method declarations 'void MainViewModel.OnLoyaltyDiscountChanged(decimal value)' and 'void MainViewModel.OnLoyaltyDiscountChanged(decimal _)' have signature differences. [/Users/jangminho/development/checkout/terminal/Terminal/Terminal.csproj]
/Users/jangminho/development/checkout/terminal/Terminal/ViewModels/MainViewModel.cs(189,18): warning CS8826: Partial method declarations 'void MainViewModel.OnPaymentMethodChanged(string value)' and 'void MainViewModel.OnPaymentMethodChanged(string _)' have signature differences. [/Users/jangminho/development/checkout/terminal/Terminal/Terminal.csproj]
/Users/jangminho/development/checkout/terminal/Terminal/ViewModels/MainViewModel.cs(196,18): warning CS8826: Partial method declarations 'void MainViewModel.OnCashInsertedChanged(decimal value)' and 'void MainViewModel.OnCashInsertedChanged(decimal _)' have signature differences. [/Users/jangminho/development/checkout/terminal/Terminal/Terminal.csproj]
/Users/jangminho/development/checkout/terminal/Terminal/ViewModels/MainViewModel.cs(572,24): warning CS1998: This async method lacks 'await' operators and will run synchronously. Consider using the 'await' operator to await non-blocking API calls, or 'await Task.Run(...)' to do CPU-bound work on a background thread. [/Users/jangminho/development/checkout/terminal/Terminal/Terminal.csproj]
/Users/jangminho/development/checkout/terminal/Terminal/ViewModels/MainViewModel.cs(785,24): warning CS1998: This async method lacks 'await' operators and will run synchronously. Consider using the 'await' operator to await non-blocking API calls, or 'await Task.Run(...)' to do CPU-bound work on a background thread. [/Users/jangminho/development/checkout/terminal/Terminal/Terminal.csproj]

Build succeeded.

/Users/jangminho/development/checkout/terminal/Terminal/Terminal.csproj : warning NU1903: Package 'Tmds.DBus.Protocol' 0.20.0 has a known high severity vulnerability, https://github.com/advisories/GHSA-xrw6-gwf8-vvr9
/Users/jangminho/development/checkout/terminal/Terminal/Terminal.csproj : warning NU1903: Package 'Tmds.DBus.Protocol' 0.20.0 has a known high severity vulnerability, https://github.com/advisories/GHSA-xrw6-gwf8-vvr9
/Users/jangminho/development/checkout/terminal/Terminal/Models/CartItem.cs(21,18): warning CS8826: Partial method declarations 'void CartItem.OnUnitPriceChanged(decimal value)' and 'void CartItem.OnUnitPriceChanged(decimal _)' have signature differences. [/Users/jangminho/development/checkout/terminal/Terminal/Terminal.csproj]
/Users/jangminho/development/checkout/terminal/Terminal/ViewModels/MainViewModel.cs(121,18): warning CS8826: Partial method declarations 'void MainViewModel.OnBonusPointsInputChanged(string value)' and 'void MainViewModel.OnBonusPointsInputChanged(string _)' have signature differences. [/Users/jangminho/development/checkout/terminal/Terminal/Terminal.csproj]
/Users/jangminho/development/checkout/terminal/Terminal/ViewModels/MainViewModel.cs(173,18): warning CS8826: Partial method declarations 'void MainViewModel.OnCurrentMemberChanged(LoyaltyMemberInfo? value)' and 'void MainViewModel.OnCurrentMemberChanged(LoyaltyMemberInfo? _)' have signature differences. [/Users/jangminho/development/checkout/terminal/Terminal/Terminal.csproj]
/Users/jangminho/development/checkout/terminal/Terminal/ViewModels/MainViewModel.cs(179,18): warning CS8826: Partial method declarations 'void MainViewModel.OnPointsEarnedChanged(int value)' and 'void MainViewModel.OnPointsEarnedChanged(int _)' have signature differences. [/Users/jangminho/development/checkout/terminal/Terminal/Terminal.csproj]
/Users/jangminho/development/checkout/terminal/Terminal/ViewModels/MainViewModel.cs(182,18): warning CS8826: Partial method declarations 'void MainViewModel.OnLoyaltyDiscountChanged(decimal value)' and 'void MainViewModel.OnLoyaltyDiscountChanged(decimal _)' have signature differences. [/Users/jangminho/development/checkout/terminal/Terminal/Terminal.csproj]
/Users/jangminho/development/checkout/terminal/Terminal/ViewModels/MainViewModel.cs(189,18): warning CS8826: Partial method declarations 'void MainViewModel.OnPaymentMethodChanged(string value)' and 'void MainViewModel.OnPaymentMethodChanged(string _)' have signature differences. [/Users/jangminho/development/checkout/terminal/Terminal/Terminal.csproj]
/Users/jangminho/development/checkout/terminal/Terminal/ViewModels/MainViewModel.cs(196,18): warning CS8826: Partial method declarations 'void MainViewModel.OnCashInsertedChanged(decimal value)' and 'void MainViewModel.OnCashInsertedChanged(decimal _)' have signature differences. [/Users/jangminho/development/checkout/terminal/Terminal/Terminal.csproj]
/Users/jangminho/development/checkout/terminal/Terminal/ViewModels/MainViewModel.cs(572,24): warning CS1998: This async method lacks 'await' operators and will run synchronously. Consider using the 'await' operator to await non-blocking API calls, or 'await Task.Run(...)' to do CPU-bound work on a background thread. [/Users/jangminho/development/checkout/terminal/Terminal/Terminal.csproj]
/Users/jangminho/development/checkout/terminal/Terminal/ViewModels/MainViewModel.cs(785,24): warning CS1998: This async method lacks 'await' operators and will run synchronously. Consider using the 'await' operator to await non-blocking API calls, or 'await Task.Run(...)' to do CPU-bound work on a background thread. [/Users/jangminho/development/checkout/terminal/Terminal/Terminal.csproj]
    11 Warning(s)
    0 Error(s)

Time Elapsed 00:00:03.76
/Users/jangminho/development/checkout/terminal/Terminal/Terminal.csproj : warning NU1903: Package 'Tmds.DBus.Protocol' 0.20.0 has a known high severity vulnerability, https://github.com/advisories/GHSA-xrw6-gwf8-vvr9
/Users/jangminho/development/checkout/terminal/Terminal/Terminal.csproj : warning NU1903: Package 'Tmds.DBus.Protocol' 0.20.0 has a known high severity vulnerability, https://github.com/advisories/GHSA-xrw6-gwf8-vvr9
/Users/jangminho/development/checkout/terminal/Terminal/Models/CartItem.cs(21,18): warning CS8826: Partial method declarations 'void CartItem.OnUnitPriceChanged(decimal value)' and 'void CartItem.OnUnitPriceChanged(decimal _)' have signature differences. [/Users/jangminho/development/checkout/terminal/Terminal/Terminal.csproj]
/Users/jangminho/development/checkout/terminal/Terminal/ViewModels/MainViewModel.cs(122,18): warning CS8826: Partial method declarations 'void MainViewModel.OnBonusPointsInputChanged(string value)' and 'void MainViewModel.OnBonusPointsInputChanged(string _)' have signature differences. [/Users/jangminho/development/checkout/terminal/Terminal/Terminal.csproj]
/Users/jangminho/development/checkout/terminal/Terminal/ViewModels/MainViewModel.cs(174,18): warning CS8826: Partial method declarations 'void MainViewModel.OnCurrentMemberChanged(LoyaltyMemberInfo? value)' and 'void MainViewModel.OnCurrentMemberChanged(LoyaltyMemberInfo? _)' have signature differences. [/Users/jangminho/development/checkout/terminal/Terminal/Terminal.csproj]
/Users/jangminho/development/checkout/terminal/Terminal/ViewModels/MainViewModel.cs(180,18): warning CS8826: Partial method declarations 'void MainViewModel.OnPointsEarnedChanged(int value)' and 'void MainViewModel.OnPointsEarnedChanged(int _)' have signature differences. [/Users/jangminho/development/checkout/terminal/Terminal/Terminal.csproj]
/Users/jangminho/development/checkout/terminal/Terminal/ViewModels/MainViewModel.cs(183,18): warning CS8826: Partial method declarations 'void MainViewModel.OnLoyaltyDiscountChanged(decimal value)' and 'void MainViewModel.OnLoyaltyDiscountChanged(decimal _)' have signature differences. [/Users/jangminho/development/checkout/terminal/Terminal/Terminal.csproj]
/Users/jangminho/development/checkout/terminal/Terminal/ViewModels/MainViewModel.cs(190,18): warning CS8826: Partial method declarations 'void MainViewModel.OnPaymentMethodChanged(string value)' and 'void MainViewModel.OnPaymentMethodChanged(string _)' have signature differences. [/Users/jangminho/development/checkout/terminal/Terminal/Terminal.csproj]
/Users/jangminho/development/checkout/terminal/Terminal/ViewModels/MainViewModel.cs(197,18): warning CS8826: Partial method declarations 'void MainViewModel.OnCashInsertedChanged(decimal value)' and 'void MainViewModel.OnCashInsertedChanged(decimal _)' have signature differences. [/Users/jangminho/development/checkout/terminal/Terminal/Terminal.csproj]
/Users/jangminho/development/checkout/terminal/Terminal/ViewModels/MainViewModel.cs(585,24): warning CS1998: This async method lacks 'await' operators and will run synchronously. Consider using the 'await' operator to await non-blocking API calls, or 'await Task.Run(...)' to do CPU-bound work on a background thread. [/Users/jangminho/development/checkout/terminal/Terminal/Terminal.csproj]
/Users/jangminho/development/checkout/terminal/Terminal/ViewModels/MainViewModel.cs(799,24): warning CS1998: This async method lacks 'await' operators and will run synchronously. Consider using the 'await' operator to await non-blocking API calls, or 'await Task.Run(...)' to do CPU-bound work on a background thread. [/Users/jangminho/development/checkout/terminal/Terminal/Terminal.csproj]

Build succeeded.

/Users/jangminho/development/checkout/terminal/Terminal/Terminal.csproj : warning NU1903: Package 'Tmds.DBus.Protocol' 0.20.0 has a known high severity vulnerability, https://github.com/advisories/GHSA-xrw6-gwf8-vvr9
/Users/jangminho/development/checkout/terminal/Terminal/Terminal.csproj : warning NU1903: Package 'Tmds.DBus.Protocol' 0.20.0 has a known high severity vulnerability, https://github.com/advisories/GHSA-xrw6-gwf8-vvr9
/Users/jangminho/development/checkout/terminal/Terminal/Models/CartItem.cs(21,18): warning CS8826: Partial method declarations 'void CartItem.OnUnitPriceChanged(decimal value)' and 'void CartItem.OnUnitPriceChanged(decimal _)' have signature differences. [/Users/jangminho/development/checkout/terminal/Terminal/Terminal.csproj]
/Users/jangminho/development/checkout/terminal/Terminal/ViewModels/MainViewModel.cs(122,18): warning CS8826: Partial method declarations 'void MainViewModel.OnBonusPointsInputChanged(string value)' and 'void MainViewModel.OnBonusPointsInputChanged(string _)' have signature differences. [/Users/jangminho/development/checkout/terminal/Terminal/Terminal.csproj]
/Users/jangminho/development/checkout/terminal/Terminal/ViewModels/MainViewModel.cs(174,18): warning CS8826: Partial method declarations 'void MainViewModel.OnCurrentMemberChanged(LoyaltyMemberInfo? value)' and 'void MainViewModel.OnCurrentMemberChanged(LoyaltyMemberInfo? _)' have signature differences. [/Users/jangminho/development/checkout/terminal/Terminal/Terminal.csproj]
/Users/jangminho/development/checkout/terminal/Terminal/ViewModels/MainViewModel.cs(180,18): warning CS8826: Partial method declarations 'void MainViewModel.OnPointsEarnedChanged(int value)' and 'void MainViewModel.OnPointsEarnedChanged(int _)' have signature differences. [/Users/jangminho/development/checkout/terminal/Terminal/Terminal.csproj]
/Users/jangminho/development/checkout/terminal/Terminal/ViewModels/MainViewModel.cs(183,18): warning CS8826: Partial method declarations 'void MainViewModel.OnLoyaltyDiscountChanged(decimal value)' and 'void MainViewModel.OnLoyaltyDiscountChanged(decimal _)' have signature differences. [/Users/jangminho/development/checkout/terminal/Terminal/Terminal.csproj]
/Users/jangminho/development/checkout/terminal/Terminal/ViewModels/MainViewModel.cs(190,18): warning CS8826: Partial method declarations 'void MainViewModel.OnPaymentMethodChanged(string value)' and 'void MainViewModel.OnPaymentMethodChanged(string _)' have signature differences. [/Users/jangminho/development/checkout/terminal/Terminal/Terminal.csproj]
/Users/jangminho/development/checkout/terminal/Terminal/ViewModels/MainViewModel.cs(197,18): warning CS8826: Partial method declarations 'void MainViewModel.OnCashInsertedChanged(decimal value)' and 'void MainViewModel.OnCashInsertedChanged(decimal _)' have signature differences. [/Users/jangminho/development/checkout/terminal/Terminal/Terminal.csproj]
/Users/jangminho/development/checkout/terminal/Terminal/ViewModels/MainViewModel.cs(585,24): warning CS1998: This async method lacks 'await' operators and will run synchronously. Consider using the 'await' operator to await non-blocking API calls, or 'await Task.Run(...)' to do CPU-bound work on a background thread. [/Users/jangminho/development/checkout/terminal/Terminal/Terminal.csproj]
/Users/jangminho/development/checkout/terminal/Terminal/ViewModels/MainViewModel.cs(799,24): warning CS1998: This async method lacks 'await' operators and will run synchronously. Consider using the 'await' operator to await non-blocking API calls, or 'await Task.Run(...)' to do CPU-bound work on a background thread. [/Users/jangminho/development/checkout/terminal/Terminal/Terminal.csproj]
    11 Warning(s)
    0 Error(s)

Time Elapsed 00:00:04.15
/Users/jangminho/development/checkout/terminal/Terminal/Terminal.csproj : warning NU1903: Package 'Tmds.DBus.Protocol' 0.20.0 has a known high severity vulnerability, https://github.com/advisories/GHSA-xrw6-gwf8-vvr9
/Users/jangminho/development/checkout/terminal/Terminal/Terminal.csproj : warning NU1903: Package 'Tmds.DBus.Protocol' 0.20.0 has a known high severity vulnerability, https://github.com/advisories/GHSA-xrw6-gwf8-vvr9
/Users/jangminho/development/checkout/terminal/Terminal/Models/CartItem.cs(21,18): warning CS8826: Partial method declarations 'void CartItem.OnUnitPriceChanged(decimal value)' and 'void CartItem.OnUnitPriceChanged(decimal _)' have signature differences. [/Users/jangminho/development/checkout/terminal/Terminal/Terminal.csproj]
/Users/jangminho/development/checkout/terminal/Terminal/ViewModels/MainViewModel.cs(122,18): warning CS8826: Partial method declarations 'void MainViewModel.OnBonusPointsInputChanged(string value)' and 'void MainViewModel.OnBonusPointsInputChanged(string _)' have signature differences. [/Users/jangminho/development/checkout/terminal/Terminal/Terminal.csproj]
/Users/jangminho/development/checkout/terminal/Terminal/ViewModels/MainViewModel.cs(174,18): warning CS8826: Partial method declarations 'void MainViewModel.OnCurrentMemberChanged(LoyaltyMemberInfo? value)' and 'void MainViewModel.OnCurrentMemberChanged(LoyaltyMemberInfo? _)' have signature differences. [/Users/jangminho/development/checkout/terminal/Terminal/Terminal.csproj]
/Users/jangminho/development/checkout/terminal/Terminal/ViewModels/MainViewModel.cs(180,18): warning CS8826: Partial method declarations 'void MainViewModel.OnPointsEarnedChanged(int value)' and 'void MainViewModel.OnPointsEarnedChanged(int _)' have signature differences. [/Users/jangminho/development/checkout/terminal/Terminal/Terminal.csproj]
/Users/jangminho/development/checkout/terminal/Terminal/ViewModels/MainViewModel.cs(183,18): warning CS8826: Partial method declarations 'void MainViewModel.OnLoyaltyDiscountChanged(decimal value)' and 'void MainViewModel.OnLoyaltyDiscountChanged(decimal _)' have signature differences. [/Users/jangminho/development/checkout/terminal/Terminal/Terminal.csproj]
/Users/jangminho/development/checkout/terminal/Terminal/ViewModels/MainViewModel.cs(190,18): warning CS8826: Partial method declarations 'void MainViewModel.OnPaymentMethodChanged(string value)' and 'void MainViewModel.OnPaymentMethodChanged(string _)' have signature differences. [/Users/jangminho/development/checkout/terminal/Terminal/Terminal.csproj]
/Users/jangminho/development/checkout/terminal/Terminal/ViewModels/MainViewModel.cs(197,18): warning CS8826: Partial method declarations 'void MainViewModel.OnCashInsertedChanged(decimal value)' and 'void MainViewModel.OnCashInsertedChanged(decimal _)' have signature differences. [/Users/jangminho/development/checkout/terminal/Terminal/Terminal.csproj]
/Users/jangminho/development/checkout/terminal/Terminal/ViewModels/MainViewModel.cs(585,24): warning CS1998: This async method lacks 'await' operators and will run synchronously. Consider using the 'await' operator to await non-blocking API calls, or 'await Task.Run(...)' to do CPU-bound work on a background thread. [/Users/jangminho/development/checkout/terminal/Terminal/Terminal.csproj]
/Users/jangminho/development/checkout/terminal/Terminal/ViewModels/MainViewModel.cs(799,24): warning CS1998: This async method lacks 'await' operators and will run synchronously. Consider using the 'await' operator to await non-blocking API calls, or 'await Task.Run(...)' to do CPU-bound work on a background thread. [/Users/jangminho/development/checkout/terminal/Terminal/Terminal.csproj]

Build succeeded.

/Users/jangminho/development/checkout/terminal/Terminal/Terminal.csproj : warning NU1903: Package 'Tmds.DBus.Protocol' 0.20.0 has a known high severity vulnerability, https://github.com/advisories/GHSA-xrw6-gwf8-vvr9
/Users/jangminho/development/checkout/terminal/Terminal/Terminal.csproj : warning NU1903: Package 'Tmds.DBus.Protocol' 0.20.0 has a known high severity vulnerability, https://github.com/advisories/GHSA-xrw6-gwf8-vvr9
/Users/jangminho/development/checkout/terminal/Terminal/Models/CartItem.cs(21,18): warning CS8826: Partial method declarations 'void CartItem.OnUnitPriceChanged(decimal value)' and 'void CartItem.OnUnitPriceChanged(decimal _)' have signature differences. [/Users/jangminho/development/checkout/terminal/Terminal/Terminal.csproj]
/Users/jangminho/development/checkout/terminal/Terminal/ViewModels/MainViewModel.cs(122,18): warning CS8826: Partial method declarations 'void MainViewModel.OnBonusPointsInputChanged(string value)' and 'void MainViewModel.OnBonusPointsInputChanged(string _)' have signature differences. [/Users/jangminho/development/checkout/terminal/Terminal/Terminal.csproj]
/Users/jangminho/development/checkout/terminal/Terminal/ViewModels/MainViewModel.cs(174,18): warning CS8826: Partial method declarations 'void MainViewModel.OnCurrentMemberChanged(LoyaltyMemberInfo? value)' and 'void MainViewModel.OnCurrentMemberChanged(LoyaltyMemberInfo? _)' have signature differences. [/Users/jangminho/development/checkout/terminal/Terminal/Terminal.csproj]
/Users/jangminho/development/checkout/terminal/Terminal/ViewModels/MainViewModel.cs(180,18): warning CS8826: Partial method declarations 'void MainViewModel.OnPointsEarnedChanged(int value)' and 'void MainViewModel.OnPointsEarnedChanged(int _)' have signature differences. [/Users/jangminho/development/checkout/terminal/Terminal/Terminal.csproj]
/Users/jangminho/development/checkout/terminal/Terminal/ViewModels/MainViewModel.cs(183,18): warning CS8826: Partial method declarations 'void MainViewModel.OnLoyaltyDiscountChanged(decimal value)' and 'void MainViewModel.OnLoyaltyDiscountChanged(decimal _)' have signature differences. [/Users/jangminho/development/checkout/terminal/Terminal/Terminal.csproj]
/Users/jangminho/development/checkout/terminal/Terminal/ViewModels/MainViewModel.cs(190,18): warning CS8826: Partial method declarations 'void MainViewModel.OnPaymentMethodChanged(string value)' and 'void MainViewModel.OnPaymentMethodChanged(string _)' have signature differences. [/Users/jangminho/development/checkout/terminal/Terminal/Terminal.csproj]
/Users/jangminho/development/checkout/terminal/Terminal/ViewModels/MainViewModel.cs(197,18): warning CS8826: Partial method declarations 'void MainViewModel.OnCashInsertedChanged(decimal value)' and 'void MainViewModel.OnCashInsertedChanged(decimal _)' have signature differences. [/Users/jangminho/development/checkout/terminal/Terminal/Terminal.csproj]
/Users/jangminho/development/checkout/terminal/Terminal/ViewModels/MainViewModel.cs(585,24): warning CS1998: This async method lacks 'await' operators and will run synchronously. Consider using the 'await' operator to await non-blocking API calls, or 'await Task.Run(...)' to do CPU-bound work on a background thread. [/Users/jangminho/development/checkout/terminal/Terminal/Terminal.csproj]
/Users/jangminho/development/checkout/terminal/Terminal/ViewModels/MainViewModel.cs(799,24): warning CS1998: This async method lacks 'await' operators and will run synchronously. Consider using the 'await' operator to await non-blocking API calls, or 'await Task.Run(...)' to do CPU-bound work on a background thread. [/Users/jangminho/development/checkout/terminal/Terminal/Terminal.csproj]
    11 Warning(s)
    0 Error(s)

Time Elapsed 00:00:03.84
/Users/jangminho/development/checkout/terminal/Terminal/Terminal.csproj : warning NU1903: Package 'Tmds.DBus.Protocol' 0.20.0 has a known high severity vulnerability, https://github.com/advisories/GHSA-xrw6-gwf8-vvr9
/Users/jangminho/development/checkout/terminal/Terminal/Terminal.csproj : warning NU1903: Package 'Tmds.DBus.Protocol' 0.20.0 has a known high severity vulnerability, https://github.com/advisories/GHSA-xrw6-gwf8-vvr9
/Users/jangminho/development/checkout/terminal/Terminal/Views/MainWindow.axaml : Avalonia error AVLN1001: File doesn't contain valid XAML: System.Xml.XmlException: Name cannot begin with the '{' character, hexadecimal value 0x7B. Line 1396, position 80. [/Users/jangminho/development/checkout/terminal/Terminal/Terminal.csproj]
/Users/jangminho/development/checkout/terminal/Terminal/Views/MainWindow.axaml : Avalonia error AVLN1001:    at System.Xml.XmlTextReaderImpl.Throw(Exception e) [/Users/jangminho/development/checkout/terminal/Terminal/Terminal.csproj]
/Users/jangminho/development/checkout/terminal/Terminal/Views/MainWindow.axaml : Avalonia error AVLN1001:    at System.Xml.XmlTextReaderImpl.Throw(String res, String[] args) [/Users/jangminho/development/checkout/terminal/Terminal/Terminal.csproj]
/Users/jangminho/development/checkout/terminal/Terminal/Views/MainWindow.axaml : Avalonia error AVLN1001:    at System.Xml.XmlTextReaderImpl.ParseAttributes() [/Users/jangminho/development/checkout/terminal/Terminal/Terminal.csproj]
/Users/jangminho/development/checkout/terminal/Terminal/Views/MainWindow.axaml : Avalonia error AVLN1001:    at System.Xml.XmlTextReaderImpl.ParseElement() [/Users/jangminho/development/checkout/terminal/Terminal/Terminal.csproj]
/Users/jangminho/development/checkout/terminal/Terminal/Views/MainWindow.axaml : Avalonia error AVLN1001:    at System.Xml.XmlTextReaderImpl.ParseElementContent() [/Users/jangminho/development/checkout/terminal/Terminal/Terminal.csproj]
/Users/jangminho/development/checkout/terminal/Terminal/Views/MainWindow.axaml : Avalonia error AVLN1001:    at System.Xml.Linq.XContainer.ReadContentFrom(XmlReader r) [/Users/jangminho/development/checkout/terminal/Terminal/Terminal.csproj]
/Users/jangminho/development/checkout/terminal/Terminal/Views/MainWindow.axaml : Avalonia error AVLN1001:    at System.Xml.Linq.XDocument.Load(XmlReader reader, LoadOptions options) [/Users/jangminho/development/checkout/terminal/Terminal/Terminal.csproj]
/Users/jangminho/development/checkout/terminal/Terminal/Views/MainWindow.axaml : Avalonia error AVLN1001:    at System.Xml.Linq.XDocument.Parse(String text, LoadOptions options) [/Users/jangminho/development/checkout/terminal/Terminal/Terminal.csproj]
/Users/jangminho/development/checkout/terminal/Terminal/Views/MainWindow.axaml : Avalonia error AVLN1001:    at Avalonia.Build.Tasks.XamlFileInfo.Parse(String data) in /_/src/Avalonia.Build.Tasks/XamlFileInfo.cs:line 11 [/Users/jangminho/development/checkout/terminal/Terminal/Terminal.csproj]
/Users/jangminho/development/checkout/terminal/Terminal/Views/MainWindow.axaml : Avalonia error AVLN1001:    at Avalonia.Build.Tasks.GenerateAvaloniaResourcesTask.PreProcessXamlFiles(List`1 sources) in /_/src/Avalonia.Build.Tasks/GenerateAvaloniaResourcesTask.cs:line 106 [/Users/jangminho/development/checkout/terminal/Terminal/Terminal.csproj]

Build FAILED.

/Users/jangminho/development/checkout/terminal/Terminal/Terminal.csproj : warning NU1903: Package 'Tmds.DBus.Protocol' 0.20.0 has a known high severity vulnerability, https://github.com/advisories/GHSA-xrw6-gwf8-vvr9
/Users/jangminho/development/checkout/terminal/Terminal/Terminal.csproj : warning NU1903: Package 'Tmds.DBus.Protocol' 0.20.0 has a known high severity vulnerability, https://github.com/advisories/GHSA-xrw6-gwf8-vvr9
/Users/jangminho/development/checkout/terminal/Terminal/Views/MainWindow.axaml : Avalonia error AVLN1001: File doesn't contain valid XAML: System.Xml.XmlException: Name cannot begin with the '{' character, hexadecimal value 0x7B. Line 1396, position 80. [/Users/jangminho/development/checkout/terminal/Terminal/Terminal.csproj]
/Users/jangminho/development/checkout/terminal/Terminal/Views/MainWindow.axaml : Avalonia error AVLN1001:    at System.Xml.XmlTextReaderImpl.Throw(Exception e) [/Users/jangminho/development/checkout/terminal/Terminal/Terminal.csproj]
/Users/jangminho/development/checkout/terminal/Terminal/Views/MainWindow.axaml : Avalonia error AVLN1001:    at System.Xml.XmlTextReaderImpl.Throw(String res, String[] args) [/Users/jangminho/development/checkout/terminal/Terminal/Terminal.csproj]
/Users/jangminho/development/checkout/terminal/Terminal/Views/MainWindow.axaml : Avalonia error AVLN1001:    at System.Xml.XmlTextReaderImpl.ParseAttributes() [/Users/jangminho/development/checkout/terminal/Terminal/Terminal.csproj]
/Users/jangminho/development/checkout/terminal/Terminal/Views/MainWindow.axaml : Avalonia error AVLN1001:    at System.Xml.XmlTextReaderImpl.ParseElement() [/Users/jangminho/development/checkout/terminal/Terminal/Terminal.csproj]
/Users/jangminho/development/checkout/terminal/Terminal/Views/MainWindow.axaml : Avalonia error AVLN1001:    at System.Xml.XmlTextReaderImpl.ParseElementContent() [/Users/jangminho/development/checkout/terminal/Terminal/Terminal.csproj]
/Users/jangminho/development/checkout/terminal/Terminal/Views/MainWindow.axaml : Avalonia error AVLN1001:    at System.Xml.Linq.XContainer.ReadContentFrom(XmlReader r) [/Users/jangminho/development/checkout/terminal/Terminal/Terminal.csproj]
/Users/jangminho/development/checkout/terminal/Terminal/Views/MainWindow.axaml : Avalonia error AVLN1001:    at System.Xml.Linq.XDocument.Load(XmlReader reader, LoadOptions options) [/Users/jangminho/development/checkout/terminal/Terminal/Terminal.csproj]
/Users/jangminho/development/checkout/terminal/Terminal/Views/MainWindow.axaml : Avalonia error AVLN1001:    at System.Xml.Linq.XDocument.Parse(String text, LoadOptions options) [/Users/jangminho/development/checkout/terminal/Terminal/Terminal.csproj]
/Users/jangminho/development/checkout/terminal/Terminal/Views/MainWindow.axaml : Avalonia error AVLN1001:    at Avalonia.Build.Tasks.XamlFileInfo.Parse(String data) in /_/src/Avalonia.Build.Tasks/XamlFileInfo.cs:line 11 [/Users/jangminho/development/checkout/terminal/Terminal/Terminal.csproj]
/Users/jangminho/development/checkout/terminal/Terminal/Views/MainWindow.axaml : Avalonia error AVLN1001:    at Avalonia.Build.Tasks.GenerateAvaloniaResourcesTask.PreProcessXamlFiles(List`1 sources) in /_/src/Avalonia.Build.Tasks/GenerateAvaloniaResourcesTask.cs:line 106 [/Users/jangminho/development/checkout/terminal/Terminal/Terminal.csproj]
    2 Warning(s)
    1 Error(s)

Time Elapsed 00:00:00.61
/Users/jangminho/development/checkout/terminal/Terminal/Terminal.csproj : warning NU1903: Package 'Tmds.DBus.Protocol' 0.20.0 has a known high severity vulnerability, https://github.com/advisories/GHSA-xrw6-gwf8-vvr9
/Users/jangminho/development/checkout/terminal/Terminal/Terminal.csproj : warning NU1903: Package 'Tmds.DBus.Protocol' 0.20.0 has a known high severity vulnerability, https://github.com/advisories/GHSA-xrw6-gwf8-vvr9
/Users/jangminho/development/checkout/terminal/Terminal/Views/MainWindow.axaml : Avalonia error AVLN1001: File doesn't contain valid XAML: System.Xml.XmlException: Name cannot begin with the '{' character, hexadecimal value 0x7B. Line 1396, position 80. [/Users/jangminho/development/checkout/terminal/Terminal/Terminal.csproj]
/Users/jangminho/development/checkout/terminal/Terminal/Views/MainWindow.axaml : Avalonia error AVLN1001:    at System.Xml.XmlTextReaderImpl.Throw(Exception e) [/Users/jangminho/development/checkout/terminal/Terminal/Terminal.csproj]
/Users/jangminho/development/checkout/terminal/Terminal/Views/MainWindow.axaml : Avalonia error AVLN1001:    at System.Xml.XmlTextReaderImpl.Throw(String res, String[] args) [/Users/jangminho/development/checkout/terminal/Terminal/Terminal.csproj]
/Users/jangminho/development/checkout/terminal/Terminal/Views/MainWindow.axaml : Avalonia error AVLN1001:    at System.Xml.XmlTextReaderImpl.ParseAttributes() [/Users/jangminho/development/checkout/terminal/Terminal/Terminal.csproj]
/Users/jangminho/development/checkout/terminal/Terminal/Views/MainWindow.axaml : Avalonia error AVLN1001:    at System.Xml.XmlTextReaderImpl.ParseElement() [/Users/jangminho/development/checkout/terminal/Terminal/Terminal.csproj]
/Users/jangminho/development/checkout/terminal/Terminal/Views/MainWindow.axaml : Avalonia error AVLN1001:    at System.Xml.XmlTextReaderImpl.ParseElementContent() [/Users/jangminho/development/checkout/terminal/Terminal/Terminal.csproj]
/Users/jangminho/development/checkout/terminal/Terminal/Views/MainWindow.axaml : Avalonia error AVLN1001:    at System.Xml.Linq.XContainer.ReadContentFrom(XmlReader r) [/Users/jangminho/development/checkout/terminal/Terminal/Terminal.csproj]
/Users/jangminho/development/checkout/terminal/Terminal/Views/MainWindow.axaml : Avalonia error AVLN1001:    at System.Xml.Linq.XDocument.Load(XmlReader reader, LoadOptions options) [/Users/jangminho/development/checkout/terminal/Terminal/Terminal.csproj]
/Users/jangminho/development/checkout/terminal/Terminal/Views/MainWindow.axaml : Avalonia error AVLN1001:    at System.Xml.Linq.XDocument.Parse(String text, LoadOptions options) [/Users/jangminho/development/checkout/terminal/Terminal/Terminal.csproj]
/Users/jangminho/development/checkout/terminal/Terminal/Views/MainWindow.axaml : Avalonia error AVLN1001:    at Avalonia.Build.Tasks.XamlFileInfo.Parse(String data) in /_/src/Avalonia.Build.Tasks/XamlFileInfo.cs:line 11 [/Users/jangminho/development/checkout/terminal/Terminal/Terminal.csproj]
/Users/jangminho/development/checkout/terminal/Terminal/Views/MainWindow.axaml : Avalonia error AVLN1001:    at Avalonia.Build.Tasks.GenerateAvaloniaResourcesTask.PreProcessXamlFiles(List`1 sources) in /_/src/Avalonia.Build.Tasks/GenerateAvaloniaResourcesTask.cs:line 106 [/Users/jangminho/development/checkout/terminal/Terminal/Terminal.csproj]

Build FAILED.

/Users/jangminho/development/checkout/terminal/Terminal/Terminal.csproj : warning NU1903: Package 'Tmds.DBus.Protocol' 0.20.0 has a known high severity vulnerability, https://github.com/advisories/GHSA-xrw6-gwf8-vvr9
/Users/jangminho/development/checkout/terminal/Terminal/Terminal.csproj : warning NU1903: Package 'Tmds.DBus.Protocol' 0.20.0 has a known high severity vulnerability, https://github.com/advisories/GHSA-xrw6-gwf8-vvr9
/Users/jangminho/development/checkout/terminal/Terminal/Views/MainWindow.axaml : Avalonia error AVLN1001: File doesn't contain valid XAML: System.Xml.XmlException: Name cannot begin with the '{' character, hexadecimal value 0x7B. Line 1396, position 80. [/Users/jangminho/development/checkout/terminal/Terminal/Terminal.csproj]
/Users/jangminho/development/checkout/terminal/Terminal/Views/MainWindow.axaml : Avalonia error AVLN1001:    at System.Xml.XmlTextReaderImpl.Throw(Exception e) [/Users/jangminho/development/checkout/terminal/Terminal/Terminal.csproj]
/Users/jangminho/development/checkout/terminal/Terminal/Views/MainWindow.axaml : Avalonia error AVLN1001:    at System.Xml.XmlTextReaderImpl.Throw(String res, String[] args) [/Users/jangminho/development/checkout/terminal/Terminal/Terminal.csproj]
/Users/jangminho/development/checkout/terminal/Terminal/Views/MainWindow.axaml : Avalonia error AVLN1001:    at System.Xml.XmlTextReaderImpl.ParseAttributes() [/Users/jangminho/development/checkout/terminal/Terminal/Terminal.csproj]
/Users/jangminho/development/checkout/terminal/Terminal/Views/MainWindow.axaml : Avalonia error AVLN1001:    at System.Xml.XmlTextReaderImpl.ParseElement() [/Users/jangminho/development/checkout/terminal/Terminal/Terminal.csproj]
/Users/jangminho/development/checkout/terminal/Terminal/Views/MainWindow.axaml : Avalonia error AVLN1001:    at System.Xml.XmlTextReaderImpl.ParseElementContent() [/Users/jangminho/development/checkout/terminal/Terminal/Terminal.csproj]
/Users/jangminho/development/checkout/terminal/Terminal/Views/MainWindow.axaml : Avalonia error AVLN1001:    at System.Xml.Linq.XContainer.ReadContentFrom(XmlReader r) [/Users/jangminho/development/checkout/terminal/Terminal/Terminal.csproj]
/Users/jangminho/development/checkout/terminal/Terminal/Views/MainWindow.axaml : Avalonia error AVLN1001:    at System.Xml.Linq.XDocument.Load(XmlReader reader, LoadOptions options) [/Users/jangminho/development/checkout/terminal/Terminal/Terminal.csproj]
/Users/jangminho/development/checkout/terminal/Terminal/Views/MainWindow.axaml : Avalonia error AVLN1001:    at System.Xml.Linq.XDocument.Parse(String text, LoadOptions options) [/Users/jangminho/development/checkout/terminal/Terminal/Terminal.csproj]
/Users/jangminho/development/checkout/terminal/Terminal/Views/MainWindow.axaml : Avalonia error AVLN1001:    at Avalonia.Build.Tasks.XamlFileInfo.Parse(String data) in /_/src/Avalonia.Build.Tasks/XamlFileInfo.cs:line 11 [/Users/jangminho/development/checkout/terminal/Terminal/Terminal.csproj]
/Users/jangminho/development/checkout/terminal/Terminal/Views/MainWindow.axaml : Avalonia error AVLN1001:    at Avalonia.Build.Tasks.GenerateAvaloniaResourcesTask.PreProcessXamlFiles(List`1 sources) in /_/src/Avalonia.Build.Tasks/GenerateAvaloniaResourcesTask.cs:line 106 [/Users/jangminho/development/checkout/terminal/Terminal/Terminal.csproj]
    2 Warning(s)
    1 Error(s)

Time Elapsed 00:00:00.59
/Users/jangminho/development/checkout/terminal/Terminal/Terminal.csproj : warning NU1903: Package 'Tmds.DBus.Protocol' 0.20.0 has a known high severity vulnerability, https://github.com/advisories/GHSA-xrw6-gwf8-vvr9
/Users/jangminho/development/checkout/terminal/Terminal/Terminal.csproj : warning NU1903: Package 'Tmds.DBus.Protocol' 0.20.0 has a known high severity vulnerability, https://github.com/advisories/GHSA-xrw6-gwf8-vvr9
/Users/jangminho/development/checkout/terminal/Terminal/Views/MainWindow.axaml : Avalonia error AVLN1001: File doesn't contain valid XAML: System.Xml.XmlException: Name cannot begin with the '{' character, hexadecimal value 0x7B. Line 1396, position 80. [/Users/jangminho/development/checkout/terminal/Terminal/Terminal.csproj]
/Users/jangminho/development/checkout/terminal/Terminal/Views/MainWindow.axaml : Avalonia error AVLN1001:    at System.Xml.XmlTextReaderImpl.Throw(Exception e) [/Users/jangminho/development/checkout/terminal/Terminal/Terminal.csproj]
/Users/jangminho/development/checkout/terminal/Terminal/Views/MainWindow.axaml : Avalonia error AVLN1001:    at System.Xml.XmlTextReaderImpl.Throw(String res, String[] args) [/Users/jangminho/development/checkout/terminal/Terminal/Terminal.csproj]
/Users/jangminho/development/checkout/terminal/Terminal/Views/MainWindow.axaml : Avalonia error AVLN1001:    at System.Xml.XmlTextReaderImpl.ParseAttributes() [/Users/jangminho/development/checkout/terminal/Terminal/Terminal.csproj]
/Users/jangminho/development/checkout/terminal/Terminal/Views/MainWindow.axaml : Avalonia error AVLN1001:    at System.Xml.XmlTextReaderImpl.ParseElement() [/Users/jangminho/development/checkout/terminal/Terminal/Terminal.csproj]
/Users/jangminho/development/checkout/terminal/Terminal/Views/MainWindow.axaml : Avalonia error AVLN1001:    at System.Xml.XmlTextReaderImpl.ParseElementContent() [/Users/jangminho/development/checkout/terminal/Terminal/Terminal.csproj]
/Users/jangminho/development/checkout/terminal/Terminal/Views/MainWindow.axaml : Avalonia error AVLN1001:    at System.Xml.Linq.XContainer.ReadContentFrom(XmlReader r) [/Users/jangminho/development/checkout/terminal/Terminal/Terminal.csproj]
/Users/jangminho/development/checkout/terminal/Terminal/Views/MainWindow.axaml : Avalonia error AVLN1001:    at System.Xml.Linq.XDocument.Load(XmlReader reader, LoadOptions options) [/Users/jangminho/development/checkout/terminal/Terminal/Terminal.csproj]
/Users/jangminho/development/checkout/terminal/Terminal/Views/MainWindow.axaml : Avalonia error AVLN1001:    at System.Xml.Linq.XDocument.Parse(String text, LoadOptions options) [/Users/jangminho/development/checkout/terminal/Terminal/Terminal.csproj]
/Users/jangminho/development/checkout/terminal/Terminal/Views/MainWindow.axaml : Avalonia error AVLN1001:    at Avalonia.Build.Tasks.XamlFileInfo.Parse(String data) in /_/src/Avalonia.Build.Tasks/XamlFileInfo.cs:line 11 [/Users/jangminho/development/checkout/terminal/Terminal/Terminal.csproj]
/Users/jangminho/development/checkout/terminal/Terminal/Views/MainWindow.axaml : Avalonia error AVLN1001:    at Avalonia.Build.Tasks.GenerateAvaloniaResourcesTask.PreProcessXamlFiles(List`1 sources) in /_/src/Avalonia.Build.Tasks/GenerateAvaloniaResourcesTask.cs:line 106 [/Users/jangminho/development/checkout/terminal/Terminal/Terminal.csproj]

Build FAILED.

/Users/jangminho/development/checkout/terminal/Terminal/Terminal.csproj : warning NU1903: Package 'Tmds.DBus.Protocol' 0.20.0 has a known high severity vulnerability, https://github.com/advisories/GHSA-xrw6-gwf8-vvr9
/Users/jangminho/development/checkout/terminal/Terminal/Terminal.csproj : warning NU1903: Package 'Tmds.DBus.Protocol' 0.20.0 has a known high severity vulnerability, https://github.com/advisories/GHSA-xrw6-gwf8-vvr9
/Users/jangminho/development/checkout/terminal/Terminal/Views/MainWindow.axaml : Avalonia error AVLN1001: File doesn't contain valid XAML: System.Xml.XmlException: Name cannot begin with the '{' character, hexadecimal value 0x7B. Line 1396, position 80. [/Users/jangminho/development/checkout/terminal/Terminal/Terminal.csproj]
/Users/jangminho/development/checkout/terminal/Terminal/Views/MainWindow.axaml : Avalonia error AVLN1001:    at System.Xml.XmlTextReaderImpl.Throw(Exception e) [/Users/jangminho/development/checkout/terminal/Terminal/Terminal.csproj]
/Users/jangminho/development/checkout/terminal/Terminal/Views/MainWindow.axaml : Avalonia error AVLN1001:    at System.Xml.XmlTextReaderImpl.Throw(String res, String[] args) [/Users/jangminho/development/checkout/terminal/Terminal/Terminal.csproj]
/Users/jangminho/development/checkout/terminal/Terminal/Views/MainWindow.axaml : Avalonia error AVLN1001:    at System.Xml.XmlTextReaderImpl.ParseAttributes() [/Users/jangminho/development/checkout/terminal/Terminal/Terminal.csproj]
/Users/jangminho/development/checkout/terminal/Terminal/Views/MainWindow.axaml : Avalonia error AVLN1001:    at System.Xml.XmlTextReaderImpl.ParseElement() [/Users/jangminho/development/checkout/terminal/Terminal/Terminal.csproj]
/Users/jangminho/development/checkout/terminal/Terminal/Views/MainWindow.axaml : Avalonia error AVLN1001:    at System.Xml.XmlTextReaderImpl.ParseElementContent() [/Users/jangminho/development/checkout/terminal/Terminal/Terminal.csproj]
/Users/jangminho/development/checkout/terminal/Terminal/Views/MainWindow.axaml : Avalonia error AVLN1001:    at System.Xml.Linq.XContainer.ReadContentFrom(XmlReader r) [/Users/jangminho/development/checkout/terminal/Terminal/Terminal.csproj]
/Users/jangminho/development/checkout/terminal/Terminal/Views/MainWindow.axaml : Avalonia error AVLN1001:    at System.Xml.Linq.XDocument.Load(XmlReader reader, LoadOptions options) [/Users/jangminho/development/checkout/terminal/Terminal/Terminal.csproj]
/Users/jangminho/development/checkout/terminal/Terminal/Views/MainWindow.axaml : Avalonia error AVLN1001:    at System.Xml.Linq.XDocument.Parse(String text, LoadOptions options) [/Users/jangminho/development/checkout/terminal/Terminal/Terminal.csproj]
/Users/jangminho/development/checkout/terminal/Terminal/Views/MainWindow.axaml : Avalonia error AVLN1001:    at Avalonia.Build.Tasks.XamlFileInfo.Parse(String data) in /_/src/Avalonia.Build.Tasks/XamlFileInfo.cs:line 11 [/Users/jangminho/development/checkout/terminal/Terminal/Terminal.csproj]
/Users/jangminho/development/checkout/terminal/Terminal/Views/MainWindow.axaml : Avalonia error AVLN1001:    at Avalonia.Build.Tasks.GenerateAvaloniaResourcesTask.PreProcessXamlFiles(List`1 sources) in /_/src/Avalonia.Build.Tasks/GenerateAvaloniaResourcesTask.cs:line 106 [/Users/jangminho/development/checkout/terminal/Terminal/Terminal.csproj]
    2 Warning(s)
    1 Error(s)

Time Elapsed 00:00:00.62
/Users/jangminho/development/checkout/terminal/Terminal/Terminal.csproj : warning NU1903: Package 'Tmds.DBus.Protocol' 0.20.0 has a known high severity vulnerability, https://github.com/advisories/GHSA-xrw6-gwf8-vvr9
/Users/jangminho/development/checkout/terminal/Terminal/Terminal.csproj : warning NU1903: Package 'Tmds.DBus.Protocol' 0.20.0 has a known high severity vulnerability, https://github.com/advisories/GHSA-xrw6-gwf8-vvr9
/Users/jangminho/development/checkout/terminal/Terminal/Views/MainWindow.axaml : Avalonia error AVLN1001: File doesn't contain valid XAML: System.Xml.XmlException: Name cannot begin with the '{' character, hexadecimal value 0x7B. Line 1396, position 80. [/Users/jangminho/development/checkout/terminal/Terminal/Terminal.csproj]
/Users/jangminho/development/checkout/terminal/Terminal/Views/MainWindow.axaml : Avalonia error AVLN1001:    at System.Xml.XmlTextReaderImpl.Throw(Exception e) [/Users/jangminho/development/checkout/terminal/Terminal/Terminal.csproj]
/Users/jangminho/development/checkout/terminal/Terminal/Views/MainWindow.axaml : Avalonia error AVLN1001:    at System.Xml.XmlTextReaderImpl.Throw(String res, String[] args) [/Users/jangminho/development/checkout/terminal/Terminal/Terminal.csproj]
/Users/jangminho/development/checkout/terminal/Terminal/Views/MainWindow.axaml : Avalonia error AVLN1001:    at System.Xml.XmlTextReaderImpl.ParseAttributes() [/Users/jangminho/development/checkout/terminal/Terminal/Terminal.csproj]
/Users/jangminho/development/checkout/terminal/Terminal/Views/MainWindow.axaml : Avalonia error AVLN1001:    at System.Xml.XmlTextReaderImpl.ParseElement() [/Users/jangminho/development/checkout/terminal/Terminal/Terminal.csproj]
/Users/jangminho/development/checkout/terminal/Terminal/Views/MainWindow.axaml : Avalonia error AVLN1001:    at System.Xml.XmlTextReaderImpl.ParseElementContent() [/Users/jangminho/development/checkout/terminal/Terminal/Terminal.csproj]
/Users/jangminho/development/checkout/terminal/Terminal/Views/MainWindow.axaml : Avalonia error AVLN1001:    at System.Xml.Linq.XContainer.ReadContentFrom(XmlReader r) [/Users/jangminho/development/checkout/terminal/Terminal/Terminal.csproj]
/Users/jangminho/development/checkout/terminal/Terminal/Views/MainWindow.axaml : Avalonia error AVLN1001:    at System.Xml.Linq.XDocument.Load(XmlReader reader, LoadOptions options) [/Users/jangminho/development/checkout/terminal/Terminal/Terminal.csproj]
/Users/jangminho/development/checkout/terminal/Terminal/Views/MainWindow.axaml : Avalonia error AVLN1001:    at System.Xml.Linq.XDocument.Parse(String text, LoadOptions options) [/Users/jangminho/development/checkout/terminal/Terminal/Terminal.csproj]
/Users/jangminho/development/checkout/terminal/Terminal/Views/MainWindow.axaml : Avalonia error AVLN1001:    at Avalonia.Build.Tasks.XamlFileInfo.Parse(String data) in /_/src/Avalonia.Build.Tasks/XamlFileInfo.cs:line 11 [/Users/jangminho/development/checkout/terminal/Terminal/Terminal.csproj]
/Users/jangminho/development/checkout/terminal/Terminal/Views/MainWindow.axaml : Avalonia error AVLN1001:    at Avalonia.Build.Tasks.GenerateAvaloniaResourcesTask.PreProcessXamlFiles(List`1 sources) in /_/src/Avalonia.Build.Tasks/GenerateAvaloniaResourcesTask.cs:line 106 [/Users/jangminho/development/checkout/terminal/Terminal/Terminal.csproj]

Build FAILED.

/Users/jangminho/development/checkout/terminal/Terminal/Terminal.csproj : warning NU1903: Package 'Tmds.DBus.Protocol' 0.20.0 has a known high severity vulnerability, https://github.com/advisories/GHSA-xrw6-gwf8-vvr9
/Users/jangminho/development/checkout/terminal/Terminal/Terminal.csproj : warning NU1903: Package 'Tmds.DBus.Protocol' 0.20.0 has a known high severity vulnerability, https://github.com/advisories/GHSA-xrw6-gwf8-vvr9
/Users/jangminho/development/checkout/terminal/Terminal/Views/MainWindow.axaml : Avalonia error AVLN1001: File doesn't contain valid XAML: System.Xml.XmlException: Name cannot begin with the '{' character, hexadecimal value 0x7B. Line 1396, position 80. [/Users/jangminho/development/checkout/terminal/Terminal/Terminal.csproj]
/Users/jangminho/development/checkout/terminal/Terminal/Views/MainWindow.axaml : Avalonia error AVLN1001:    at System.Xml.XmlTextReaderImpl.Throw(Exception e) [/Users/jangminho/development/checkout/terminal/Terminal/Terminal.csproj]
/Users/jangminho/development/checkout/terminal/Terminal/Views/MainWindow.axaml : Avalonia error AVLN1001:    at System.Xml.XmlTextReaderImpl.Throw(String res, String[] args) [/Users/jangminho/development/checkout/terminal/Terminal/Terminal.csproj]
/Users/jangminho/development/checkout/terminal/Terminal/Views/MainWindow.axaml : Avalonia error AVLN1001:    at System.Xml.XmlTextReaderImpl.ParseAttributes() [/Users/jangminho/development/checkout/terminal/Terminal/Terminal.csproj]
/Users/jangminho/development/checkout/terminal/Terminal/Views/MainWindow.axaml : Avalonia error AVLN1001:    at System.Xml.XmlTextReaderImpl.ParseElement() [/Users/jangminho/development/checkout/terminal/Terminal/Terminal.csproj]
/Users/jangminho/development/checkout/terminal/Terminal/Views/MainWindow.axaml : Avalonia error AVLN1001:    at System.Xml.XmlTextReaderImpl.ParseElementContent() [/Users/jangminho/development/checkout/terminal/Terminal/Terminal.csproj]
/Users/jangminho/development/checkout/terminal/Terminal/Views/MainWindow.axaml : Avalonia error AVLN1001:    at System.Xml.Linq.XContainer.ReadContentFrom(XmlReader r) [/Users/jangminho/development/checkout/terminal/Terminal/Terminal.csproj]
/Users/jangminho/development/checkout/terminal/Terminal/Views/MainWindow.axaml : Avalonia error AVLN1001:    at System.Xml.Linq.XDocument.Load(XmlReader reader, LoadOptions options) [/Users/jangminho/development/checkout/terminal/Terminal/Terminal.csproj]
/Users/jangminho/development/checkout/terminal/Terminal/Views/MainWindow.axaml : Avalonia error AVLN1001:    at System.Xml.Linq.XDocument.Parse(String text, LoadOptions options) [/Users/jangminho/development/checkout/terminal/Terminal/Terminal.csproj]
/Users/jangminho/development/checkout/terminal/Terminal/Views/MainWindow.axaml : Avalonia error AVLN1001:    at Avalonia.Build.Tasks.XamlFileInfo.Parse(String data) in /_/src/Avalonia.Build.Tasks/XamlFileInfo.cs:line 11 [/Users/jangminho/development/checkout/terminal/Terminal/Terminal.csproj]
/Users/jangminho/development/checkout/terminal/Terminal/Views/MainWindow.axaml : Avalonia error AVLN1001:    at Avalonia.Build.Tasks.GenerateAvaloniaResourcesTask.PreProcessXamlFiles(List`1 sources) in /_/src/Avalonia.Build.Tasks/GenerateAvaloniaResourcesTask.cs:line 106 [/Users/jangminho/development/checkout/terminal/Terminal/Terminal.csproj]
    2 Warning(s)
    1 Error(s)

Time Elapsed 00:00:00.59
/Users/jangminho/development/checkout/terminal/Terminal/Terminal.csproj : warning NU1903: Package 'Tmds.DBus.Protocol' 0.20.0 has a known high severity vulnerability, https://github.com/advisories/GHSA-xrw6-gwf8-vvr9
/Users/jangminho/development/checkout/terminal/Terminal/Terminal.csproj : warning NU1903: Package 'Tmds.DBus.Protocol' 0.20.0 has a known high severity vulnerability, https://github.com/advisories/GHSA-xrw6-gwf8-vvr9
/Users/jangminho/development/checkout/terminal/Terminal/Views/MainWindow.axaml : Avalonia error AVLN1001: File doesn't contain valid XAML: System.Xml.XmlException: Name cannot begin with the '{' character, hexadecimal value 0x7B. Line 1396, position 80. [/Users/jangminho/development/checkout/terminal/Terminal/Terminal.csproj]
/Users/jangminho/development/checkout/terminal/Terminal/Views/MainWindow.axaml : Avalonia error AVLN1001:    at System.Xml.XmlTextReaderImpl.Throw(Exception e) [/Users/jangminho/development/checkout/terminal/Terminal/Terminal.csproj]
/Users/jangminho/development/checkout/terminal/Terminal/Views/MainWindow.axaml : Avalonia error AVLN1001:    at System.Xml.XmlTextReaderImpl.Throw(String res, String[] args) [/Users/jangminho/development/checkout/terminal/Terminal/Terminal.csproj]
/Users/jangminho/development/checkout/terminal/Terminal/Views/MainWindow.axaml : Avalonia error AVLN1001:    at System.Xml.XmlTextReaderImpl.ParseAttributes() [/Users/jangminho/development/checkout/terminal/Terminal/Terminal.csproj]
/Users/jangminho/development/checkout/terminal/Terminal/Views/MainWindow.axaml : Avalonia error AVLN1001:    at System.Xml.XmlTextReaderImpl.ParseElement() [/Users/jangminho/development/checkout/terminal/Terminal/Terminal.csproj]
/Users/jangminho/development/checkout/terminal/Terminal/Views/MainWindow.axaml : Avalonia error AVLN1001:    at System.Xml.XmlTextReaderImpl.ParseElementContent() [/Users/jangminho/development/checkout/terminal/Terminal/Terminal.csproj]
/Users/jangminho/development/checkout/terminal/Terminal/Views/MainWindow.axaml : Avalonia error AVLN1001:    at System.Xml.Linq.XContainer.ReadContentFrom(XmlReader r) [/Users/jangminho/development/checkout/terminal/Terminal/Terminal.csproj]
/Users/jangminho/development/checkout/terminal/Terminal/Views/MainWindow.axaml : Avalonia error AVLN1001:    at System.Xml.Linq.XDocument.Load(XmlReader reader, LoadOptions options) [/Users/jangminho/development/checkout/terminal/Terminal/Terminal.csproj]
/Users/jangminho/development/checkout/terminal/Terminal/Views/MainWindow.axaml : Avalonia error AVLN1001:    at System.Xml.Linq.XDocument.Parse(String text, LoadOptions options) [/Users/jangminho/development/checkout/terminal/Terminal/Terminal.csproj]
/Users/jangminho/development/checkout/terminal/Terminal/Views/MainWindow.axaml : Avalonia error AVLN1001:    at Avalonia.Build.Tasks.XamlFileInfo.Parse(String data) in /_/src/Avalonia.Build.Tasks/XamlFileInfo.cs:line 11 [/Users/jangminho/development/checkout/terminal/Terminal/Terminal.csproj]
/Users/jangminho/development/checkout/terminal/Terminal/Views/MainWindow.axaml : Avalonia error AVLN1001:    at Avalonia.Build.Tasks.GenerateAvaloniaResourcesTask.PreProcessXamlFiles(List`1 sources) in /_/src/Avalonia.Build.Tasks/GenerateAvaloniaResourcesTask.cs:line 106 [/Users/jangminho/development/checkout/terminal/Terminal/Terminal.csproj]

Build FAILED.

/Users/jangminho/development/checkout/terminal/Terminal/Terminal.csproj : warning NU1903: Package 'Tmds.DBus.Protocol' 0.20.0 has a known high severity vulnerability, https://github.com/advisories/GHSA-xrw6-gwf8-vvr9
/Users/jangminho/development/checkout/terminal/Terminal/Terminal.csproj : warning NU1903: Package 'Tmds.DBus.Protocol' 0.20.0 has a known high severity vulnerability, https://github.com/advisories/GHSA-xrw6-gwf8-vvr9
/Users/jangminho/development/checkout/terminal/Terminal/Views/MainWindow.axaml : Avalonia error AVLN1001: File doesn't contain valid XAML: System.Xml.XmlException: Name cannot begin with the '{' character, hexadecimal value 0x7B. Line 1396, position 80. [/Users/jangminho/development/checkout/terminal/Terminal/Terminal.csproj]
/Users/jangminho/development/checkout/terminal/Terminal/Views/MainWindow.axaml : Avalonia error AVLN1001:    at System.Xml.XmlTextReaderImpl.Throw(Exception e) [/Users/jangminho/development/checkout/terminal/Terminal/Terminal.csproj]
/Users/jangminho/development/checkout/terminal/Terminal/Views/MainWindow.axaml : Avalonia error AVLN1001:    at System.Xml.XmlTextReaderImpl.Throw(String res, String[] args) [/Users/jangminho/development/checkout/terminal/Terminal/Terminal.csproj]
/Users/jangminho/development/checkout/terminal/Terminal/Views/MainWindow.axaml : Avalonia error AVLN1001:    at System.Xml.XmlTextReaderImpl.ParseAttributes() [/Users/jangminho/development/checkout/terminal/Terminal/Terminal.csproj]
/Users/jangminho/development/checkout/terminal/Terminal/Views/MainWindow.axaml : Avalonia error AVLN1001:    at System.Xml.XmlTextReaderImpl.ParseElement() [/Users/jangminho/development/checkout/terminal/Terminal/Terminal.csproj]
/Users/jangminho/development/checkout/terminal/Terminal/Views/MainWindow.axaml : Avalonia error AVLN1001:    at System.Xml.XmlTextReaderImpl.ParseElementContent() [/Users/jangminho/development/checkout/terminal/Terminal/Terminal.csproj]
/Users/jangminho/development/checkout/terminal/Terminal/Views/MainWindow.axaml : Avalonia error AVLN1001:    at System.Xml.Linq.XContainer.ReadContentFrom(XmlReader r) [/Users/jangminho/development/checkout/terminal/Terminal/Terminal.csproj]
/Users/jangminho/development/checkout/terminal/Terminal/Views/MainWindow.axaml : Avalonia error AVLN1001:    at System.Xml.Linq.XDocument.Load(XmlReader reader, LoadOptions options) [/Users/jangminho/development/checkout/terminal/Terminal/Terminal.csproj]
/Users/jangminho/development/checkout/terminal/Terminal/Views/MainWindow.axaml : Avalonia error AVLN1001:    at System.Xml.Linq.XDocument.Parse(String text, LoadOptions options) [/Users/jangminho/development/checkout/terminal/Terminal/Terminal.csproj]
/Users/jangminho/development/checkout/terminal/Terminal/Views/MainWindow.axaml : Avalonia error AVLN1001:    at Avalonia.Build.Tasks.XamlFileInfo.Parse(String data) in /_/src/Avalonia.Build.Tasks/XamlFileInfo.cs:line 11 [/Users/jangminho/development/checkout/terminal/Terminal/Terminal.csproj]
/Users/jangminho/development/checkout/terminal/Terminal/Views/MainWindow.axaml : Avalonia error AVLN1001:    at Avalonia.Build.Tasks.GenerateAvaloniaResourcesTask.PreProcessXamlFiles(List`1 sources) in /_/src/Avalonia.Build.Tasks/GenerateAvaloniaResourcesTask.cs:line 106 [/Users/jangminho/development/checkout/terminal/Terminal/Terminal.csproj]
    2 Warning(s)
    1 Error(s)

Time Elapsed 00:00:00.62
/Users/jangminho/development/checkout/terminal/Terminal/Terminal.csproj : warning NU1903: Package 'Tmds.DBus.Protocol' 0.20.0 has a known high severity vulnerability, https://github.com/advisories/GHSA-xrw6-gwf8-vvr9
/Users/jangminho/development/checkout/terminal/Terminal/Terminal.csproj : warning NU1903: Package 'Tmds.DBus.Protocol' 0.20.0 has a known high severity vulnerability, https://github.com/advisories/GHSA-xrw6-gwf8-vvr9
/Users/jangminho/development/checkout/terminal/Terminal/Views/MainWindow.axaml : Avalonia error AVLN1001: File doesn't contain valid XAML: System.Xml.XmlException: Name cannot begin with the '{' character, hexadecimal value 0x7B. Line 1396, position 80. [/Users/jangminho/development/checkout/terminal/Terminal/Terminal.csproj]
/Users/jangminho/development/checkout/terminal/Terminal/Views/MainWindow.axaml : Avalonia error AVLN1001:    at System.Xml.XmlTextReaderImpl.Throw(Exception e) [/Users/jangminho/development/checkout/terminal/Terminal/Terminal.csproj]
/Users/jangminho/development/checkout/terminal/Terminal/Views/MainWindow.axaml : Avalonia error AVLN1001:    at System.Xml.XmlTextReaderImpl.Throw(String res, String[] args) [/Users/jangminho/development/checkout/terminal/Terminal/Terminal.csproj]
/Users/jangminho/development/checkout/terminal/Terminal/Views/MainWindow.axaml : Avalonia error AVLN1001:    at System.Xml.XmlTextReaderImpl.ParseAttributes() [/Users/jangminho/development/checkout/terminal/Terminal/Terminal.csproj]
/Users/jangminho/development/checkout/terminal/Terminal/Views/MainWindow.axaml : Avalonia error AVLN1001:    at System.Xml.XmlTextReaderImpl.ParseElement() [/Users/jangminho/development/checkout/terminal/Terminal/Terminal.csproj]
/Users/jangminho/development/checkout/terminal/Terminal/Views/MainWindow.axaml : Avalonia error AVLN1001:    at System.Xml.XmlTextReaderImpl.ParseElementContent() [/Users/jangminho/development/checkout/terminal/Terminal/Terminal.csproj]
/Users/jangminho/development/checkout/terminal/Terminal/Views/MainWindow.axaml : Avalonia error AVLN1001:    at System.Xml.Linq.XContainer.ReadContentFrom(XmlReader r) [/Users/jangminho/development/checkout/terminal/Terminal/Terminal.csproj]
/Users/jangminho/development/checkout/terminal/Terminal/Views/MainWindow.axaml : Avalonia error AVLN1001:    at System.Xml.Linq.XDocument.Load(XmlReader reader, LoadOptions options) [/Users/jangminho/development/checkout/terminal/Terminal/Terminal.csproj]
/Users/jangminho/development/checkout/terminal/Terminal/Views/MainWindow.axaml : Avalonia error AVLN1001:    at System.Xml.Linq.XDocument.Parse(String text, LoadOptions options) [/Users/jangminho/development/checkout/terminal/Terminal/Terminal.csproj]
/Users/jangminho/development/checkout/terminal/Terminal/Views/MainWindow.axaml : Avalonia error AVLN1001:    at Avalonia.Build.Tasks.XamlFileInfo.Parse(String data) in /_/src/Avalonia.Build.Tasks/XamlFileInfo.cs:line 11 [/Users/jangminho/development/checkout/terminal/Terminal/Terminal.csproj]
/Users/jangminho/development/checkout/terminal/Terminal/Views/MainWindow.axaml : Avalonia error AVLN1001:    at Avalonia.Build.Tasks.GenerateAvaloniaResourcesTask.PreProcessXamlFiles(List`1 sources) in /_/src/Avalonia.Build.Tasks/GenerateAvaloniaResourcesTask.cs:line 106 [/Users/jangminho/development/checkout/terminal/Terminal/Terminal.csproj]

Build FAILED.

/Users/jangminho/development/checkout/terminal/Terminal/Terminal.csproj : warning NU1903: Package 'Tmds.DBus.Protocol' 0.20.0 has a known high severity vulnerability, https://github.com/advisories/GHSA-xrw6-gwf8-vvr9
/Users/jangminho/development/checkout/terminal/Terminal/Terminal.csproj : warning NU1903: Package 'Tmds.DBus.Protocol' 0.20.0 has a known high severity vulnerability, https://github.com/advisories/GHSA-xrw6-gwf8-vvr9
/Users/jangminho/development/checkout/terminal/Terminal/Views/MainWindow.axaml : Avalonia error AVLN1001: File doesn't contain valid XAML: System.Xml.XmlException: Name cannot begin with the '{' character, hexadecimal value 0x7B. Line 1396, position 80. [/Users/jangminho/development/checkout/terminal/Terminal/Terminal.csproj]
/Users/jangminho/development/checkout/terminal/Terminal/Views/MainWindow.axaml : Avalonia error AVLN1001:    at System.Xml.XmlTextReaderImpl.Throw(Exception e) [/Users/jangminho/development/checkout/terminal/Terminal/Terminal.csproj]
/Users/jangminho/development/checkout/terminal/Terminal/Views/MainWindow.axaml : Avalonia error AVLN1001:    at System.Xml.XmlTextReaderImpl.Throw(String res, String[] args) [/Users/jangminho/development/checkout/terminal/Terminal/Terminal.csproj]
/Users/jangminho/development/checkout/terminal/Terminal/Views/MainWindow.axaml : Avalonia error AVLN1001:    at System.Xml.XmlTextReaderImpl.ParseAttributes() [/Users/jangminho/development/checkout/terminal/Terminal/Terminal.csproj]
/Users/jangminho/development/checkout/terminal/Terminal/Views/MainWindow.axaml : Avalonia error AVLN1001:    at System.Xml.XmlTextReaderImpl.ParseElement() [/Users/jangminho/development/checkout/terminal/Terminal/Terminal.csproj]
/Users/jangminho/development/checkout/terminal/Terminal/Views/MainWindow.axaml : Avalonia error AVLN1001:    at System.Xml.XmlTextReaderImpl.ParseElementContent() [/Users/jangminho/development/checkout/terminal/Terminal/Terminal.csproj]
/Users/jangminho/development/checkout/terminal/Terminal/Views/MainWindow.axaml : Avalonia error AVLN1001:    at System.Xml.Linq.XContainer.ReadContentFrom(XmlReader r) [/Users/jangminho/development/checkout/terminal/Terminal/Terminal.csproj]
/Users/jangminho/development/checkout/terminal/Terminal/Views/MainWindow.axaml : Avalonia error AVLN1001:    at System.Xml.Linq.XDocument.Load(XmlReader reader, LoadOptions options) [/Users/jangminho/development/checkout/terminal/Terminal/Terminal.csproj]
/Users/jangminho/development/checkout/terminal/Terminal/Views/MainWindow.axaml : Avalonia error AVLN1001:    at System.Xml.Linq.XDocument.Parse(String text, LoadOptions options) [/Users/jangminho/development/checkout/terminal/Terminal/Terminal.csproj]
/Users/jangminho/development/checkout/terminal/Terminal/Views/MainWindow.axaml : Avalonia error AVLN1001:    at Avalonia.Build.Tasks.XamlFileInfo.Parse(String data) in /_/src/Avalonia.Build.Tasks/XamlFileInfo.cs:line 11 [/Users/jangminho/development/checkout/terminal/Terminal/Terminal.csproj]
/Users/jangminho/development/checkout/terminal/Terminal/Views/MainWindow.axaml : Avalonia error AVLN1001:    at Avalonia.Build.Tasks.GenerateAvaloniaResourcesTask.PreProcessXamlFiles(List`1 sources) in /_/src/Avalonia.Build.Tasks/GenerateAvaloniaResourcesTask.cs:line 106 [/Users/jangminho/development/checkout/terminal/Terminal/Terminal.csproj]
    2 Warning(s)
    1 Error(s)

Time Elapsed 00:00:00.61
/Users/jangminho/development/checkout/terminal/Terminal/Terminal.csproj : warning NU1903: Package 'Tmds.DBus.Protocol' 0.20.0 has a known high severity vulnerability, https://github.com/advisories/GHSA-xrw6-gwf8-vvr9
/Users/jangminho/development/checkout/terminal/Terminal/Terminal.csproj : warning NU1903: Package 'Tmds.DBus.Protocol' 0.20.0 has a known high severity vulnerability, https://github.com/advisories/GHSA-xrw6-gwf8-vvr9
/Users/jangminho/development/checkout/terminal/Terminal/Views/MainWindow.axaml : Avalonia error AVLN1001: File doesn't contain valid XAML: System.Xml.XmlException: Name cannot begin with the '{' character, hexadecimal value 0x7B. Line 1403, position 80. [/Users/jangminho/development/checkout/terminal/Terminal/Terminal.csproj]
/Users/jangminho/development/checkout/terminal/Terminal/Views/MainWindow.axaml : Avalonia error AVLN1001:    at System.Xml.XmlTextReaderImpl.Throw(Exception e) [/Users/jangminho/development/checkout/terminal/Terminal/Terminal.csproj]
/Users/jangminho/development/checkout/terminal/Terminal/Views/MainWindow.axaml : Avalonia error AVLN1001:    at System.Xml.XmlTextReaderImpl.Throw(String res, String[] args) [/Users/jangminho/development/checkout/terminal/Terminal/Terminal.csproj]
/Users/jangminho/development/checkout/terminal/Terminal/Views/MainWindow.axaml : Avalonia error AVLN1001:    at System.Xml.XmlTextReaderImpl.ParseAttributes() [/Users/jangminho/development/checkout/terminal/Terminal/Terminal.csproj]
/Users/jangminho/development/checkout/terminal/Terminal/Views/MainWindow.axaml : Avalonia error AVLN1001:    at System.Xml.XmlTextReaderImpl.ParseElement() [/Users/jangminho/development/checkout/terminal/Terminal/Terminal.csproj]
/Users/jangminho/development/checkout/terminal/Terminal/Views/MainWindow.axaml : Avalonia error AVLN1001:    at System.Xml.XmlTextReaderImpl.ParseElementContent() [/Users/jangminho/development/checkout/terminal/Terminal/Terminal.csproj]
/Users/jangminho/development/checkout/terminal/Terminal/Views/MainWindow.axaml : Avalonia error AVLN1001:    at System.Xml.Linq.XContainer.ReadContentFrom(XmlReader r) [/Users/jangminho/development/checkout/terminal/Terminal/Terminal.csproj]
/Users/jangminho/development/checkout/terminal/Terminal/Views/MainWindow.axaml : Avalonia error AVLN1001:    at System.Xml.Linq.XDocument.Load(XmlReader reader, LoadOptions options) [/Users/jangminho/development/checkout/terminal/Terminal/Terminal.csproj]
/Users/jangminho/development/checkout/terminal/Terminal/Views/MainWindow.axaml : Avalonia error AVLN1001:    at System.Xml.Linq.XDocument.Parse(String text, LoadOptions options) [/Users/jangminho/development/checkout/terminal/Terminal/Terminal.csproj]
/Users/jangminho/development/checkout/terminal/Terminal/Views/MainWindow.axaml : Avalonia error AVLN1001:    at Avalonia.Build.Tasks.XamlFileInfo.Parse(String data) in /_/src/Avalonia.Build.Tasks/XamlFileInfo.cs:line 11 [/Users/jangminho/development/checkout/terminal/Terminal/Terminal.csproj]
/Users/jangminho/development/checkout/terminal/Terminal/Views/MainWindow.axaml : Avalonia error AVLN1001:    at Avalonia.Build.Tasks.GenerateAvaloniaResourcesTask.PreProcessXamlFiles(List`1 sources) in /_/src/Avalonia.Build.Tasks/GenerateAvaloniaResourcesTask.cs:line 106 [/Users/jangminho/development/checkout/terminal/Terminal/Terminal.csproj]

Build FAILED.

/Users/jangminho/development/checkout/terminal/Terminal/Terminal.csproj : warning NU1903: Package 'Tmds.DBus.Protocol' 0.20.0 has a known high severity vulnerability, https://github.com/advisories/GHSA-xrw6-gwf8-vvr9
/Users/jangminho/development/checkout/terminal/Terminal/Terminal.csproj : warning NU1903: Package 'Tmds.DBus.Protocol' 0.20.0 has a known high severity vulnerability, https://github.com/advisories/GHSA-xrw6-gwf8-vvr9
/Users/jangminho/development/checkout/terminal/Terminal/Views/MainWindow.axaml : Avalonia error AVLN1001: File doesn't contain valid XAML: System.Xml.XmlException: Name cannot begin with the '{' character, hexadecimal value 0x7B. Line 1403, position 80. [/Users/jangminho/development/checkout/terminal/Terminal/Terminal.csproj]
/Users/jangminho/development/checkout/terminal/Terminal/Views/MainWindow.axaml : Avalonia error AVLN1001:    at System.Xml.XmlTextReaderImpl.Throw(Exception e) [/Users/jangminho/development/checkout/terminal/Terminal/Terminal.csproj]
/Users/jangminho/development/checkout/terminal/Terminal/Views/MainWindow.axaml : Avalonia error AVLN1001:    at System.Xml.XmlTextReaderImpl.Throw(String res, String[] args) [/Users/jangminho/development/checkout/terminal/Terminal/Terminal.csproj]
/Users/jangminho/development/checkout/terminal/Terminal/Views/MainWindow.axaml : Avalonia error AVLN1001:    at System.Xml.XmlTextReaderImpl.ParseAttributes() [/Users/jangminho/development/checkout/terminal/Terminal/Terminal.csproj]
/Users/jangminho/development/checkout/terminal/Terminal/Views/MainWindow.axaml : Avalonia error AVLN1001:    at System.Xml.XmlTextReaderImpl.ParseElement() [/Users/jangminho/development/checkout/terminal/Terminal/Terminal.csproj]
/Users/jangminho/development/checkout/terminal/Terminal/Views/MainWindow.axaml : Avalonia error AVLN1001:    at System.Xml.XmlTextReaderImpl.ParseElementContent() [/Users/jangminho/development/checkout/terminal/Terminal/Terminal.csproj]
/Users/jangminho/development/checkout/terminal/Terminal/Views/MainWindow.axaml : Avalonia error AVLN1001:    at System.Xml.Linq.XContainer.ReadContentFrom(XmlReader r) [/Users/jangminho/development/checkout/terminal/Terminal/Terminal.csproj]
/Users/jangminho/development/checkout/terminal/Terminal/Views/MainWindow.axaml : Avalonia error AVLN1001:    at System.Xml.Linq.XDocument.Load(XmlReader reader, LoadOptions options) [/Users/jangminho/development/checkout/terminal/Terminal/Terminal.csproj]
/Users/jangminho/development/checkout/terminal/Terminal/Views/MainWindow.axaml : Avalonia error AVLN1001:    at System.Xml.Linq.XDocument.Parse(String text, LoadOptions options) [/Users/jangminho/development/checkout/terminal/Terminal/Terminal.csproj]
/Users/jangminho/development/checkout/terminal/Terminal/Views/MainWindow.axaml : Avalonia error AVLN1001:    at Avalonia.Build.Tasks.XamlFileInfo.Parse(String data) in /_/src/Avalonia.Build.Tasks/XamlFileInfo.cs:line 11 [/Users/jangminho/development/checkout/terminal/Terminal/Terminal.csproj]
/Users/jangminho/development/checkout/terminal/Terminal/Views/MainWindow.axaml : Avalonia error AVLN1001:    at Avalonia.Build.Tasks.GenerateAvaloniaResourcesTask.PreProcessXamlFiles(List`1 sources) in /_/src/Avalonia.Build.Tasks/GenerateAvaloniaResourcesTask.cs:line 106 [/Users/jangminho/development/checkout/terminal/Terminal/Terminal.csproj]
    2 Warning(s)
    1 Error(s)

Time Elapsed 00:00:00.63
/Users/jangminho/development/checkout/terminal/Terminal/Terminal.csproj : warning NU1903: Package 'Tmds.DBus.Protocol' 0.20.0 has a known high severity vulnerability, https://github.com/advisories/GHSA-xrw6-gwf8-vvr9
/Users/jangminho/development/checkout/terminal/Terminal/Terminal.csproj : warning NU1903: Package 'Tmds.DBus.Protocol' 0.20.0 has a known high severity vulnerability, https://github.com/advisories/GHSA-xrw6-gwf8-vvr9
/Users/jangminho/development/checkout/terminal/Terminal/Views/MainWindow.axaml : Avalonia error AVLN1001: File doesn't contain valid XAML: System.Xml.XmlException: Name cannot begin with the '{' character, hexadecimal value 0x7B. Line 1403, position 80. [/Users/jangminho/development/checkout/terminal/Terminal/Terminal.csproj]
/Users/jangminho/development/checkout/terminal/Terminal/Views/MainWindow.axaml : Avalonia error AVLN1001:    at System.Xml.XmlTextReaderImpl.Throw(Exception e) [/Users/jangminho/development/checkout/terminal/Terminal/Terminal.csproj]
/Users/jangminho/development/checkout/terminal/Terminal/Views/MainWindow.axaml : Avalonia error AVLN1001:    at System.Xml.XmlTextReaderImpl.Throw(String res, String[] args) [/Users/jangminho/development/checkout/terminal/Terminal/Terminal.csproj]
/Users/jangminho/development/checkout/terminal/Terminal/Views/MainWindow.axaml : Avalonia error AVLN1001:    at System.Xml.XmlTextReaderImpl.ParseAttributes() [/Users/jangminho/development/checkout/terminal/Terminal/Terminal.csproj]
/Users/jangminho/development/checkout/terminal/Terminal/Views/MainWindow.axaml : Avalonia error AVLN1001:    at System.Xml.XmlTextReaderImpl.ParseElement() [/Users/jangminho/development/checkout/terminal/Terminal/Terminal.csproj]
/Users/jangminho/development/checkout/terminal/Terminal/Views/MainWindow.axaml : Avalonia error AVLN1001:    at System.Xml.XmlTextReaderImpl.ParseElementContent() [/Users/jangminho/development/checkout/terminal/Terminal/Terminal.csproj]
/Users/jangminho/development/checkout/terminal/Terminal/Views/MainWindow.axaml : Avalonia error AVLN1001:    at System.Xml.Linq.XContainer.ReadContentFrom(XmlReader r) [/Users/jangminho/development/checkout/terminal/Terminal/Terminal.csproj]
/Users/jangminho/development/checkout/terminal/Terminal/Views/MainWindow.axaml : Avalonia error AVLN1001:    at System.Xml.Linq.XDocument.Load(XmlReader reader, LoadOptions options) [/Users/jangminho/development/checkout/terminal/Terminal/Terminal.csproj]
/Users/jangminho/development/checkout/terminal/Terminal/Views/MainWindow.axaml : Avalonia error AVLN1001:    at System.Xml.Linq.XDocument.Parse(String text, LoadOptions options) [/Users/jangminho/development/checkout/terminal/Terminal/Terminal.csproj]
/Users/jangminho/development/checkout/terminal/Terminal/Views/MainWindow.axaml : Avalonia error AVLN1001:    at Avalonia.Build.Tasks.XamlFileInfo.Parse(String data) in /_/src/Avalonia.Build.Tasks/XamlFileInfo.cs:line 11 [/Users/jangminho/development/checkout/terminal/Terminal/Terminal.csproj]
/Users/jangminho/development/checkout/terminal/Terminal/Views/MainWindow.axaml : Avalonia error AVLN1001:    at Avalonia.Build.Tasks.GenerateAvaloniaResourcesTask.PreProcessXamlFiles(List`1 sources) in /_/src/Avalonia.Build.Tasks/GenerateAvaloniaResourcesTask.cs:line 106 [/Users/jangminho/development/checkout/terminal/Terminal/Terminal.csproj]

Build FAILED.

/Users/jangminho/development/checkout/terminal/Terminal/Terminal.csproj : warning NU1903: Package 'Tmds.DBus.Protocol' 0.20.0 has a known high severity vulnerability, https://github.com/advisories/GHSA-xrw6-gwf8-vvr9
/Users/jangminho/development/checkout/terminal/Terminal/Terminal.csproj : warning NU1903: Package 'Tmds.DBus.Protocol' 0.20.0 has a known high severity vulnerability, https://github.com/advisories/GHSA-xrw6-gwf8-vvr9
/Users/jangminho/development/checkout/terminal/Terminal/Views/MainWindow.axaml : Avalonia error AVLN1001: File doesn't contain valid XAML: System.Xml.XmlException: Name cannot begin with the '{' character, hexadecimal value 0x7B. Line 1403, position 80. [/Users/jangminho/development/checkout/terminal/Terminal/Terminal.csproj]
/Users/jangminho/development/checkout/terminal/Terminal/Views/MainWindow.axaml : Avalonia error AVLN1001:    at System.Xml.XmlTextReaderImpl.Throw(Exception e) [/Users/jangminho/development/checkout/terminal/Terminal/Terminal.csproj]
/Users/jangminho/development/checkout/terminal/Terminal/Views/MainWindow.axaml : Avalonia error AVLN1001:    at System.Xml.XmlTextReaderImpl.Throw(String res, String[] args) [/Users/jangminho/development/checkout/terminal/Terminal/Terminal.csproj]
/Users/jangminho/development/checkout/terminal/Terminal/Views/MainWindow.axaml : Avalonia error AVLN1001:    at System.Xml.XmlTextReaderImpl.ParseAttributes() [/Users/jangminho/development/checkout/terminal/Terminal/Terminal.csproj]
/Users/jangminho/development/checkout/terminal/Terminal/Views/MainWindow.axaml : Avalonia error AVLN1001:    at System.Xml.XmlTextReaderImpl.ParseElement() [/Users/jangminho/development/checkout/terminal/Terminal/Terminal.csproj]
/Users/jangminho/development/checkout/terminal/Terminal/Views/MainWindow.axaml : Avalonia error AVLN1001:    at System.Xml.XmlTextReaderImpl.ParseElementContent() [/Users/jangminho/development/checkout/terminal/Terminal/Terminal.csproj]
/Users/jangminho/development/checkout/terminal/Terminal/Views/MainWindow.axaml : Avalonia error AVLN1001:    at System.Xml.Linq.XContainer.ReadContentFrom(XmlReader r) [/Users/jangminho/development/checkout/terminal/Terminal/Terminal.csproj]
/Users/jangminho/development/checkout/terminal/Terminal/Views/MainWindow.axaml : Avalonia error AVLN1001:    at System.Xml.Linq.XDocument.Load(XmlReader reader, LoadOptions options) [/Users/jangminho/development/checkout/terminal/Terminal/Terminal.csproj]
/Users/jangminho/development/checkout/terminal/Terminal/Views/MainWindow.axaml : Avalonia error AVLN1001:    at System.Xml.Linq.XDocument.Parse(String text, LoadOptions options) [/Users/jangminho/development/checkout/terminal/Terminal/Terminal.csproj]
/Users/jangminho/development/checkout/terminal/Terminal/Views/MainWindow.axaml : Avalonia error AVLN1001:    at Avalonia.Build.Tasks.XamlFileInfo.Parse(String data) in /_/src/Avalonia.Build.Tasks/XamlFileInfo.cs:line 11 [/Users/jangminho/development/checkout/terminal/Terminal/Terminal.csproj]
/Users/jangminho/development/checkout/terminal/Terminal/Views/MainWindow.axaml : Avalonia error AVLN1001:    at Avalonia.Build.Tasks.GenerateAvaloniaResourcesTask.PreProcessXamlFiles(List`1 sources) in /_/src/Avalonia.Build.Tasks/GenerateAvaloniaResourcesTask.cs:line 106 [/Users/jangminho/development/checkout/terminal/Terminal/Terminal.csproj]
    2 Warning(s)
    1 Error(s)

Time Elapsed 00:00:00.63
/Users/jangminho/development/checkout/terminal/Terminal/Terminal.csproj : warning NU1903: Package 'Tmds.DBus.Protocol' 0.20.0 has a known high severity vulnerability, https://github.com/advisories/GHSA-xrw6-gwf8-vvr9
/Users/jangminho/development/checkout/terminal/Terminal/Terminal.csproj : warning NU1903: Package 'Tmds.DBus.Protocol' 0.20.0 has a known high severity vulnerability, https://github.com/advisories/GHSA-xrw6-gwf8-vvr9
/Users/jangminho/development/checkout/terminal/Terminal/Views/MainWindow.axaml : Avalonia error AVLN1001: File doesn't contain valid XAML: System.Xml.XmlException: Name cannot begin with the '{' character, hexadecimal value 0x7B. Line 1411, position 80. [/Users/jangminho/development/checkout/terminal/Terminal/Terminal.csproj]
/Users/jangminho/development/checkout/terminal/Terminal/Views/MainWindow.axaml : Avalonia error AVLN1001:    at System.Xml.XmlTextReaderImpl.Throw(Exception e) [/Users/jangminho/development/checkout/terminal/Terminal/Terminal.csproj]
/Users/jangminho/development/checkout/terminal/Terminal/Views/MainWindow.axaml : Avalonia error AVLN1001:    at System.Xml.XmlTextReaderImpl.Throw(String res, String[] args) [/Users/jangminho/development/checkout/terminal/Terminal/Terminal.csproj]
/Users/jangminho/development/checkout/terminal/Terminal/Views/MainWindow.axaml : Avalonia error AVLN1001:    at System.Xml.XmlTextReaderImpl.ParseAttributes() [/Users/jangminho/development/checkout/terminal/Terminal/Terminal.csproj]
/Users/jangminho/development/checkout/terminal/Terminal/Views/MainWindow.axaml : Avalonia error AVLN1001:    at System.Xml.XmlTextReaderImpl.ParseElement() [/Users/jangminho/development/checkout/terminal/Terminal/Terminal.csproj]
/Users/jangminho/development/checkout/terminal/Terminal/Views/MainWindow.axaml : Avalonia error AVLN1001:    at System.Xml.XmlTextReaderImpl.ParseElementContent() [/Users/jangminho/development/checkout/terminal/Terminal/Terminal.csproj]
/Users/jangminho/development/checkout/terminal/Terminal/Views/MainWindow.axaml : Avalonia error AVLN1001:    at System.Xml.Linq.XContainer.ReadContentFrom(XmlReader r) [/Users/jangminho/development/checkout/terminal/Terminal/Terminal.csproj]
/Users/jangminho/development/checkout/terminal/Terminal/Views/MainWindow.axaml : Avalonia error AVLN1001:    at System.Xml.Linq.XDocument.Load(XmlReader reader, LoadOptions options) [/Users/jangminho/development/checkout/terminal/Terminal/Terminal.csproj]
/Users/jangminho/development/checkout/terminal/Terminal/Views/MainWindow.axaml : Avalonia error AVLN1001:    at System.Xml.Linq.XDocument.Parse(String text, LoadOptions options) [/Users/jangminho/development/checkout/terminal/Terminal/Terminal.csproj]
/Users/jangminho/development/checkout/terminal/Terminal/Views/MainWindow.axaml : Avalonia error AVLN1001:    at Avalonia.Build.Tasks.XamlFileInfo.Parse(String data) in /_/src/Avalonia.Build.Tasks/XamlFileInfo.cs:line 11 [/Users/jangminho/development/checkout/terminal/Terminal/Terminal.csproj]
/Users/jangminho/development/checkout/terminal/Terminal/Views/MainWindow.axaml : Avalonia error AVLN1001:    at Avalonia.Build.Tasks.GenerateAvaloniaResourcesTask.PreProcessXamlFiles(List`1 sources) in /_/src/Avalonia.Build.Tasks/GenerateAvaloniaResourcesTask.cs:line 106 [/Users/jangminho/development/checkout/terminal/Terminal/Terminal.csproj]

Build FAILED.

/Users/jangminho/development/checkout/terminal/Terminal/Terminal.csproj : warning NU1903: Package 'Tmds.DBus.Protocol' 0.20.0 has a known high severity vulnerability, https://github.com/advisories/GHSA-xrw6-gwf8-vvr9
/Users/jangminho/development/checkout/terminal/Terminal/Terminal.csproj : warning NU1903: Package 'Tmds.DBus.Protocol' 0.20.0 has a known high severity vulnerability, https://github.com/advisories/GHSA-xrw6-gwf8-vvr9
/Users/jangminho/development/checkout/terminal/Terminal/Views/MainWindow.axaml : Avalonia error AVLN1001: File doesn't contain valid XAML: System.Xml.XmlException: Name cannot begin with the '{' character, hexadecimal value 0x7B. Line 1411, position 80. [/Users/jangminho/development/checkout/terminal/Terminal/Terminal.csproj]
/Users/jangminho/development/checkout/terminal/Terminal/Views/MainWindow.axaml : Avalonia error AVLN1001:    at System.Xml.XmlTextReaderImpl.Throw(Exception e) [/Users/jangminho/development/checkout/terminal/Terminal/Terminal.csproj]
/Users/jangminho/development/checkout/terminal/Terminal/Views/MainWindow.axaml : Avalonia error AVLN1001:    at System.Xml.XmlTextReaderImpl.Throw(String res, String[] args) [/Users/jangminho/development/checkout/terminal/Terminal/Terminal.csproj]
/Users/jangminho/development/checkout/terminal/Terminal/Views/MainWindow.axaml : Avalonia error AVLN1001:    at System.Xml.XmlTextReaderImpl.ParseAttributes() [/Users/jangminho/development/checkout/terminal/Terminal/Terminal.csproj]
/Users/jangminho/development/checkout/terminal/Terminal/Views/MainWindow.axaml : Avalonia error AVLN1001:    at System.Xml.XmlTextReaderImpl.ParseElement() [/Users/jangminho/development/checkout/terminal/Terminal/Terminal.csproj]
/Users/jangminho/development/checkout/terminal/Terminal/Views/MainWindow.axaml : Avalonia error AVLN1001:    at System.Xml.XmlTextReaderImpl.ParseElementContent() [/Users/jangminho/development/checkout/terminal/Terminal/Terminal.csproj]
/Users/jangminho/development/checkout/terminal/Terminal/Views/MainWindow.axaml : Avalonia error AVLN1001:    at System.Xml.Linq.XContainer.ReadContentFrom(XmlReader r) [/Users/jangminho/development/checkout/terminal/Terminal/Terminal.csproj]
/Users/jangminho/development/checkout/terminal/Terminal/Views/MainWindow.axaml : Avalonia error AVLN1001:    at System.Xml.Linq.XDocument.Load(XmlReader reader, LoadOptions options) [/Users/jangminho/development/checkout/terminal/Terminal/Terminal.csproj]
/Users/jangminho/development/checkout/terminal/Terminal/Views/MainWindow.axaml : Avalonia error AVLN1001:    at System.Xml.Linq.XDocument.Parse(String text, LoadOptions options) [/Users/jangminho/development/checkout/terminal/Terminal/Terminal.csproj]
/Users/jangminho/development/checkout/terminal/Terminal/Views/MainWindow.axaml : Avalonia error AVLN1001:    at Avalonia.Build.Tasks.XamlFileInfo.Parse(String data) in /_/src/Avalonia.Build.Tasks/XamlFileInfo.cs:line 11 [/Users/jangminho/development/checkout/terminal/Terminal/Terminal.csproj]
/Users/jangminho/development/checkout/terminal/Terminal/Views/MainWindow.axaml : Avalonia error AVLN1001:    at Avalonia.Build.Tasks.GenerateAvaloniaResourcesTask.PreProcessXamlFiles(List`1 sources) in /_/src/Avalonia.Build.Tasks/GenerateAvaloniaResourcesTask.cs:line 106 [/Users/jangminho/development/checkout/terminal/Terminal/Terminal.csproj]
    2 Warning(s)
    1 Error(s)

Time Elapsed 00:00:00.60
/Users/jangminho/development/checkout/terminal/Terminal/Terminal.csproj : warning NU1903: Package 'Tmds.DBus.Protocol' 0.20.0 has a known high severity vulnerability, https://github.com/advisories/GHSA-xrw6-gwf8-vvr9
/Users/jangminho/development/checkout/terminal/Terminal/Terminal.csproj : warning NU1903: Package 'Tmds.DBus.Protocol' 0.20.0 has a known high severity vulnerability, https://github.com/advisories/GHSA-xrw6-gwf8-vvr9
/Users/jangminho/development/checkout/terminal/Terminal/Views/MainWindow.axaml : Avalonia error AVLN1001: File doesn't contain valid XAML: System.Xml.XmlException: Name cannot begin with the '{' character, hexadecimal value 0x7B. Line 1411, position 80. [/Users/jangminho/development/checkout/terminal/Terminal/Terminal.csproj]
/Users/jangminho/development/checkout/terminal/Terminal/Views/MainWindow.axaml : Avalonia error AVLN1001:    at System.Xml.XmlTextReaderImpl.Throw(Exception e) [/Users/jangminho/development/checkout/terminal/Terminal/Terminal.csproj]
/Users/jangminho/development/checkout/terminal/Terminal/Views/MainWindow.axaml : Avalonia error AVLN1001:    at System.Xml.XmlTextReaderImpl.Throw(String res, String[] args) [/Users/jangminho/development/checkout/terminal/Terminal/Terminal.csproj]
/Users/jangminho/development/checkout/terminal/Terminal/Views/MainWindow.axaml : Avalonia error AVLN1001:    at System.Xml.XmlTextReaderImpl.ParseAttributes() [/Users/jangminho/development/checkout/terminal/Terminal/Terminal.csproj]
/Users/jangminho/development/checkout/terminal/Terminal/Views/MainWindow.axaml : Avalonia error AVLN1001:    at System.Xml.XmlTextReaderImpl.ParseElement() [/Users/jangminho/development/checkout/terminal/Terminal/Terminal.csproj]
/Users/jangminho/development/checkout/terminal/Terminal/Views/MainWindow.axaml : Avalonia error AVLN1001:    at System.Xml.XmlTextReaderImpl.ParseElementContent() [/Users/jangminho/development/checkout/terminal/Terminal/Terminal.csproj]
/Users/jangminho/development/checkout/terminal/Terminal/Views/MainWindow.axaml : Avalonia error AVLN1001:    at System.Xml.Linq.XContainer.ReadContentFrom(XmlReader r) [/Users/jangminho/development/checkout/terminal/Terminal/Terminal.csproj]
/Users/jangminho/development/checkout/terminal/Terminal/Views/MainWindow.axaml : Avalonia error AVLN1001:    at System.Xml.Linq.XDocument.Load(XmlReader reader, LoadOptions options) [/Users/jangminho/development/checkout/terminal/Terminal/Terminal.csproj]
/Users/jangminho/development/checkout/terminal/Terminal/Views/MainWindow.axaml : Avalonia error AVLN1001:    at System.Xml.Linq.XDocument.Parse(String text, LoadOptions options) [/Users/jangminho/development/checkout/terminal/Terminal/Terminal.csproj]
/Users/jangminho/development/checkout/terminal/Terminal/Views/MainWindow.axaml : Avalonia error AVLN1001:    at Avalonia.Build.Tasks.XamlFileInfo.Parse(String data) in /_/src/Avalonia.Build.Tasks/XamlFileInfo.cs:line 11 [/Users/jangminho/development/checkout/terminal/Terminal/Terminal.csproj]
/Users/jangminho/development/checkout/terminal/Terminal/Views/MainWindow.axaml : Avalonia error AVLN1001:    at Avalonia.Build.Tasks.GenerateAvaloniaResourcesTask.PreProcessXamlFiles(List`1 sources) in /_/src/Avalonia.Build.Tasks/GenerateAvaloniaResourcesTask.cs:line 106 [/Users/jangminho/development/checkout/terminal/Terminal/Terminal.csproj]

Build FAILED.

/Users/jangminho/development/checkout/terminal/Terminal/Terminal.csproj : warning NU1903: Package 'Tmds.DBus.Protocol' 0.20.0 has a known high severity vulnerability, https://github.com/advisories/GHSA-xrw6-gwf8-vvr9
/Users/jangminho/development/checkout/terminal/Terminal/Terminal.csproj : warning NU1903: Package 'Tmds.DBus.Protocol' 0.20.0 has a known high severity vulnerability, https://github.com/advisories/GHSA-xrw6-gwf8-vvr9
/Users/jangminho/development/checkout/terminal/Terminal/Views/MainWindow.axaml : Avalonia error AVLN1001: File doesn't contain valid XAML: System.Xml.XmlException: Name cannot begin with the '{' character, hexadecimal value 0x7B. Line 1411, position 80. [/Users/jangminho/development/checkout/terminal/Terminal/Terminal.csproj]
/Users/jangminho/development/checkout/terminal/Terminal/Views/MainWindow.axaml : Avalonia error AVLN1001:    at System.Xml.XmlTextReaderImpl.Throw(Exception e) [/Users/jangminho/development/checkout/terminal/Terminal/Terminal.csproj]
/Users/jangminho/development/checkout/terminal/Terminal/Views/MainWindow.axaml : Avalonia error AVLN1001:    at System.Xml.XmlTextReaderImpl.Throw(String res, String[] args) [/Users/jangminho/development/checkout/terminal/Terminal/Terminal.csproj]
/Users/jangminho/development/checkout/terminal/Terminal/Views/MainWindow.axaml : Avalonia error AVLN1001:    at System.Xml.XmlTextReaderImpl.ParseAttributes() [/Users/jangminho/development/checkout/terminal/Terminal/Terminal.csproj]
/Users/jangminho/development/checkout/terminal/Terminal/Views/MainWindow.axaml : Avalonia error AVLN1001:    at System.Xml.XmlTextReaderImpl.ParseElement() [/Users/jangminho/development/checkout/terminal/Terminal/Terminal.csproj]
/Users/jangminho/development/checkout/terminal/Terminal/Views/MainWindow.axaml : Avalonia error AVLN1001:    at System.Xml.XmlTextReaderImpl.ParseElementContent() [/Users/jangminho/development/checkout/terminal/Terminal/Terminal.csproj]
/Users/jangminho/development/checkout/terminal/Terminal/Views/MainWindow.axaml : Avalonia error AVLN1001:    at System.Xml.Linq.XContainer.ReadContentFrom(XmlReader r) [/Users/jangminho/development/checkout/terminal/Terminal/Terminal.csproj]
/Users/jangminho/development/checkout/terminal/Terminal/Views/MainWindow.axaml : Avalonia error AVLN1001:    at System.Xml.Linq.XDocument.Load(XmlReader reader, LoadOptions options) [/Users/jangminho/development/checkout/terminal/Terminal/Terminal.csproj]
/Users/jangminho/development/checkout/terminal/Terminal/Views/MainWindow.axaml : Avalonia error AVLN1001:    at System.Xml.Linq.XDocument.Parse(String text, LoadOptions options) [/Users/jangminho/development/checkout/terminal/Terminal/Terminal.csproj]
/Users/jangminho/development/checkout/terminal/Terminal/Views/MainWindow.axaml : Avalonia error AVLN1001:    at Avalonia.Build.Tasks.XamlFileInfo.Parse(String data) in /_/src/Avalonia.Build.Tasks/XamlFileInfo.cs:line 11 [/Users/jangminho/development/checkout/terminal/Terminal/Terminal.csproj]
/Users/jangminho/development/checkout/terminal/Terminal/Views/MainWindow.axaml : Avalonia error AVLN1001:    at Avalonia.Build.Tasks.GenerateAvaloniaResourcesTask.PreProcessXamlFiles(List`1 sources) in /_/src/Avalonia.Build.Tasks/GenerateAvaloniaResourcesTask.cs:line 106 [/Users/jangminho/development/checkout/terminal/Terminal/Terminal.csproj]
    2 Warning(s)
    1 Error(s)

Time Elapsed 00:00:00.60
/Users/jangminho/development/checkout/terminal/Terminal/Terminal.csproj : warning NU1903: Package 'Tmds.DBus.Protocol' 0.20.0 has a known high severity vulnerability, https://github.com/advisories/GHSA-xrw6-gwf8-vvr9
/Users/jangminho/development/checkout/terminal/Terminal/Terminal.csproj : warning NU1903: Package 'Tmds.DBus.Protocol' 0.20.0 has a known high severity vulnerability, https://github.com/advisories/GHSA-xrw6-gwf8-vvr9
/Users/jangminho/development/checkout/terminal/Terminal/Models/CartItem.cs(30,18): warning CS8826: Partial method declarations 'void CartItem.OnUnitPriceChanged(decimal value)' and 'void CartItem.OnUnitPriceChanged(decimal _)' have signature differences. [/Users/jangminho/development/checkout/terminal/Terminal/Terminal.csproj]
/Users/jangminho/development/checkout/terminal/Terminal/Models/CartItem.cs(31,18): warning CS8826: Partial method declarations 'void CartItem.OnWeightStatusChanged(string value)' and 'void CartItem.OnWeightStatusChanged(string _)' have signature differences. [/Users/jangminho/development/checkout/terminal/Terminal/Terminal.csproj]
/Users/jangminho/development/checkout/terminal/Terminal/ViewModels/MainViewModel.cs(138,18): warning CS8826: Partial method declarations 'void MainViewModel.OnBonusPointsInputChanged(string value)' and 'void MainViewModel.OnBonusPointsInputChanged(string _)' have signature differences. [/Users/jangminho/development/checkout/terminal/Terminal/Terminal.csproj]
/Users/jangminho/development/checkout/terminal/Terminal/ViewModels/MainViewModel.cs(190,18): warning CS8826: Partial method declarations 'void MainViewModel.OnCurrentMemberChanged(LoyaltyMemberInfo? value)' and 'void MainViewModel.OnCurrentMemberChanged(LoyaltyMemberInfo? _)' have signature differences. [/Users/jangminho/development/checkout/terminal/Terminal/Terminal.csproj]
/Users/jangminho/development/checkout/terminal/Terminal/ViewModels/MainViewModel.cs(196,18): warning CS8826: Partial method declarations 'void MainViewModel.OnPointsEarnedChanged(int value)' and 'void MainViewModel.OnPointsEarnedChanged(int _)' have signature differences. [/Users/jangminho/development/checkout/terminal/Terminal/Terminal.csproj]
/Users/jangminho/development/checkout/terminal/Terminal/ViewModels/MainViewModel.cs(199,18): warning CS8826: Partial method declarations 'void MainViewModel.OnLoyaltyDiscountChanged(decimal value)' and 'void MainViewModel.OnLoyaltyDiscountChanged(decimal _)' have signature differences. [/Users/jangminho/development/checkout/terminal/Terminal/Terminal.csproj]
/Users/jangminho/development/checkout/terminal/Terminal/ViewModels/MainViewModel.cs(206,18): warning CS8826: Partial method declarations 'void MainViewModel.OnPaymentMethodChanged(string value)' and 'void MainViewModel.OnPaymentMethodChanged(string _)' have signature differences. [/Users/jangminho/development/checkout/terminal/Terminal/Terminal.csproj]
/Users/jangminho/development/checkout/terminal/Terminal/ViewModels/MainViewModel.cs(213,18): warning CS8826: Partial method declarations 'void MainViewModel.OnCashInsertedChanged(decimal value)' and 'void MainViewModel.OnCashInsertedChanged(decimal _)' have signature differences. [/Users/jangminho/development/checkout/terminal/Terminal/Terminal.csproj]
/Users/jangminho/development/checkout/terminal/Terminal/ViewModels/MainViewModel.cs(632,24): warning CS1998: This async method lacks 'await' operators and will run synchronously. Consider using the 'await' operator to await non-blocking API calls, or 'await Task.Run(...)' to do CPU-bound work on a background thread. [/Users/jangminho/development/checkout/terminal/Terminal/Terminal.csproj]
/Users/jangminho/development/checkout/terminal/Terminal/ViewModels/MainViewModel.cs(947,24): warning CS1998: This async method lacks 'await' operators and will run synchronously. Consider using the 'await' operator to await non-blocking API calls, or 'await Task.Run(...)' to do CPU-bound work on a background thread. [/Users/jangminho/development/checkout/terminal/Terminal/Terminal.csproj]

Build succeeded.

/Users/jangminho/development/checkout/terminal/Terminal/Terminal.csproj : warning NU1903: Package 'Tmds.DBus.Protocol' 0.20.0 has a known high severity vulnerability, https://github.com/advisories/GHSA-xrw6-gwf8-vvr9
/Users/jangminho/development/checkout/terminal/Terminal/Terminal.csproj : warning NU1903: Package 'Tmds.DBus.Protocol' 0.20.0 has a known high severity vulnerability, https://github.com/advisories/GHSA-xrw6-gwf8-vvr9
/Users/jangminho/development/checkout/terminal/Terminal/Models/CartItem.cs(30,18): warning CS8826: Partial method declarations 'void CartItem.OnUnitPriceChanged(decimal value)' and 'void CartItem.OnUnitPriceChanged(decimal _)' have signature differences. [/Users/jangminho/development/checkout/terminal/Terminal/Terminal.csproj]
/Users/jangminho/development/checkout/terminal/Terminal/Models/CartItem.cs(31,18): warning CS8826: Partial method declarations 'void CartItem.OnWeightStatusChanged(string value)' and 'void CartItem.OnWeightStatusChanged(string _)' have signature differences. [/Users/jangminho/development/checkout/terminal/Terminal/Terminal.csproj]
/Users/jangminho/development/checkout/terminal/Terminal/ViewModels/MainViewModel.cs(138,18): warning CS8826: Partial method declarations 'void MainViewModel.OnBonusPointsInputChanged(string value)' and 'void MainViewModel.OnBonusPointsInputChanged(string _)' have signature differences. [/Users/jangminho/development/checkout/terminal/Terminal/Terminal.csproj]
/Users/jangminho/development/checkout/terminal/Terminal/ViewModels/MainViewModel.cs(190,18): warning CS8826: Partial method declarations 'void MainViewModel.OnCurrentMemberChanged(LoyaltyMemberInfo? value)' and 'void MainViewModel.OnCurrentMemberChanged(LoyaltyMemberInfo? _)' have signature differences. [/Users/jangminho/development/checkout/terminal/Terminal/Terminal.csproj]
/Users/jangminho/development/checkout/terminal/Terminal/ViewModels/MainViewModel.cs(196,18): warning CS8826: Partial method declarations 'void MainViewModel.OnPointsEarnedChanged(int value)' and 'void MainViewModel.OnPointsEarnedChanged(int _)' have signature differences. [/Users/jangminho/development/checkout/terminal/Terminal/Terminal.csproj]
/Users/jangminho/development/checkout/terminal/Terminal/ViewModels/MainViewModel.cs(199,18): warning CS8826: Partial method declarations 'void MainViewModel.OnLoyaltyDiscountChanged(decimal value)' and 'void MainViewModel.OnLoyaltyDiscountChanged(decimal _)' have signature differences. [/Users/jangminho/development/checkout/terminal/Terminal/Terminal.csproj]
/Users/jangminho/development/checkout/terminal/Terminal/ViewModels/MainViewModel.cs(206,18): warning CS8826: Partial method declarations 'void MainViewModel.OnPaymentMethodChanged(string value)' and 'void MainViewModel.OnPaymentMethodChanged(string _)' have signature differences. [/Users/jangminho/development/checkout/terminal/Terminal/Terminal.csproj]
/Users/jangminho/development/checkout/terminal/Terminal/ViewModels/MainViewModel.cs(213,18): warning CS8826: Partial method declarations 'void MainViewModel.OnCashInsertedChanged(decimal value)' and 'void MainViewModel.OnCashInsertedChanged(decimal _)' have signature differences. [/Users/jangminho/development/checkout/terminal/Terminal/Terminal.csproj]
/Users/jangminho/development/checkout/terminal/Terminal/ViewModels/MainViewModel.cs(632,24): warning CS1998: This async method lacks 'await' operators and will run synchronously. Consider using the 'await' operator to await non-blocking API calls, or 'await Task.Run(...)' to do CPU-bound work on a background thread. [/Users/jangminho/development/checkout/terminal/Terminal/Terminal.csproj]
/Users/jangminho/development/checkout/terminal/Terminal/ViewModels/MainViewModel.cs(947,24): warning CS1998: This async method lacks 'await' operators and will run synchronously. Consider using the 'await' operator to await non-blocking API calls, or 'await Task.Run(...)' to do CPU-bound work on a background thread. [/Users/jangminho/development/checkout/terminal/Terminal/Terminal.csproj]
    12 Warning(s)
    0 Error(s)

Time Elapsed 00:00:03.71
/Users/jangminho/development/checkout/terminal/Terminal/Terminal.csproj : warning NU1903: Package 'Tmds.DBus.Protocol' 0.20.0 has a known high severity vulnerability, https://github.com/advisories/GHSA-xrw6-gwf8-vvr9
/Users/jangminho/development/checkout/terminal/Terminal/Terminal.csproj : warning NU1903: Package 'Tmds.DBus.Protocol' 0.20.0 has a known high severity vulnerability, https://github.com/advisories/GHSA-xrw6-gwf8-vvr9
/Users/jangminho/development/checkout/terminal/Terminal/Models/CartItem.cs(30,18): warning CS8826: Partial method declarations 'void CartItem.OnUnitPriceChanged(decimal value)' and 'void CartItem.OnUnitPriceChanged(decimal _)' have signature differences. [/Users/jangminho/development/checkout/terminal/Terminal/Terminal.csproj]
/Users/jangminho/development/checkout/terminal/Terminal/Models/CartItem.cs(31,18): warning CS8826: Partial method declarations 'void CartItem.OnWeightStatusChanged(string value)' and 'void CartItem.OnWeightStatusChanged(string _)' have signature differences. [/Users/jangminho/development/checkout/terminal/Terminal/Terminal.csproj]
/Users/jangminho/development/checkout/terminal/Terminal/ViewModels/MainViewModel.cs(135,18): warning CS8826: Partial method declarations 'void MainViewModel.OnBonusPointsInputChanged(string value)' and 'void MainViewModel.OnBonusPointsInputChanged(string _)' have signature differences. [/Users/jangminho/development/checkout/terminal/Terminal/Terminal.csproj]
/Users/jangminho/development/checkout/terminal/Terminal/ViewModels/MainViewModel.cs(187,18): warning CS8826: Partial method declarations 'void MainViewModel.OnCurrentMemberChanged(LoyaltyMemberInfo? value)' and 'void MainViewModel.OnCurrentMemberChanged(LoyaltyMemberInfo? _)' have signature differences. [/Users/jangminho/development/checkout/terminal/Terminal/Terminal.csproj]
/Users/jangminho/development/checkout/terminal/Terminal/ViewModels/MainViewModel.cs(193,18): warning CS8826: Partial method declarations 'void MainViewModel.OnPointsEarnedChanged(int value)' and 'void MainViewModel.OnPointsEarnedChanged(int _)' have signature differences. [/Users/jangminho/development/checkout/terminal/Terminal/Terminal.csproj]
/Users/jangminho/development/checkout/terminal/Terminal/ViewModels/MainViewModel.cs(196,18): warning CS8826: Partial method declarations 'void MainViewModel.OnLoyaltyDiscountChanged(decimal value)' and 'void MainViewModel.OnLoyaltyDiscountChanged(decimal _)' have signature differences. [/Users/jangminho/development/checkout/terminal/Terminal/Terminal.csproj]
/Users/jangminho/development/checkout/terminal/Terminal/ViewModels/MainViewModel.cs(203,18): warning CS8826: Partial method declarations 'void MainViewModel.OnPaymentMethodChanged(string value)' and 'void MainViewModel.OnPaymentMethodChanged(string _)' have signature differences. [/Users/jangminho/development/checkout/terminal/Terminal/Terminal.csproj]
/Users/jangminho/development/checkout/terminal/Terminal/ViewModels/MainViewModel.cs(210,18): warning CS8826: Partial method declarations 'void MainViewModel.OnCashInsertedChanged(decimal value)' and 'void MainViewModel.OnCashInsertedChanged(decimal _)' have signature differences. [/Users/jangminho/development/checkout/terminal/Terminal/Terminal.csproj]
/Users/jangminho/development/checkout/terminal/Terminal/ViewModels/MainViewModel.cs(629,24): warning CS1998: This async method lacks 'await' operators and will run synchronously. Consider using the 'await' operator to await non-blocking API calls, or 'await Task.Run(...)' to do CPU-bound work on a background thread. [/Users/jangminho/development/checkout/terminal/Terminal/Terminal.csproj]
/Users/jangminho/development/checkout/terminal/Terminal/ViewModels/MainViewModel.cs(936,24): warning CS1998: This async method lacks 'await' operators and will run synchronously. Consider using the 'await' operator to await non-blocking API calls, or 'await Task.Run(...)' to do CPU-bound work on a background thread. [/Users/jangminho/development/checkout/terminal/Terminal/Terminal.csproj]

Build succeeded.

/Users/jangminho/development/checkout/terminal/Terminal/Terminal.csproj : warning NU1903: Package 'Tmds.DBus.Protocol' 0.20.0 has a known high severity vulnerability, https://github.com/advisories/GHSA-xrw6-gwf8-vvr9
/Users/jangminho/development/checkout/terminal/Terminal/Terminal.csproj : warning NU1903: Package 'Tmds.DBus.Protocol' 0.20.0 has a known high severity vulnerability, https://github.com/advisories/GHSA-xrw6-gwf8-vvr9
/Users/jangminho/development/checkout/terminal/Terminal/Models/CartItem.cs(30,18): warning CS8826: Partial method declarations 'void CartItem.OnUnitPriceChanged(decimal value)' and 'void CartItem.OnUnitPriceChanged(decimal _)' have signature differences. [/Users/jangminho/development/checkout/terminal/Terminal/Terminal.csproj]
/Users/jangminho/development/checkout/terminal/Terminal/Models/CartItem.cs(31,18): warning CS8826: Partial method declarations 'void CartItem.OnWeightStatusChanged(string value)' and 'void CartItem.OnWeightStatusChanged(string _)' have signature differences. [/Users/jangminho/development/checkout/terminal/Terminal/Terminal.csproj]
/Users/jangminho/development/checkout/terminal/Terminal/ViewModels/MainViewModel.cs(135,18): warning CS8826: Partial method declarations 'void MainViewModel.OnBonusPointsInputChanged(string value)' and 'void MainViewModel.OnBonusPointsInputChanged(string _)' have signature differences. [/Users/jangminho/development/checkout/terminal/Terminal/Terminal.csproj]
/Users/jangminho/development/checkout/terminal/Terminal/ViewModels/MainViewModel.cs(187,18): warning CS8826: Partial method declarations 'void MainViewModel.OnCurrentMemberChanged(LoyaltyMemberInfo? value)' and 'void MainViewModel.OnCurrentMemberChanged(LoyaltyMemberInfo? _)' have signature differences. [/Users/jangminho/development/checkout/terminal/Terminal/Terminal.csproj]
/Users/jangminho/development/checkout/terminal/Terminal/ViewModels/MainViewModel.cs(193,18): warning CS8826: Partial method declarations 'void MainViewModel.OnPointsEarnedChanged(int value)' and 'void MainViewModel.OnPointsEarnedChanged(int _)' have signature differences. [/Users/jangminho/development/checkout/terminal/Terminal/Terminal.csproj]
/Users/jangminho/development/checkout/terminal/Terminal/ViewModels/MainViewModel.cs(196,18): warning CS8826: Partial method declarations 'void MainViewModel.OnLoyaltyDiscountChanged(decimal value)' and 'void MainViewModel.OnLoyaltyDiscountChanged(decimal _)' have signature differences. [/Users/jangminho/development/checkout/terminal/Terminal/Terminal.csproj]
/Users/jangminho/development/checkout/terminal/Terminal/ViewModels/MainViewModel.cs(203,18): warning CS8826: Partial method declarations 'void MainViewModel.OnPaymentMethodChanged(string value)' and 'void MainViewModel.OnPaymentMethodChanged(string _)' have signature differences. [/Users/jangminho/development/checkout/terminal/Terminal/Terminal.csproj]
/Users/jangminho/development/checkout/terminal/Terminal/ViewModels/MainViewModel.cs(210,18): warning CS8826: Partial method declarations 'void MainViewModel.OnCashInsertedChanged(decimal value)' and 'void MainViewModel.OnCashInsertedChanged(decimal _)' have signature differences. [/Users/jangminho/development/checkout/terminal/Terminal/Terminal.csproj]
/Users/jangminho/development/checkout/terminal/Terminal/ViewModels/MainViewModel.cs(629,24): warning CS1998: This async method lacks 'await' operators and will run synchronously. Consider using the 'await' operator to await non-blocking API calls, or 'await Task.Run(...)' to do CPU-bound work on a background thread. [/Users/jangminho/development/checkout/terminal/Terminal/Terminal.csproj]
/Users/jangminho/development/checkout/terminal/Terminal/ViewModels/MainViewModel.cs(936,24): warning CS1998: This async method lacks 'await' operators and will run synchronously. Consider using the 'await' operator to await non-blocking API calls, or 'await Task.Run(...)' to do CPU-bound work on a background thread. [/Users/jangminho/development/checkout/terminal/Terminal/Terminal.csproj]
    12 Warning(s)
    0 Error(s)

Time Elapsed 00:00:02.95
/Users/jangminho/development/checkout/terminal/Terminal/Terminal.csproj : warning NU1903: Package 'Tmds.DBus.Protocol' 0.20.0 has a known high severity vulnerability, https://github.com/advisories/GHSA-xrw6-gwf8-vvr9
/Users/jangminho/development/checkout/terminal/Terminal/Terminal.csproj : warning NU1903: Package 'Tmds.DBus.Protocol' 0.20.0 has a known high severity vulnerability, https://github.com/advisories/GHSA-xrw6-gwf8-vvr9

Build succeeded.

/Users/jangminho/development/checkout/terminal/Terminal/Terminal.csproj : warning NU1903: Package 'Tmds.DBus.Protocol' 0.20.0 has a known high severity vulnerability, https://github.com/advisories/GHSA-xrw6-gwf8-vvr9
/Users/jangminho/development/checkout/terminal/Terminal/Terminal.csproj : warning NU1903: Package 'Tmds.DBus.Protocol' 0.20.0 has a known high severity vulnerability, https://github.com/advisories/GHSA-xrw6-gwf8-vvr9
    2 Warning(s)
    0 Error(s)

Time Elapsed 00:00:00.67
/Users/jangminho/development/checkout/terminal/Terminal/Terminal.csproj : warning NU1903: Package 'Tmds.DBus.Protocol' 0.20.0 has a known high severity vulnerability, https://github.com/advisories/GHSA-xrw6-gwf8-vvr9
/Users/jangminho/development/checkout/terminal/Terminal/Terminal.csproj : warning NU1903: Package 'Tmds.DBus.Protocol' 0.20.0 has a known high severity vulnerability, https://github.com/advisories/GHSA-xrw6-gwf8-vvr9

Build succeeded.

/Users/jangminho/development/checkout/terminal/Terminal/Terminal.csproj : warning NU1903: Package 'Tmds.DBus.Protocol' 0.20.0 has a known high severity vulnerability, https://github.com/advisories/GHSA-xrw6-gwf8-vvr9
/Users/jangminho/development/checkout/terminal/Terminal/Terminal.csproj : warning NU1903: Package 'Tmds.DBus.Protocol' 0.20.0 has a known high severity vulnerability, https://github.com/advisories/GHSA-xrw6-gwf8-vvr9
    2 Warning(s)
    0 Error(s)

Time Elapsed 00:00:00.68
/Users/jangminho/development/checkout/terminal/Terminal/Terminal.csproj : warning NU1903: Package 'Tmds.DBus.Protocol' 0.20.0 has a known high severity vulnerability, https://github.com/advisories/GHSA-xrw6-gwf8-vvr9
/Users/jangminho/development/checkout/terminal/Terminal/Terminal.csproj : warning NU1903: Package 'Tmds.DBus.Protocol' 0.20.0 has a known high severity vulnerability, https://github.com/advisories/GHSA-xrw6-gwf8-vvr9
/Users/jangminho/development/checkout/terminal/Terminal/Models/CartItem.cs(30,18): warning CS8826: Partial method declarations 'void CartItem.OnUnitPriceChanged(decimal value)' and 'void CartItem.OnUnitPriceChanged(decimal _)' have signature differences. [/Users/jangminho/development/checkout/terminal/Terminal/Terminal.csproj]
/Users/jangminho/development/checkout/terminal/Terminal/Models/CartItem.cs(31,18): warning CS8826: Partial method declarations 'void CartItem.OnWeightStatusChanged(string value)' and 'void CartItem.OnWeightStatusChanged(string _)' have signature differences. [/Users/jangminho/development/checkout/terminal/Terminal/Terminal.csproj]
/Users/jangminho/development/checkout/terminal/Terminal/ViewModels/MainViewModel.cs(139,18): warning CS8826: Partial method declarations 'void MainViewModel.OnBonusPointsInputChanged(string value)' and 'void MainViewModel.OnBonusPointsInputChanged(string _)' have signature differences. [/Users/jangminho/development/checkout/terminal/Terminal/Terminal.csproj]
/Users/jangminho/development/checkout/terminal/Terminal/ViewModels/MainViewModel.cs(191,18): warning CS8826: Partial method declarations 'void MainViewModel.OnCurrentMemberChanged(LoyaltyMemberInfo? value)' and 'void MainViewModel.OnCurrentMemberChanged(LoyaltyMemberInfo? _)' have signature differences. [/Users/jangminho/development/checkout/terminal/Terminal/Terminal.csproj]
/Users/jangminho/development/checkout/terminal/Terminal/ViewModels/MainViewModel.cs(197,18): warning CS8826: Partial method declarations 'void MainViewModel.OnPointsEarnedChanged(int value)' and 'void MainViewModel.OnPointsEarnedChanged(int _)' have signature differences. [/Users/jangminho/development/checkout/terminal/Terminal/Terminal.csproj]
/Users/jangminho/development/checkout/terminal/Terminal/ViewModels/MainViewModel.cs(200,18): warning CS8826: Partial method declarations 'void MainViewModel.OnLoyaltyDiscountChanged(decimal value)' and 'void MainViewModel.OnLoyaltyDiscountChanged(decimal _)' have signature differences. [/Users/jangminho/development/checkout/terminal/Terminal/Terminal.csproj]
/Users/jangminho/development/checkout/terminal/Terminal/ViewModels/MainViewModel.cs(207,18): warning CS8826: Partial method declarations 'void MainViewModel.OnPaymentMethodChanged(string value)' and 'void MainViewModel.OnPaymentMethodChanged(string _)' have signature differences. [/Users/jangminho/development/checkout/terminal/Terminal/Terminal.csproj]
/Users/jangminho/development/checkout/terminal/Terminal/ViewModels/MainViewModel.cs(214,18): warning CS8826: Partial method declarations 'void MainViewModel.OnCashInsertedChanged(decimal value)' and 'void MainViewModel.OnCashInsertedChanged(decimal _)' have signature differences. [/Users/jangminho/development/checkout/terminal/Terminal/Terminal.csproj]
/Users/jangminho/development/checkout/terminal/Terminal/ViewModels/MainViewModel.cs(633,24): warning CS1998: This async method lacks 'await' operators and will run synchronously. Consider using the 'await' operator to await non-blocking API calls, or 'await Task.Run(...)' to do CPU-bound work on a background thread. [/Users/jangminho/development/checkout/terminal/Terminal/Terminal.csproj]
/Users/jangminho/development/checkout/terminal/Terminal/ViewModels/MainViewModel.cs(950,24): warning CS1998: This async method lacks 'await' operators and will run synchronously. Consider using the 'await' operator to await non-blocking API calls, or 'await Task.Run(...)' to do CPU-bound work on a background thread. [/Users/jangminho/development/checkout/terminal/Terminal/Terminal.csproj]

Build succeeded.

/Users/jangminho/development/checkout/terminal/Terminal/Terminal.csproj : warning NU1903: Package 'Tmds.DBus.Protocol' 0.20.0 has a known high severity vulnerability, https://github.com/advisories/GHSA-xrw6-gwf8-vvr9
/Users/jangminho/development/checkout/terminal/Terminal/Terminal.csproj : warning NU1903: Package 'Tmds.DBus.Protocol' 0.20.0 has a known high severity vulnerability, https://github.com/advisories/GHSA-xrw6-gwf8-vvr9
/Users/jangminho/development/checkout/terminal/Terminal/Models/CartItem.cs(30,18): warning CS8826: Partial method declarations 'void CartItem.OnUnitPriceChanged(decimal value)' and 'void CartItem.OnUnitPriceChanged(decimal _)' have signature differences. [/Users/jangminho/development/checkout/terminal/Terminal/Terminal.csproj]
/Users/jangminho/development/checkout/terminal/Terminal/Models/CartItem.cs(31,18): warning CS8826: Partial method declarations 'void CartItem.OnWeightStatusChanged(string value)' and 'void CartItem.OnWeightStatusChanged(string _)' have signature differences. [/Users/jangminho/development/checkout/terminal/Terminal/Terminal.csproj]
/Users/jangminho/development/checkout/terminal/Terminal/ViewModels/MainViewModel.cs(139,18): warning CS8826: Partial method declarations 'void MainViewModel.OnBonusPointsInputChanged(string value)' and 'void MainViewModel.OnBonusPointsInputChanged(string _)' have signature differences. [/Users/jangminho/development/checkout/terminal/Terminal/Terminal.csproj]
/Users/jangminho/development/checkout/terminal/Terminal/ViewModels/MainViewModel.cs(191,18): warning CS8826: Partial method declarations 'void MainViewModel.OnCurrentMemberChanged(LoyaltyMemberInfo? value)' and 'void MainViewModel.OnCurrentMemberChanged(LoyaltyMemberInfo? _)' have signature differences. [/Users/jangminho/development/checkout/terminal/Terminal/Terminal.csproj]
/Users/jangminho/development/checkout/terminal/Terminal/ViewModels/MainViewModel.cs(197,18): warning CS8826: Partial method declarations 'void MainViewModel.OnPointsEarnedChanged(int value)' and 'void MainViewModel.OnPointsEarnedChanged(int _)' have signature differences. [/Users/jangminho/development/checkout/terminal/Terminal/Terminal.csproj]
/Users/jangminho/development/checkout/terminal/Terminal/ViewModels/MainViewModel.cs(200,18): warning CS8826: Partial method declarations 'void MainViewModel.OnLoyaltyDiscountChanged(decimal value)' and 'void MainViewModel.OnLoyaltyDiscountChanged(decimal _)' have signature differences. [/Users/jangminho/development/checkout/terminal/Terminal/Terminal.csproj]
/Users/jangminho/development/checkout/terminal/Terminal/ViewModels/MainViewModel.cs(207,18): warning CS8826: Partial method declarations 'void MainViewModel.OnPaymentMethodChanged(string value)' and 'void MainViewModel.OnPaymentMethodChanged(string _)' have signature differences. [/Users/jangminho/development/checkout/terminal/Terminal/Terminal.csproj]
/Users/jangminho/development/checkout/terminal/Terminal/ViewModels/MainViewModel.cs(214,18): warning CS8826: Partial method declarations 'void MainViewModel.OnCashInsertedChanged(decimal value)' and 'void MainViewModel.OnCashInsertedChanged(decimal _)' have signature differences. [/Users/jangminho/development/checkout/terminal/Terminal/Terminal.csproj]
/Users/jangminho/development/checkout/terminal/Terminal/ViewModels/MainViewModel.cs(633,24): warning CS1998: This async method lacks 'await' operators and will run synchronously. Consider using the 'await' operator to await non-blocking API calls, or 'await Task.Run(...)' to do CPU-bound work on a background thread. [/Users/jangminho/development/checkout/terminal/Terminal/Terminal.csproj]
/Users/jangminho/development/checkout/terminal/Terminal/ViewModels/MainViewModel.cs(950,24): warning CS1998: This async method lacks 'await' operators and will run synchronously. Consider using the 'await' operator to await non-blocking API calls, or 'await Task.Run(...)' to do CPU-bound work on a background thread. [/Users/jangminho/development/checkout/terminal/Terminal/Terminal.csproj]
    12 Warning(s)
    0 Error(s)

Time Elapsed 00:00:03.53
/Users/jangminho/development/checkout/terminal/Terminal/Terminal.csproj : warning NU1903: Package 'Tmds.DBus.Protocol' 0.20.0 has a known high severity vulnerability, https://github.com/advisories/GHSA-xrw6-gwf8-vvr9
/Users/jangminho/development/checkout/terminal/Terminal/Terminal.csproj : warning NU1903: Package 'Tmds.DBus.Protocol' 0.20.0 has a known high severity vulnerability, https://github.com/advisories/GHSA-xrw6-gwf8-vvr9

Build succeeded.

/Users/jangminho/development/checkout/terminal/Terminal/Terminal.csproj : warning NU1903: Package 'Tmds.DBus.Protocol' 0.20.0 has a known high severity vulnerability, https://github.com/advisories/GHSA-xrw6-gwf8-vvr9
/Users/jangminho/development/checkout/terminal/Terminal/Terminal.csproj : warning NU1903: Package 'Tmds.DBus.Protocol' 0.20.0 has a known high severity vulnerability, https://github.com/advisories/GHSA-xrw6-gwf8-vvr9
    2 Warning(s)
    0 Error(s)

Time Elapsed 00:00:00.69
/Users/jangminho/development/checkout/terminal/Terminal/Terminal.csproj : warning NU1903: Package 'Tmds.DBus.Protocol' 0.20.0 has a known high severity vulnerability, https://github.com/advisories/GHSA-xrw6-gwf8-vvr9
/Users/jangminho/development/checkout/terminal/Terminal/Terminal.csproj : warning NU1903: Package 'Tmds.DBus.Protocol' 0.20.0 has a known high severity vulnerability, https://github.com/advisories/GHSA-xrw6-gwf8-vvr9
/Users/jangminho/development/checkout/terminal/Terminal/Models/CartItem.cs(30,18): warning CS8826: Partial method declarations 'void CartItem.OnUnitPriceChanged(decimal value)' and 'void CartItem.OnUnitPriceChanged(decimal _)' have signature differences. [/Users/jangminho/development/checkout/terminal/Terminal/Terminal.csproj]
/Users/jangminho/development/checkout/terminal/Terminal/Models/CartItem.cs(31,18): warning CS8826: Partial method declarations 'void CartItem.OnWeightStatusChanged(string value)' and 'void CartItem.OnWeightStatusChanged(string _)' have signature differences. [/Users/jangminho/development/checkout/terminal/Terminal/Terminal.csproj]
/Users/jangminho/development/checkout/terminal/Terminal/ViewModels/MainViewModel.cs(139,18): warning CS8826: Partial method declarations 'void MainViewModel.OnBonusPointsInputChanged(string value)' and 'void MainViewModel.OnBonusPointsInputChanged(string _)' have signature differences. [/Users/jangminho/development/checkout/terminal/Terminal/Terminal.csproj]
/Users/jangminho/development/checkout/terminal/Terminal/ViewModels/MainViewModel.cs(191,18): warning CS8826: Partial method declarations 'void MainViewModel.OnCurrentMemberChanged(LoyaltyMemberInfo? value)' and 'void MainViewModel.OnCurrentMemberChanged(LoyaltyMemberInfo? _)' have signature differences. [/Users/jangminho/development/checkout/terminal/Terminal/Terminal.csproj]
/Users/jangminho/development/checkout/terminal/Terminal/ViewModels/MainViewModel.cs(197,18): warning CS8826: Partial method declarations 'void MainViewModel.OnPointsEarnedChanged(int value)' and 'void MainViewModel.OnPointsEarnedChanged(int _)' have signature differences. [/Users/jangminho/development/checkout/terminal/Terminal/Terminal.csproj]
/Users/jangminho/development/checkout/terminal/Terminal/ViewModels/MainViewModel.cs(200,18): warning CS8826: Partial method declarations 'void MainViewModel.OnLoyaltyDiscountChanged(decimal value)' and 'void MainViewModel.OnLoyaltyDiscountChanged(decimal _)' have signature differences. [/Users/jangminho/development/checkout/terminal/Terminal/Terminal.csproj]
/Users/jangminho/development/checkout/terminal/Terminal/ViewModels/MainViewModel.cs(207,18): warning CS8826: Partial method declarations 'void MainViewModel.OnPaymentMethodChanged(string value)' and 'void MainViewModel.OnPaymentMethodChanged(string _)' have signature differences. [/Users/jangminho/development/checkout/terminal/Terminal/Terminal.csproj]
/Users/jangminho/development/checkout/terminal/Terminal/ViewModels/MainViewModel.cs(214,18): warning CS8826: Partial method declarations 'void MainViewModel.OnCashInsertedChanged(decimal value)' and 'void MainViewModel.OnCashInsertedChanged(decimal _)' have signature differences. [/Users/jangminho/development/checkout/terminal/Terminal/Terminal.csproj]
/Users/jangminho/development/checkout/terminal/Terminal/ViewModels/MainViewModel.cs(633,24): warning CS1998: This async method lacks 'await' operators and will run synchronously. Consider using the 'await' operator to await non-blocking API calls, or 'await Task.Run(...)' to do CPU-bound work on a background thread. [/Users/jangminho/development/checkout/terminal/Terminal/Terminal.csproj]
/Users/jangminho/development/checkout/terminal/Terminal/ViewModels/MainViewModel.cs(943,24): warning CS1998: This async method lacks 'await' operators and will run synchronously. Consider using the 'await' operator to await non-blocking API calls, or 'await Task.Run(...)' to do CPU-bound work on a background thread. [/Users/jangminho/development/checkout/terminal/Terminal/Terminal.csproj]

Build succeeded.

/Users/jangminho/development/checkout/terminal/Terminal/Terminal.csproj : warning NU1903: Package 'Tmds.DBus.Protocol' 0.20.0 has a known high severity vulnerability, https://github.com/advisories/GHSA-xrw6-gwf8-vvr9
/Users/jangminho/development/checkout/terminal/Terminal/Terminal.csproj : warning NU1903: Package 'Tmds.DBus.Protocol' 0.20.0 has a known high severity vulnerability, https://github.com/advisories/GHSA-xrw6-gwf8-vvr9
/Users/jangminho/development/checkout/terminal/Terminal/Models/CartItem.cs(30,18): warning CS8826: Partial method declarations 'void CartItem.OnUnitPriceChanged(decimal value)' and 'void CartItem.OnUnitPriceChanged(decimal _)' have signature differences. [/Users/jangminho/development/checkout/terminal/Terminal/Terminal.csproj]
/Users/jangminho/development/checkout/terminal/Terminal/Models/CartItem.cs(31,18): warning CS8826: Partial method declarations 'void CartItem.OnWeightStatusChanged(string value)' and 'void CartItem.OnWeightStatusChanged(string _)' have signature differences. [/Users/jangminho/development/checkout/terminal/Terminal/Terminal.csproj]
/Users/jangminho/development/checkout/terminal/Terminal/ViewModels/MainViewModel.cs(139,18): warning CS8826: Partial method declarations 'void MainViewModel.OnBonusPointsInputChanged(string value)' and 'void MainViewModel.OnBonusPointsInputChanged(string _)' have signature differences. [/Users/jangminho/development/checkout/terminal/Terminal/Terminal.csproj]
/Users/jangminho/development/checkout/terminal/Terminal/ViewModels/MainViewModel.cs(191,18): warning CS8826: Partial method declarations 'void MainViewModel.OnCurrentMemberChanged(LoyaltyMemberInfo? value)' and 'void MainViewModel.OnCurrentMemberChanged(LoyaltyMemberInfo? _)' have signature differences. [/Users/jangminho/development/checkout/terminal/Terminal/Terminal.csproj]
/Users/jangminho/development/checkout/terminal/Terminal/ViewModels/MainViewModel.cs(197,18): warning CS8826: Partial method declarations 'void MainViewModel.OnPointsEarnedChanged(int value)' and 'void MainViewModel.OnPointsEarnedChanged(int _)' have signature differences. [/Users/jangminho/development/checkout/terminal/Terminal/Terminal.csproj]
/Users/jangminho/development/checkout/terminal/Terminal/ViewModels/MainViewModel.cs(200,18): warning CS8826: Partial method declarations 'void MainViewModel.OnLoyaltyDiscountChanged(decimal value)' and 'void MainViewModel.OnLoyaltyDiscountChanged(decimal _)' have signature differences. [/Users/jangminho/development/checkout/terminal/Terminal/Terminal.csproj]
/Users/jangminho/development/checkout/terminal/Terminal/ViewModels/MainViewModel.cs(207,18): warning CS8826: Partial method declarations 'void MainViewModel.OnPaymentMethodChanged(string value)' and 'void MainViewModel.OnPaymentMethodChanged(string _)' have signature differences. [/Users/jangminho/development/checkout/terminal/Terminal/Terminal.csproj]
/Users/jangminho/development/checkout/terminal/Terminal/ViewModels/MainViewModel.cs(214,18): warning CS8826: Partial method declarations 'void MainViewModel.OnCashInsertedChanged(decimal value)' and 'void MainViewModel.OnCashInsertedChanged(decimal _)' have signature differences. [/Users/jangminho/development/checkout/terminal/Terminal/Terminal.csproj]
/Users/jangminho/development/checkout/terminal/Terminal/ViewModels/MainViewModel.cs(633,24): warning CS1998: This async method lacks 'await' operators and will run synchronously. Consider using the 'await' operator to await non-blocking API calls, or 'await Task.Run(...)' to do CPU-bound work on a background thread. [/Users/jangminho/development/checkout/terminal/Terminal/Terminal.csproj]
/Users/jangminho/development/checkout/terminal/Terminal/ViewModels/MainViewModel.cs(943,24): warning CS1998: This async method lacks 'await' operators and will run synchronously. Consider using the 'await' operator to await non-blocking API calls, or 'await Task.Run(...)' to do CPU-bound work on a background thread. [/Users/jangminho/development/checkout/terminal/Terminal/Terminal.csproj]
    12 Warning(s)
    0 Error(s)

Time Elapsed 00:00:03.59
/Users/jangminho/development/checkout/terminal/Terminal/Terminal.csproj : warning NU1903: Package 'Tmds.DBus.Protocol' 0.20.0 has a known high severity vulnerability, https://github.com/advisories/GHSA-xrw6-gwf8-vvr9
/Users/jangminho/development/checkout/terminal/Terminal/Terminal.csproj : warning NU1903: Package 'Tmds.DBus.Protocol' 0.20.0 has a known high severity vulnerability, https://github.com/advisories/GHSA-xrw6-gwf8-vvr9

Build succeeded.

/Users/jangminho/development/checkout/terminal/Terminal/Terminal.csproj : warning NU1903: Package 'Tmds.DBus.Protocol' 0.20.0 has a known high severity vulnerability, https://github.com/advisories/GHSA-xrw6-gwf8-vvr9
/Users/jangminho/development/checkout/terminal/Terminal/Terminal.csproj : warning NU1903: Package 'Tmds.DBus.Protocol' 0.20.0 has a known high severity vulnerability, https://github.com/advisories/GHSA-xrw6-gwf8-vvr9
    2 Warning(s)
    0 Error(s)

Time Elapsed 00:00:00.67
/Users/jangminho/development/checkout/terminal/Terminal/Terminal.csproj : warning NU1903: Package 'Tmds.DBus.Protocol' 0.20.0 has a known high severity vulnerability, https://github.com/advisories/GHSA-xrw6-gwf8-vvr9
/Users/jangminho/development/checkout/terminal/Terminal/Terminal.csproj : warning NU1903: Package 'Tmds.DBus.Protocol' 0.20.0 has a known high severity vulnerability, https://github.com/advisories/GHSA-xrw6-gwf8-vvr9

Build succeeded.

/Users/jangminho/development/checkout/terminal/Terminal/Terminal.csproj : warning NU1903: Package 'Tmds.DBus.Protocol' 0.20.0 has a known high severity vulnerability, https://github.com/advisories/GHSA-xrw6-gwf8-vvr9
/Users/jangminho/development/checkout/terminal/Terminal/Terminal.csproj : warning NU1903: Package 'Tmds.DBus.Protocol' 0.20.0 has a known high severity vulnerability, https://github.com/advisories/GHSA-xrw6-gwf8-vvr9
    2 Warning(s)
    0 Error(s)

Time Elapsed 00:00:00.70
/Users/jangminho/development/checkout/terminal/Terminal/Terminal.csproj : warning NU1903: Package 'Tmds.DBus.Protocol' 0.20.0 has a known high severity vulnerability, https://github.com/advisories/GHSA-xrw6-gwf8-vvr9
/Users/jangminho/development/checkout/terminal/Terminal/Terminal.csproj : warning NU1903: Package 'Tmds.DBus.Protocol' 0.20.0 has a known high severity vulnerability, https://github.com/advisories/GHSA-xrw6-gwf8-vvr9
/Users/jangminho/development/checkout/terminal/Terminal/Models/CartItem.cs(30,18): warning CS8826: Partial method declarations 'void CartItem.OnUnitPriceChanged(decimal value)' and 'void CartItem.OnUnitPriceChanged(decimal _)' have signature differences. [/Users/jangminho/development/checkout/terminal/Terminal/Terminal.csproj]
/Users/jangminho/development/checkout/terminal/Terminal/Models/CartItem.cs(31,18): warning CS8826: Partial method declarations 'void CartItem.OnWeightStatusChanged(string value)' and 'void CartItem.OnWeightStatusChanged(string _)' have signature differences. [/Users/jangminho/development/checkout/terminal/Terminal/Terminal.csproj]
/Users/jangminho/development/checkout/terminal/Terminal/ViewModels/MainViewModel.cs(150,18): warning CS8826: Partial method declarations 'void MainViewModel.OnBonusPointsInputChanged(string value)' and 'void MainViewModel.OnBonusPointsInputChanged(string _)' have signature differences. [/Users/jangminho/development/checkout/terminal/Terminal/Terminal.csproj]
/Users/jangminho/development/checkout/terminal/Terminal/ViewModels/MainViewModel.cs(202,18): warning CS8826: Partial method declarations 'void MainViewModel.OnCurrentMemberChanged(LoyaltyMemberInfo? value)' and 'void MainViewModel.OnCurrentMemberChanged(LoyaltyMemberInfo? _)' have signature differences. [/Users/jangminho/development/checkout/terminal/Terminal/Terminal.csproj]
/Users/jangminho/development/checkout/terminal/Terminal/ViewModels/MainViewModel.cs(208,18): warning CS8826: Partial method declarations 'void MainViewModel.OnPointsEarnedChanged(int value)' and 'void MainViewModel.OnPointsEarnedChanged(int _)' have signature differences. [/Users/jangminho/development/checkout/terminal/Terminal/Terminal.csproj]
/Users/jangminho/development/checkout/terminal/Terminal/ViewModels/MainViewModel.cs(211,18): warning CS8826: Partial method declarations 'void MainViewModel.OnLoyaltyDiscountChanged(decimal value)' and 'void MainViewModel.OnLoyaltyDiscountChanged(decimal _)' have signature differences. [/Users/jangminho/development/checkout/terminal/Terminal/Terminal.csproj]
/Users/jangminho/development/checkout/terminal/Terminal/ViewModels/MainViewModel.cs(218,18): warning CS8826: Partial method declarations 'void MainViewModel.OnPaymentMethodChanged(string value)' and 'void MainViewModel.OnPaymentMethodChanged(string _)' have signature differences. [/Users/jangminho/development/checkout/terminal/Terminal/Terminal.csproj]
/Users/jangminho/development/checkout/terminal/Terminal/ViewModels/MainViewModel.cs(225,18): warning CS8826: Partial method declarations 'void MainViewModel.OnCashInsertedChanged(decimal value)' and 'void MainViewModel.OnCashInsertedChanged(decimal _)' have signature differences. [/Users/jangminho/development/checkout/terminal/Terminal/Terminal.csproj]
/Users/jangminho/development/checkout/terminal/Terminal/ViewModels/MainViewModel.cs(644,24): warning CS1998: This async method lacks 'await' operators and will run synchronously. Consider using the 'await' operator to await non-blocking API calls, or 'await Task.Run(...)' to do CPU-bound work on a background thread. [/Users/jangminho/development/checkout/terminal/Terminal/Terminal.csproj]
/Users/jangminho/development/checkout/terminal/Terminal/ViewModels/MainViewModel.cs(954,24): warning CS1998: This async method lacks 'await' operators and will run synchronously. Consider using the 'await' operator to await non-blocking API calls, or 'await Task.Run(...)' to do CPU-bound work on a background thread. [/Users/jangminho/development/checkout/terminal/Terminal/Terminal.csproj]
/Users/jangminho/development/checkout/terminal/Terminal/ViewModels/MainViewModel.cs(91,41): warning MVVMTK0034: The field Terminal.ViewModels.MainViewModel._settingsPinInput is annotated with [ObservableProperty] and should not be directly referenced (use the generated property instead) (https://aka.ms/mvvmtoolkit/errors/mvvmtk0034) [/Users/jangminho/development/checkout/terminal/Terminal/Terminal.csproj]

Build succeeded.

/Users/jangminho/development/checkout/terminal/Terminal/Terminal.csproj : warning NU1903: Package 'Tmds.DBus.Protocol' 0.20.0 has a known high severity vulnerability, https://github.com/advisories/GHSA-xrw6-gwf8-vvr9
/Users/jangminho/development/checkout/terminal/Terminal/Terminal.csproj : warning NU1903: Package 'Tmds.DBus.Protocol' 0.20.0 has a known high severity vulnerability, https://github.com/advisories/GHSA-xrw6-gwf8-vvr9
/Users/jangminho/development/checkout/terminal/Terminal/Models/CartItem.cs(30,18): warning CS8826: Partial method declarations 'void CartItem.OnUnitPriceChanged(decimal value)' and 'void CartItem.OnUnitPriceChanged(decimal _)' have signature differences. [/Users/jangminho/development/checkout/terminal/Terminal/Terminal.csproj]
/Users/jangminho/development/checkout/terminal/Terminal/Models/CartItem.cs(31,18): warning CS8826: Partial method declarations 'void CartItem.OnWeightStatusChanged(string value)' and 'void CartItem.OnWeightStatusChanged(string _)' have signature differences. [/Users/jangminho/development/checkout/terminal/Terminal/Terminal.csproj]
/Users/jangminho/development/checkout/terminal/Terminal/ViewModels/MainViewModel.cs(150,18): warning CS8826: Partial method declarations 'void MainViewModel.OnBonusPointsInputChanged(string value)' and 'void MainViewModel.OnBonusPointsInputChanged(string _)' have signature differences. [/Users/jangminho/development/checkout/terminal/Terminal/Terminal.csproj]
/Users/jangminho/development/checkout/terminal/Terminal/ViewModels/MainViewModel.cs(202,18): warning CS8826: Partial method declarations 'void MainViewModel.OnCurrentMemberChanged(LoyaltyMemberInfo? value)' and 'void MainViewModel.OnCurrentMemberChanged(LoyaltyMemberInfo? _)' have signature differences. [/Users/jangminho/development/checkout/terminal/Terminal/Terminal.csproj]
/Users/jangminho/development/checkout/terminal/Terminal/ViewModels/MainViewModel.cs(208,18): warning CS8826: Partial method declarations 'void MainViewModel.OnPointsEarnedChanged(int value)' and 'void MainViewModel.OnPointsEarnedChanged(int _)' have signature differences. [/Users/jangminho/development/checkout/terminal/Terminal/Terminal.csproj]
/Users/jangminho/development/checkout/terminal/Terminal/ViewModels/MainViewModel.cs(211,18): warning CS8826: Partial method declarations 'void MainViewModel.OnLoyaltyDiscountChanged(decimal value)' and 'void MainViewModel.OnLoyaltyDiscountChanged(decimal _)' have signature differences. [/Users/jangminho/development/checkout/terminal/Terminal/Terminal.csproj]
/Users/jangminho/development/checkout/terminal/Terminal/ViewModels/MainViewModel.cs(218,18): warning CS8826: Partial method declarations 'void MainViewModel.OnPaymentMethodChanged(string value)' and 'void MainViewModel.OnPaymentMethodChanged(string _)' have signature differences. [/Users/jangminho/development/checkout/terminal/Terminal/Terminal.csproj]
/Users/jangminho/development/checkout/terminal/Terminal/ViewModels/MainViewModel.cs(225,18): warning CS8826: Partial method declarations 'void MainViewModel.OnCashInsertedChanged(decimal value)' and 'void MainViewModel.OnCashInsertedChanged(decimal _)' have signature differences. [/Users/jangminho/development/checkout/terminal/Terminal/Terminal.csproj]
/Users/jangminho/development/checkout/terminal/Terminal/ViewModels/MainViewModel.cs(644,24): warning CS1998: This async method lacks 'await' operators and will run synchronously. Consider using the 'await' operator to await non-blocking API calls, or 'await Task.Run(...)' to do CPU-bound work on a background thread. [/Users/jangminho/development/checkout/terminal/Terminal/Terminal.csproj]
/Users/jangminho/development/checkout/terminal/Terminal/ViewModels/MainViewModel.cs(954,24): warning CS1998: This async method lacks 'await' operators and will run synchronously. Consider using the 'await' operator to await non-blocking API calls, or 'await Task.Run(...)' to do CPU-bound work on a background thread. [/Users/jangminho/development/checkout/terminal/Terminal/Terminal.csproj]
/Users/jangminho/development/checkout/terminal/Terminal/ViewModels/MainViewModel.cs(91,41): warning MVVMTK0034: The field Terminal.ViewModels.MainViewModel._settingsPinInput is annotated with [ObservableProperty] and should not be directly referenced (use the generated property instead) (https://aka.ms/mvvmtoolkit/errors/mvvmtk0034) [/Users/jangminho/development/checkout/terminal/Terminal/Terminal.csproj]
    13 Warning(s)
    0 Error(s)

Time Elapsed 00:00:02.60
/Users/jangminho/development/checkout/terminal/Terminal/Terminal.csproj : warning NU1903: Package 'Tmds.DBus.Protocol' 0.20.0 has a known high severity vulnerability, https://github.com/advisories/GHSA-xrw6-gwf8-vvr9
/Users/jangminho/development/checkout/terminal/Terminal/Terminal.csproj : warning NU1903: Package 'Tmds.DBus.Protocol' 0.20.0 has a known high severity vulnerability, https://github.com/advisories/GHSA-xrw6-gwf8-vvr9
/Users/jangminho/development/checkout/terminal/Terminal/Models/CartItem.cs(30,18): warning CS8826: Partial method declarations 'void CartItem.OnUnitPriceChanged(decimal value)' and 'void CartItem.OnUnitPriceChanged(decimal _)' have signature differences. [/Users/jangminho/development/checkout/terminal/Terminal/Terminal.csproj]
/Users/jangminho/development/checkout/terminal/Terminal/Models/CartItem.cs(31,18): warning CS8826: Partial method declarations 'void CartItem.OnWeightStatusChanged(string value)' and 'void CartItem.OnWeightStatusChanged(string _)' have signature differences. [/Users/jangminho/development/checkout/terminal/Terminal/Terminal.csproj]
/Users/jangminho/development/checkout/terminal/Terminal/ViewModels/MainViewModel.cs(150,18): warning CS8826: Partial method declarations 'void MainViewModel.OnBonusPointsInputChanged(string value)' and 'void MainViewModel.OnBonusPointsInputChanged(string _)' have signature differences. [/Users/jangminho/development/checkout/terminal/Terminal/Terminal.csproj]
/Users/jangminho/development/checkout/terminal/Terminal/ViewModels/MainViewModel.cs(202,18): warning CS8826: Partial method declarations 'void MainViewModel.OnCurrentMemberChanged(LoyaltyMemberInfo? value)' and 'void MainViewModel.OnCurrentMemberChanged(LoyaltyMemberInfo? _)' have signature differences. [/Users/jangminho/development/checkout/terminal/Terminal/Terminal.csproj]
/Users/jangminho/development/checkout/terminal/Terminal/ViewModels/MainViewModel.cs(208,18): warning CS8826: Partial method declarations 'void MainViewModel.OnPointsEarnedChanged(int value)' and 'void MainViewModel.OnPointsEarnedChanged(int _)' have signature differences. [/Users/jangminho/development/checkout/terminal/Terminal/Terminal.csproj]
/Users/jangminho/development/checkout/terminal/Terminal/ViewModels/MainViewModel.cs(211,18): warning CS8826: Partial method declarations 'void MainViewModel.OnLoyaltyDiscountChanged(decimal value)' and 'void MainViewModel.OnLoyaltyDiscountChanged(decimal _)' have signature differences. [/Users/jangminho/development/checkout/terminal/Terminal/Terminal.csproj]
/Users/jangminho/development/checkout/terminal/Terminal/ViewModels/MainViewModel.cs(218,18): warning CS8826: Partial method declarations 'void MainViewModel.OnPaymentMethodChanged(string value)' and 'void MainViewModel.OnPaymentMethodChanged(string _)' have signature differences. [/Users/jangminho/development/checkout/terminal/Terminal/Terminal.csproj]
/Users/jangminho/development/checkout/terminal/Terminal/ViewModels/MainViewModel.cs(225,18): warning CS8826: Partial method declarations 'void MainViewModel.OnCashInsertedChanged(decimal value)' and 'void MainViewModel.OnCashInsertedChanged(decimal _)' have signature differences. [/Users/jangminho/development/checkout/terminal/Terminal/Terminal.csproj]
/Users/jangminho/development/checkout/terminal/Terminal/ViewModels/MainViewModel.cs(644,24): warning CS1998: This async method lacks 'await' operators and will run synchronously. Consider using the 'await' operator to await non-blocking API calls, or 'await Task.Run(...)' to do CPU-bound work on a background thread. [/Users/jangminho/development/checkout/terminal/Terminal/Terminal.csproj]
/Users/jangminho/development/checkout/terminal/Terminal/ViewModels/MainViewModel.cs(954,24): warning CS1998: This async method lacks 'await' operators and will run synchronously. Consider using the 'await' operator to await non-blocking API calls, or 'await Task.Run(...)' to do CPU-bound work on a background thread. [/Users/jangminho/development/checkout/terminal/Terminal/Terminal.csproj]
/Users/jangminho/development/checkout/terminal/Terminal/ViewModels/MainViewModel.cs(91,41): warning MVVMTK0034: The field Terminal.ViewModels.MainViewModel._settingsPinInput is annotated with [ObservableProperty] and should not be directly referenced (use the generated property instead) (https://aka.ms/mvvmtoolkit/errors/mvvmtk0034) [/Users/jangminho/development/checkout/terminal/Terminal/Terminal.csproj]

Build succeeded.

/Users/jangminho/development/checkout/terminal/Terminal/Terminal.csproj : warning NU1903: Package 'Tmds.DBus.Protocol' 0.20.0 has a known high severity vulnerability, https://github.com/advisories/GHSA-xrw6-gwf8-vvr9
/Users/jangminho/development/checkout/terminal/Terminal/Terminal.csproj : warning NU1903: Package 'Tmds.DBus.Protocol' 0.20.0 has a known high severity vulnerability, https://github.com/advisories/GHSA-xrw6-gwf8-vvr9
/Users/jangminho/development/checkout/terminal/Terminal/Models/CartItem.cs(30,18): warning CS8826: Partial method declarations 'void CartItem.OnUnitPriceChanged(decimal value)' and 'void CartItem.OnUnitPriceChanged(decimal _)' have signature differences. [/Users/jangminho/development/checkout/terminal/Terminal/Terminal.csproj]
/Users/jangminho/development/checkout/terminal/Terminal/Models/CartItem.cs(31,18): warning CS8826: Partial method declarations 'void CartItem.OnWeightStatusChanged(string value)' and 'void CartItem.OnWeightStatusChanged(string _)' have signature differences. [/Users/jangminho/development/checkout/terminal/Terminal/Terminal.csproj]
/Users/jangminho/development/checkout/terminal/Terminal/ViewModels/MainViewModel.cs(150,18): warning CS8826: Partial method declarations 'void MainViewModel.OnBonusPointsInputChanged(string value)' and 'void MainViewModel.OnBonusPointsInputChanged(string _)' have signature differences. [/Users/jangminho/development/checkout/terminal/Terminal/Terminal.csproj]
/Users/jangminho/development/checkout/terminal/Terminal/ViewModels/MainViewModel.cs(202,18): warning CS8826: Partial method declarations 'void MainViewModel.OnCurrentMemberChanged(LoyaltyMemberInfo? value)' and 'void MainViewModel.OnCurrentMemberChanged(LoyaltyMemberInfo? _)' have signature differences. [/Users/jangminho/development/checkout/terminal/Terminal/Terminal.csproj]
/Users/jangminho/development/checkout/terminal/Terminal/ViewModels/MainViewModel.cs(208,18): warning CS8826: Partial method declarations 'void MainViewModel.OnPointsEarnedChanged(int value)' and 'void MainViewModel.OnPointsEarnedChanged(int _)' have signature differences. [/Users/jangminho/development/checkout/terminal/Terminal/Terminal.csproj]
/Users/jangminho/development/checkout/terminal/Terminal/ViewModels/MainViewModel.cs(211,18): warning CS8826: Partial method declarations 'void MainViewModel.OnLoyaltyDiscountChanged(decimal value)' and 'void MainViewModel.OnLoyaltyDiscountChanged(decimal _)' have signature differences. [/Users/jangminho/development/checkout/terminal/Terminal/Terminal.csproj]
/Users/jangminho/development/checkout/terminal/Terminal/ViewModels/MainViewModel.cs(218,18): warning CS8826: Partial method declarations 'void MainViewModel.OnPaymentMethodChanged(string value)' and 'void MainViewModel.OnPaymentMethodChanged(string _)' have signature differences. [/Users/jangminho/development/checkout/terminal/Terminal/Terminal.csproj]
/Users/jangminho/development/checkout/terminal/Terminal/ViewModels/MainViewModel.cs(225,18): warning CS8826: Partial method declarations 'void MainViewModel.OnCashInsertedChanged(decimal value)' and 'void MainViewModel.OnCashInsertedChanged(decimal _)' have signature differences. [/Users/jangminho/development/checkout/terminal/Terminal/Terminal.csproj]
/Users/jangminho/development/checkout/terminal/Terminal/ViewModels/MainViewModel.cs(644,24): warning CS1998: This async method lacks 'await' operators and will run synchronously. Consider using the 'await' operator to await non-blocking API calls, or 'await Task.Run(...)' to do CPU-bound work on a background thread. [/Users/jangminho/development/checkout/terminal/Terminal/Terminal.csproj]
/Users/jangminho/development/checkout/terminal/Terminal/ViewModels/MainViewModel.cs(954,24): warning CS1998: This async method lacks 'await' operators and will run synchronously. Consider using the 'await' operator to await non-blocking API calls, or 'await Task.Run(...)' to do CPU-bound work on a background thread. [/Users/jangminho/development/checkout/terminal/Terminal/Terminal.csproj]
/Users/jangminho/development/checkout/terminal/Terminal/ViewModels/MainViewModel.cs(91,41): warning MVVMTK0034: The field Terminal.ViewModels.MainViewModel._settingsPinInput is annotated with [ObservableProperty] and should not be directly referenced (use the generated property instead) (https://aka.ms/mvvmtoolkit/errors/mvvmtk0034) [/Users/jangminho/development/checkout/terminal/Terminal/Terminal.csproj]
    13 Warning(s)
    0 Error(s)

Time Elapsed 00:00:02.80
/Users/jangminho/development/checkout/terminal/Terminal/Terminal.csproj : warning NU1903: Package 'Tmds.DBus.Protocol' 0.20.0 has a known high severity vulnerability, https://github.com/advisories/GHSA-xrw6-gwf8-vvr9
/Users/jangminho/development/checkout/terminal/Terminal/Terminal.csproj : warning NU1903: Package 'Tmds.DBus.Protocol' 0.20.0 has a known high severity vulnerability, https://github.com/advisories/GHSA-xrw6-gwf8-vvr9
/Users/jangminho/development/checkout/terminal/Terminal/Models/CartItem.cs(30,18): warning CS8826: Partial method declarations 'void CartItem.OnUnitPriceChanged(decimal value)' and 'void CartItem.OnUnitPriceChanged(decimal _)' have signature differences. [/Users/jangminho/development/checkout/terminal/Terminal/Terminal.csproj]
/Users/jangminho/development/checkout/terminal/Terminal/Models/CartItem.cs(31,18): warning CS8826: Partial method declarations 'void CartItem.OnWeightStatusChanged(string value)' and 'void CartItem.OnWeightStatusChanged(string _)' have signature differences. [/Users/jangminho/development/checkout/terminal/Terminal/Terminal.csproj]
/Users/jangminho/development/checkout/terminal/Terminal/ViewModels/MainViewModel.cs(150,18): warning CS8826: Partial method declarations 'void MainViewModel.OnBonusPointsInputChanged(string value)' and 'void MainViewModel.OnBonusPointsInputChanged(string _)' have signature differences. [/Users/jangminho/development/checkout/terminal/Terminal/Terminal.csproj]
/Users/jangminho/development/checkout/terminal/Terminal/ViewModels/MainViewModel.cs(202,18): warning CS8826: Partial method declarations 'void MainViewModel.OnCurrentMemberChanged(LoyaltyMemberInfo? value)' and 'void MainViewModel.OnCurrentMemberChanged(LoyaltyMemberInfo? _)' have signature differences. [/Users/jangminho/development/checkout/terminal/Terminal/Terminal.csproj]
/Users/jangminho/development/checkout/terminal/Terminal/ViewModels/MainViewModel.cs(208,18): warning CS8826: Partial method declarations 'void MainViewModel.OnPointsEarnedChanged(int value)' and 'void MainViewModel.OnPointsEarnedChanged(int _)' have signature differences. [/Users/jangminho/development/checkout/terminal/Terminal/Terminal.csproj]
/Users/jangminho/development/checkout/terminal/Terminal/ViewModels/MainViewModel.cs(211,18): warning CS8826: Partial method declarations 'void MainViewModel.OnLoyaltyDiscountChanged(decimal value)' and 'void MainViewModel.OnLoyaltyDiscountChanged(decimal _)' have signature differences. [/Users/jangminho/development/checkout/terminal/Terminal/Terminal.csproj]
/Users/jangminho/development/checkout/terminal/Terminal/ViewModels/MainViewModel.cs(218,18): warning CS8826: Partial method declarations 'void MainViewModel.OnPaymentMethodChanged(string value)' and 'void MainViewModel.OnPaymentMethodChanged(string _)' have signature differences. [/Users/jangminho/development/checkout/terminal/Terminal/Terminal.csproj]
/Users/jangminho/development/checkout/terminal/Terminal/ViewModels/MainViewModel.cs(225,18): warning CS8826: Partial method declarations 'void MainViewModel.OnCashInsertedChanged(decimal value)' and 'void MainViewModel.OnCashInsertedChanged(decimal _)' have signature differences. [/Users/jangminho/development/checkout/terminal/Terminal/Terminal.csproj]
/Users/jangminho/development/checkout/terminal/Terminal/ViewModels/MainViewModel.cs(644,24): warning CS1998: This async method lacks 'await' operators and will run synchronously. Consider using the 'await' operator to await non-blocking API calls, or 'await Task.Run(...)' to do CPU-bound work on a background thread. [/Users/jangminho/development/checkout/terminal/Terminal/Terminal.csproj]
/Users/jangminho/development/checkout/terminal/Terminal/ViewModels/MainViewModel.cs(954,24): warning CS1998: This async method lacks 'await' operators and will run synchronously. Consider using the 'await' operator to await non-blocking API calls, or 'await Task.Run(...)' to do CPU-bound work on a background thread. [/Users/jangminho/development/checkout/terminal/Terminal/Terminal.csproj]
/Users/jangminho/development/checkout/terminal/Terminal/ViewModels/MainViewModel.cs(91,41): warning MVVMTK0034: The field Terminal.ViewModels.MainViewModel._settingsPinInput is annotated with [ObservableProperty] and should not be directly referenced (use the generated property instead) (https://aka.ms/mvvmtoolkit/errors/mvvmtk0034) [/Users/jangminho/development/checkout/terminal/Terminal/Terminal.csproj]

Build succeeded.

/Users/jangminho/development/checkout/terminal/Terminal/Terminal.csproj : warning NU1903: Package 'Tmds.DBus.Protocol' 0.20.0 has a known high severity vulnerability, https://github.com/advisories/GHSA-xrw6-gwf8-vvr9
/Users/jangminho/development/checkout/terminal/Terminal/Terminal.csproj : warning NU1903: Package 'Tmds.DBus.Protocol' 0.20.0 has a known high severity vulnerability, https://github.com/advisories/GHSA-xrw6-gwf8-vvr9
/Users/jangminho/development/checkout/terminal/Terminal/Models/CartItem.cs(30,18): warning CS8826: Partial method declarations 'void CartItem.OnUnitPriceChanged(decimal value)' and 'void CartItem.OnUnitPriceChanged(decimal _)' have signature differences. [/Users/jangminho/development/checkout/terminal/Terminal/Terminal.csproj]
/Users/jangminho/development/checkout/terminal/Terminal/Models/CartItem.cs(31,18): warning CS8826: Partial method declarations 'void CartItem.OnWeightStatusChanged(string value)' and 'void CartItem.OnWeightStatusChanged(string _)' have signature differences. [/Users/jangminho/development/checkout/terminal/Terminal/Terminal.csproj]
/Users/jangminho/development/checkout/terminal/Terminal/ViewModels/MainViewModel.cs(150,18): warning CS8826: Partial method declarations 'void MainViewModel.OnBonusPointsInputChanged(string value)' and 'void MainViewModel.OnBonusPointsInputChanged(string _)' have signature differences. [/Users/jangminho/development/checkout/terminal/Terminal/Terminal.csproj]
/Users/jangminho/development/checkout/terminal/Terminal/ViewModels/MainViewModel.cs(202,18): warning CS8826: Partial method declarations 'void MainViewModel.OnCurrentMemberChanged(LoyaltyMemberInfo? value)' and 'void MainViewModel.OnCurrentMemberChanged(LoyaltyMemberInfo? _)' have signature differences. [/Users/jangminho/development/checkout/terminal/Terminal/Terminal.csproj]
/Users/jangminho/development/checkout/terminal/Terminal/ViewModels/MainViewModel.cs(208,18): warning CS8826: Partial method declarations 'void MainViewModel.OnPointsEarnedChanged(int value)' and 'void MainViewModel.OnPointsEarnedChanged(int _)' have signature differences. [/Users/jangminho/development/checkout/terminal/Terminal/Terminal.csproj]
/Users/jangminho/development/checkout/terminal/Terminal/ViewModels/MainViewModel.cs(211,18): warning CS8826: Partial method declarations 'void MainViewModel.OnLoyaltyDiscountChanged(decimal value)' and 'void MainViewModel.OnLoyaltyDiscountChanged(decimal _)' have signature differences. [/Users/jangminho/development/checkout/terminal/Terminal/Terminal.csproj]
/Users/jangminho/development/checkout/terminal/Terminal/ViewModels/MainViewModel.cs(218,18): warning CS8826: Partial method declarations 'void MainViewModel.OnPaymentMethodChanged(string value)' and 'void MainViewModel.OnPaymentMethodChanged(string _)' have signature differences. [/Users/jangminho/development/checkout/terminal/Terminal/Terminal.csproj]
/Users/jangminho/development/checkout/terminal/Terminal/ViewModels/MainViewModel.cs(225,18): warning CS8826: Partial method declarations 'void MainViewModel.OnCashInsertedChanged(decimal value)' and 'void MainViewModel.OnCashInsertedChanged(decimal _)' have signature differences. [/Users/jangminho/development/checkout/terminal/Terminal/Terminal.csproj]
/Users/jangminho/development/checkout/terminal/Terminal/ViewModels/MainViewModel.cs(644,24): warning CS1998: This async method lacks 'await' operators and will run synchronously. Consider using the 'await' operator to await non-blocking API calls, or 'await Task.Run(...)' to do CPU-bound work on a background thread. [/Users/jangminho/development/checkout/terminal/Terminal/Terminal.csproj]
/Users/jangminho/development/checkout/terminal/Terminal/ViewModels/MainViewModel.cs(954,24): warning CS1998: This async method lacks 'await' operators and will run synchronously. Consider using the 'await' operator to await non-blocking API calls, or 'await Task.Run(...)' to do CPU-bound work on a background thread. [/Users/jangminho/development/checkout/terminal/Terminal/Terminal.csproj]
/Users/jangminho/development/checkout/terminal/Terminal/ViewModels/MainViewModel.cs(91,41): warning MVVMTK0034: The field Terminal.ViewModels.MainViewModel._settingsPinInput is annotated with [ObservableProperty] and should not be directly referenced (use the generated property instead) (https://aka.ms/mvvmtoolkit/errors/mvvmtk0034) [/Users/jangminho/development/checkout/terminal/Terminal/Terminal.csproj]
    13 Warning(s)
    0 Error(s)

Time Elapsed 00:00:03.64
/Users/jangminho/development/checkout/terminal/Terminal/Terminal.csproj : warning NU1903: Package 'Tmds.DBus.Protocol' 0.20.0 has a known high severity vulnerability, https://github.com/advisories/GHSA-xrw6-gwf8-vvr9
/Users/jangminho/development/checkout/terminal/Terminal/Terminal.csproj : warning NU1903: Package 'Tmds.DBus.Protocol' 0.20.0 has a known high severity vulnerability, https://github.com/advisories/GHSA-xrw6-gwf8-vvr9
/Users/jangminho/development/checkout/terminal/Terminal/Models/CartItem.cs(30,18): warning CS8826: Partial method declarations 'void CartItem.OnUnitPriceChanged(decimal value)' and 'void CartItem.OnUnitPriceChanged(decimal _)' have signature differences. [/Users/jangminho/development/checkout/terminal/Terminal/Terminal.csproj]
/Users/jangminho/development/checkout/terminal/Terminal/Models/CartItem.cs(31,18): warning CS8826: Partial method declarations 'void CartItem.OnWeightStatusChanged(string value)' and 'void CartItem.OnWeightStatusChanged(string _)' have signature differences. [/Users/jangminho/development/checkout/terminal/Terminal/Terminal.csproj]
/Users/jangminho/development/checkout/terminal/Terminal/ViewModels/MainViewModel.cs(151,18): warning CS8826: Partial method declarations 'void MainViewModel.OnBonusPointsInputChanged(string value)' and 'void MainViewModel.OnBonusPointsInputChanged(string _)' have signature differences. [/Users/jangminho/development/checkout/terminal/Terminal/Terminal.csproj]
/Users/jangminho/development/checkout/terminal/Terminal/ViewModels/MainViewModel.cs(203,18): warning CS8826: Partial method declarations 'void MainViewModel.OnCurrentMemberChanged(LoyaltyMemberInfo? value)' and 'void MainViewModel.OnCurrentMemberChanged(LoyaltyMemberInfo? _)' have signature differences. [/Users/jangminho/development/checkout/terminal/Terminal/Terminal.csproj]
/Users/jangminho/development/checkout/terminal/Terminal/ViewModels/MainViewModel.cs(209,18): warning CS8826: Partial method declarations 'void MainViewModel.OnPointsEarnedChanged(int value)' and 'void MainViewModel.OnPointsEarnedChanged(int _)' have signature differences. [/Users/jangminho/development/checkout/terminal/Terminal/Terminal.csproj]
/Users/jangminho/development/checkout/terminal/Terminal/ViewModels/MainViewModel.cs(212,18): warning CS8826: Partial method declarations 'void MainViewModel.OnLoyaltyDiscountChanged(decimal value)' and 'void MainViewModel.OnLoyaltyDiscountChanged(decimal _)' have signature differences. [/Users/jangminho/development/checkout/terminal/Terminal/Terminal.csproj]
/Users/jangminho/development/checkout/terminal/Terminal/ViewModels/MainViewModel.cs(219,18): warning CS8826: Partial method declarations 'void MainViewModel.OnPaymentMethodChanged(string value)' and 'void MainViewModel.OnPaymentMethodChanged(string _)' have signature differences. [/Users/jangminho/development/checkout/terminal/Terminal/Terminal.csproj]
/Users/jangminho/development/checkout/terminal/Terminal/ViewModels/MainViewModel.cs(226,18): warning CS8826: Partial method declarations 'void MainViewModel.OnCashInsertedChanged(decimal value)' and 'void MainViewModel.OnCashInsertedChanged(decimal _)' have signature differences. [/Users/jangminho/development/checkout/terminal/Terminal/Terminal.csproj]
/Users/jangminho/development/checkout/terminal/Terminal/ViewModels/MainViewModel.cs(656,24): warning CS1998: This async method lacks 'await' operators and will run synchronously. Consider using the 'await' operator to await non-blocking API calls, or 'await Task.Run(...)' to do CPU-bound work on a background thread. [/Users/jangminho/development/checkout/terminal/Terminal/Terminal.csproj]
/Users/jangminho/development/checkout/terminal/Terminal/ViewModels/MainViewModel.cs(966,24): warning CS1998: This async method lacks 'await' operators and will run synchronously. Consider using the 'await' operator to await non-blocking API calls, or 'await Task.Run(...)' to do CPU-bound work on a background thread. [/Users/jangminho/development/checkout/terminal/Terminal/Terminal.csproj]
/Users/jangminho/development/checkout/terminal/Terminal/ViewModels/MainViewModel.cs(92,41): warning MVVMTK0034: The field Terminal.ViewModels.MainViewModel._settingsPinInput is annotated with [ObservableProperty] and should not be directly referenced (use the generated property instead) (https://aka.ms/mvvmtoolkit/errors/mvvmtk0034) [/Users/jangminho/development/checkout/terminal/Terminal/Terminal.csproj]

Build succeeded.

/Users/jangminho/development/checkout/terminal/Terminal/Terminal.csproj : warning NU1903: Package 'Tmds.DBus.Protocol' 0.20.0 has a known high severity vulnerability, https://github.com/advisories/GHSA-xrw6-gwf8-vvr9
/Users/jangminho/development/checkout/terminal/Terminal/Terminal.csproj : warning NU1903: Package 'Tmds.DBus.Protocol' 0.20.0 has a known high severity vulnerability, https://github.com/advisories/GHSA-xrw6-gwf8-vvr9
/Users/jangminho/development/checkout/terminal/Terminal/Models/CartItem.cs(30,18): warning CS8826: Partial method declarations 'void CartItem.OnUnitPriceChanged(decimal value)' and 'void CartItem.OnUnitPriceChanged(decimal _)' have signature differences. [/Users/jangminho/development/checkout/terminal/Terminal/Terminal.csproj]
/Users/jangminho/development/checkout/terminal/Terminal/Models/CartItem.cs(31,18): warning CS8826: Partial method declarations 'void CartItem.OnWeightStatusChanged(string value)' and 'void CartItem.OnWeightStatusChanged(string _)' have signature differences. [/Users/jangminho/development/checkout/terminal/Terminal/Terminal.csproj]
/Users/jangminho/development/checkout/terminal/Terminal/ViewModels/MainViewModel.cs(151,18): warning CS8826: Partial method declarations 'void MainViewModel.OnBonusPointsInputChanged(string value)' and 'void MainViewModel.OnBonusPointsInputChanged(string _)' have signature differences. [/Users/jangminho/development/checkout/terminal/Terminal/Terminal.csproj]
/Users/jangminho/development/checkout/terminal/Terminal/ViewModels/MainViewModel.cs(203,18): warning CS8826: Partial method declarations 'void MainViewModel.OnCurrentMemberChanged(LoyaltyMemberInfo? value)' and 'void MainViewModel.OnCurrentMemberChanged(LoyaltyMemberInfo? _)' have signature differences. [/Users/jangminho/development/checkout/terminal/Terminal/Terminal.csproj]
/Users/jangminho/development/checkout/terminal/Terminal/ViewModels/MainViewModel.cs(209,18): warning CS8826: Partial method declarations 'void MainViewModel.OnPointsEarnedChanged(int value)' and 'void MainViewModel.OnPointsEarnedChanged(int _)' have signature differences. [/Users/jangminho/development/checkout/terminal/Terminal/Terminal.csproj]
/Users/jangminho/development/checkout/terminal/Terminal/ViewModels/MainViewModel.cs(212,18): warning CS8826: Partial method declarations 'void MainViewModel.OnLoyaltyDiscountChanged(decimal value)' and 'void MainViewModel.OnLoyaltyDiscountChanged(decimal _)' have signature differences. [/Users/jangminho/development/checkout/terminal/Terminal/Terminal.csproj]
/Users/jangminho/development/checkout/terminal/Terminal/ViewModels/MainViewModel.cs(219,18): warning CS8826: Partial method declarations 'void MainViewModel.OnPaymentMethodChanged(string value)' and 'void MainViewModel.OnPaymentMethodChanged(string _)' have signature differences. [/Users/jangminho/development/checkout/terminal/Terminal/Terminal.csproj]
/Users/jangminho/development/checkout/terminal/Terminal/ViewModels/MainViewModel.cs(226,18): warning CS8826: Partial method declarations 'void MainViewModel.OnCashInsertedChanged(decimal value)' and 'void MainViewModel.OnCashInsertedChanged(decimal _)' have signature differences. [/Users/jangminho/development/checkout/terminal/Terminal/Terminal.csproj]
/Users/jangminho/development/checkout/terminal/Terminal/ViewModels/MainViewModel.cs(656,24): warning CS1998: This async method lacks 'await' operators and will run synchronously. Consider using the 'await' operator to await non-blocking API calls, or 'await Task.Run(...)' to do CPU-bound work on a background thread. [/Users/jangminho/development/checkout/terminal/Terminal/Terminal.csproj]
/Users/jangminho/development/checkout/terminal/Terminal/ViewModels/MainViewModel.cs(966,24): warning CS1998: This async method lacks 'await' operators and will run synchronously. Consider using the 'await' operator to await non-blocking API calls, or 'await Task.Run(...)' to do CPU-bound work on a background thread. [/Users/jangminho/development/checkout/terminal/Terminal/Terminal.csproj]
/Users/jangminho/development/checkout/terminal/Terminal/ViewModels/MainViewModel.cs(92,41): warning MVVMTK0034: The field Terminal.ViewModels.MainViewModel._settingsPinInput is annotated with [ObservableProperty] and should not be directly referenced (use the generated property instead) (https://aka.ms/mvvmtoolkit/errors/mvvmtk0034) [/Users/jangminho/development/checkout/terminal/Terminal/Terminal.csproj]
    13 Warning(s)
    0 Error(s)

Time Elapsed 00:00:03.65
/Users/jangminho/development/checkout/terminal/Terminal/Terminal.csproj : warning NU1903: Package 'Tmds.DBus.Protocol' 0.20.0 has a known high severity vulnerability, https://github.com/advisories/GHSA-xrw6-gwf8-vvr9
/Users/jangminho/development/checkout/terminal/Terminal/Terminal.csproj : warning NU1903: Package 'Tmds.DBus.Protocol' 0.20.0 has a known high severity vulnerability, https://github.com/advisories/GHSA-xrw6-gwf8-vvr9

Build succeeded.

/Users/jangminho/development/checkout/terminal/Terminal/Terminal.csproj : warning NU1903: Package 'Tmds.DBus.Protocol' 0.20.0 has a known high severity vulnerability, https://github.com/advisories/GHSA-xrw6-gwf8-vvr9
/Users/jangminho/development/checkout/terminal/Terminal/Terminal.csproj : warning NU1903: Package 'Tmds.DBus.Protocol' 0.20.0 has a known high severity vulnerability, https://github.com/advisories/GHSA-xrw6-gwf8-vvr9
    2 Warning(s)
    0 Error(s)

Time Elapsed 00:00:00.65
/Users/jangminho/development/checkout/terminal/Terminal/Terminal.csproj : warning NU1903: Package 'Tmds.DBus.Protocol' 0.20.0 has a known high severity vulnerability, https://github.com/advisories/GHSA-xrw6-gwf8-vvr9
/Users/jangminho/development/checkout/terminal/Terminal/Terminal.csproj : warning NU1903: Package 'Tmds.DBus.Protocol' 0.20.0 has a known high severity vulnerability, https://github.com/advisories/GHSA-xrw6-gwf8-vvr9
/Users/jangminho/development/checkout/terminal/Terminal/Models/CartItem.cs(30,18): warning CS8826: Partial method declarations 'void CartItem.OnUnitPriceChanged(decimal value)' and 'void CartItem.OnUnitPriceChanged(decimal _)' have signature differences. [/Users/jangminho/development/checkout/terminal/Terminal/Terminal.csproj]
/Users/jangminho/development/checkout/terminal/Terminal/Models/CartItem.cs(31,18): warning CS8826: Partial method declarations 'void CartItem.OnWeightStatusChanged(string value)' and 'void CartItem.OnWeightStatusChanged(string _)' have signature differences. [/Users/jangminho/development/checkout/terminal/Terminal/Terminal.csproj]
/Users/jangminho/development/checkout/terminal/Terminal/ViewModels/MainViewModel.cs(151,18): warning CS8826: Partial method declarations 'void MainViewModel.OnBonusPointsInputChanged(string value)' and 'void MainViewModel.OnBonusPointsInputChanged(string _)' have signature differences. [/Users/jangminho/development/checkout/terminal/Terminal/Terminal.csproj]
/Users/jangminho/development/checkout/terminal/Terminal/ViewModels/MainViewModel.cs(203,18): warning CS8826: Partial method declarations 'void MainViewModel.OnCurrentMemberChanged(LoyaltyMemberInfo? value)' and 'void MainViewModel.OnCurrentMemberChanged(LoyaltyMemberInfo? _)' have signature differences. [/Users/jangminho/development/checkout/terminal/Terminal/Terminal.csproj]
/Users/jangminho/development/checkout/terminal/Terminal/ViewModels/MainViewModel.cs(209,18): warning CS8826: Partial method declarations 'void MainViewModel.OnPointsEarnedChanged(int value)' and 'void MainViewModel.OnPointsEarnedChanged(int _)' have signature differences. [/Users/jangminho/development/checkout/terminal/Terminal/Terminal.csproj]
/Users/jangminho/development/checkout/terminal/Terminal/ViewModels/MainViewModel.cs(212,18): warning CS8826: Partial method declarations 'void MainViewModel.OnLoyaltyDiscountChanged(decimal value)' and 'void MainViewModel.OnLoyaltyDiscountChanged(decimal _)' have signature differences. [/Users/jangminho/development/checkout/terminal/Terminal/Terminal.csproj]
/Users/jangminho/development/checkout/terminal/Terminal/ViewModels/MainViewModel.cs(219,18): warning CS8826: Partial method declarations 'void MainViewModel.OnPaymentMethodChanged(string value)' and 'void MainViewModel.OnPaymentMethodChanged(string _)' have signature differences. [/Users/jangminho/development/checkout/terminal/Terminal/Terminal.csproj]
/Users/jangminho/development/checkout/terminal/Terminal/ViewModels/MainViewModel.cs(226,18): warning CS8826: Partial method declarations 'void MainViewModel.OnCashInsertedChanged(decimal value)' and 'void MainViewModel.OnCashInsertedChanged(decimal _)' have signature differences. [/Users/jangminho/development/checkout/terminal/Terminal/Terminal.csproj]
/Users/jangminho/development/checkout/terminal/Terminal/ViewModels/MainViewModel.cs(668,24): warning CS1998: This async method lacks 'await' operators and will run synchronously. Consider using the 'await' operator to await non-blocking API calls, or 'await Task.Run(...)' to do CPU-bound work on a background thread. [/Users/jangminho/development/checkout/terminal/Terminal/Terminal.csproj]
/Users/jangminho/development/checkout/terminal/Terminal/ViewModels/MainViewModel.cs(978,24): warning CS1998: This async method lacks 'await' operators and will run synchronously. Consider using the 'await' operator to await non-blocking API calls, or 'await Task.Run(...)' to do CPU-bound work on a background thread. [/Users/jangminho/development/checkout/terminal/Terminal/Terminal.csproj]
/Users/jangminho/development/checkout/terminal/Terminal/ViewModels/MainViewModel.cs(92,41): warning MVVMTK0034: The field Terminal.ViewModels.MainViewModel._settingsPinInput is annotated with [ObservableProperty] and should not be directly referenced (use the generated property instead) (https://aka.ms/mvvmtoolkit/errors/mvvmtk0034) [/Users/jangminho/development/checkout/terminal/Terminal/Terminal.csproj]

Build succeeded.

/Users/jangminho/development/checkout/terminal/Terminal/Terminal.csproj : warning NU1903: Package 'Tmds.DBus.Protocol' 0.20.0 has a known high severity vulnerability, https://github.com/advisories/GHSA-xrw6-gwf8-vvr9
/Users/jangminho/development/checkout/terminal/Terminal/Terminal.csproj : warning NU1903: Package 'Tmds.DBus.Protocol' 0.20.0 has a known high severity vulnerability, https://github.com/advisories/GHSA-xrw6-gwf8-vvr9
/Users/jangminho/development/checkout/terminal/Terminal/Models/CartItem.cs(30,18): warning CS8826: Partial method declarations 'void CartItem.OnUnitPriceChanged(decimal value)' and 'void CartItem.OnUnitPriceChanged(decimal _)' have signature differences. [/Users/jangminho/development/checkout/terminal/Terminal/Terminal.csproj]
/Users/jangminho/development/checkout/terminal/Terminal/Models/CartItem.cs(31,18): warning CS8826: Partial method declarations 'void CartItem.OnWeightStatusChanged(string value)' and 'void CartItem.OnWeightStatusChanged(string _)' have signature differences. [/Users/jangminho/development/checkout/terminal/Terminal/Terminal.csproj]
/Users/jangminho/development/checkout/terminal/Terminal/ViewModels/MainViewModel.cs(151,18): warning CS8826: Partial method declarations 'void MainViewModel.OnBonusPointsInputChanged(string value)' and 'void MainViewModel.OnBonusPointsInputChanged(string _)' have signature differences. [/Users/jangminho/development/checkout/terminal/Terminal/Terminal.csproj]
/Users/jangminho/development/checkout/terminal/Terminal/ViewModels/MainViewModel.cs(203,18): warning CS8826: Partial method declarations 'void MainViewModel.OnCurrentMemberChanged(LoyaltyMemberInfo? value)' and 'void MainViewModel.OnCurrentMemberChanged(LoyaltyMemberInfo? _)' have signature differences. [/Users/jangminho/development/checkout/terminal/Terminal/Terminal.csproj]
/Users/jangminho/development/checkout/terminal/Terminal/ViewModels/MainViewModel.cs(209,18): warning CS8826: Partial method declarations 'void MainViewModel.OnPointsEarnedChanged(int value)' and 'void MainViewModel.OnPointsEarnedChanged(int _)' have signature differences. [/Users/jangminho/development/checkout/terminal/Terminal/Terminal.csproj]
/Users/jangminho/development/checkout/terminal/Terminal/ViewModels/MainViewModel.cs(212,18): warning CS8826: Partial method declarations 'void MainViewModel.OnLoyaltyDiscountChanged(decimal value)' and 'void MainViewModel.OnLoyaltyDiscountChanged(decimal _)' have signature differences. [/Users/jangminho/development/checkout/terminal/Terminal/Terminal.csproj]
/Users/jangminho/development/checkout/terminal/Terminal/ViewModels/MainViewModel.cs(219,18): warning CS8826: Partial method declarations 'void MainViewModel.OnPaymentMethodChanged(string value)' and 'void MainViewModel.OnPaymentMethodChanged(string _)' have signature differences. [/Users/jangminho/development/checkout/terminal/Terminal/Terminal.csproj]
/Users/jangminho/development/checkout/terminal/Terminal/ViewModels/MainViewModel.cs(226,18): warning CS8826: Partial method declarations 'void MainViewModel.OnCashInsertedChanged(decimal value)' and 'void MainViewModel.OnCashInsertedChanged(decimal _)' have signature differences. [/Users/jangminho/development/checkout/terminal/Terminal/Terminal.csproj]
/Users/jangminho/development/checkout/terminal/Terminal/ViewModels/MainViewModel.cs(668,24): warning CS1998: This async method lacks 'await' operators and will run synchronously. Consider using the 'await' operator to await non-blocking API calls, or 'await Task.Run(...)' to do CPU-bound work on a background thread. [/Users/jangminho/development/checkout/terminal/Terminal/Terminal.csproj]
/Users/jangminho/development/checkout/terminal/Terminal/ViewModels/MainViewModel.cs(978,24): warning CS1998: This async method lacks 'await' operators and will run synchronously. Consider using the 'await' operator to await non-blocking API calls, or 'await Task.Run(...)' to do CPU-bound work on a background thread. [/Users/jangminho/development/checkout/terminal/Terminal/Terminal.csproj]
/Users/jangminho/development/checkout/terminal/Terminal/ViewModels/MainViewModel.cs(92,41): warning MVVMTK0034: The field Terminal.ViewModels.MainViewModel._settingsPinInput is annotated with [ObservableProperty] and should not be directly referenced (use the generated property instead) (https://aka.ms/mvvmtoolkit/errors/mvvmtk0034) [/Users/jangminho/development/checkout/terminal/Terminal/Terminal.csproj]
    13 Warning(s)
    0 Error(s)

Time Elapsed 00:00:03.54
/Users/jangminho/development/checkout/terminal/Terminal/Terminal.csproj : warning NU1903: Package 'Tmds.DBus.Protocol' 0.20.0 has a known high severity vulnerability, https://github.com/advisories/GHSA-xrw6-gwf8-vvr9
/Users/jangminho/development/checkout/terminal/Terminal/Terminal.csproj : warning NU1903: Package 'Tmds.DBus.Protocol' 0.20.0 has a known high severity vulnerability, https://github.com/advisories/GHSA-xrw6-gwf8-vvr9
/Users/jangminho/development/checkout/terminal/Terminal/Models/CartItem.cs(30,18): warning CS8826: Partial method declarations 'void CartItem.OnUnitPriceChanged(decimal value)' and 'void CartItem.OnUnitPriceChanged(decimal _)' have signature differences. [/Users/jangminho/development/checkout/terminal/Terminal/Terminal.csproj]
/Users/jangminho/development/checkout/terminal/Terminal/Models/CartItem.cs(31,18): warning CS8826: Partial method declarations 'void CartItem.OnWeightStatusChanged(string value)' and 'void CartItem.OnWeightStatusChanged(string _)' have signature differences. [/Users/jangminho/development/checkout/terminal/Terminal/Terminal.csproj]
/Users/jangminho/development/checkout/terminal/Terminal/ViewModels/MainViewModel.cs(151,18): warning CS8826: Partial method declarations 'void MainViewModel.OnBonusPointsInputChanged(string value)' and 'void MainViewModel.OnBonusPointsInputChanged(string _)' have signature differences. [/Users/jangminho/development/checkout/terminal/Terminal/Terminal.csproj]
/Users/jangminho/development/checkout/terminal/Terminal/ViewModels/MainViewModel.cs(203,18): warning CS8826: Partial method declarations 'void MainViewModel.OnCurrentMemberChanged(LoyaltyMemberInfo? value)' and 'void MainViewModel.OnCurrentMemberChanged(LoyaltyMemberInfo? _)' have signature differences. [/Users/jangminho/development/checkout/terminal/Terminal/Terminal.csproj]
/Users/jangminho/development/checkout/terminal/Terminal/ViewModels/MainViewModel.cs(209,18): warning CS8826: Partial method declarations 'void MainViewModel.OnPointsEarnedChanged(int value)' and 'void MainViewModel.OnPointsEarnedChanged(int _)' have signature differences. [/Users/jangminho/development/checkout/terminal/Terminal/Terminal.csproj]
/Users/jangminho/development/checkout/terminal/Terminal/ViewModels/MainViewModel.cs(212,18): warning CS8826: Partial method declarations 'void MainViewModel.OnLoyaltyDiscountChanged(decimal value)' and 'void MainViewModel.OnLoyaltyDiscountChanged(decimal _)' have signature differences. [/Users/jangminho/development/checkout/terminal/Terminal/Terminal.csproj]
/Users/jangminho/development/checkout/terminal/Terminal/ViewModels/MainViewModel.cs(219,18): warning CS8826: Partial method declarations 'void MainViewModel.OnPaymentMethodChanged(string value)' and 'void MainViewModel.OnPaymentMethodChanged(string _)' have signature differences. [/Users/jangminho/development/checkout/terminal/Terminal/Terminal.csproj]
/Users/jangminho/development/checkout/terminal/Terminal/ViewModels/MainViewModel.cs(226,18): warning CS8826: Partial method declarations 'void MainViewModel.OnCashInsertedChanged(decimal value)' and 'void MainViewModel.OnCashInsertedChanged(decimal _)' have signature differences. [/Users/jangminho/development/checkout/terminal/Terminal/Terminal.csproj]
/Users/jangminho/development/checkout/terminal/Terminal/ViewModels/MainViewModel.cs(668,24): warning CS1998: This async method lacks 'await' operators and will run synchronously. Consider using the 'await' operator to await non-blocking API calls, or 'await Task.Run(...)' to do CPU-bound work on a background thread. [/Users/jangminho/development/checkout/terminal/Terminal/Terminal.csproj]
/Users/jangminho/development/checkout/terminal/Terminal/ViewModels/MainViewModel.cs(978,24): warning CS1998: This async method lacks 'await' operators and will run synchronously. Consider using the 'await' operator to await non-blocking API calls, or 'await Task.Run(...)' to do CPU-bound work on a background thread. [/Users/jangminho/development/checkout/terminal/Terminal/Terminal.csproj]
/Users/jangminho/development/checkout/terminal/Terminal/ViewModels/MainViewModel.cs(92,41): warning MVVMTK0034: The field Terminal.ViewModels.MainViewModel._settingsPinInput is annotated with [ObservableProperty] and should not be directly referenced (use the generated property instead) (https://aka.ms/mvvmtoolkit/errors/mvvmtk0034) [/Users/jangminho/development/checkout/terminal/Terminal/Terminal.csproj]

Build succeeded.

/Users/jangminho/development/checkout/terminal/Terminal/Terminal.csproj : warning NU1903: Package 'Tmds.DBus.Protocol' 0.20.0 has a known high severity vulnerability, https://github.com/advisories/GHSA-xrw6-gwf8-vvr9
/Users/jangminho/development/checkout/terminal/Terminal/Terminal.csproj : warning NU1903: Package 'Tmds.DBus.Protocol' 0.20.0 has a known high severity vulnerability, https://github.com/advisories/GHSA-xrw6-gwf8-vvr9
/Users/jangminho/development/checkout/terminal/Terminal/Models/CartItem.cs(30,18): warning CS8826: Partial method declarations 'void CartItem.OnUnitPriceChanged(decimal value)' and 'void CartItem.OnUnitPriceChanged(decimal _)' have signature differences. [/Users/jangminho/development/checkout/terminal/Terminal/Terminal.csproj]
/Users/jangminho/development/checkout/terminal/Terminal/Models/CartItem.cs(31,18): warning CS8826: Partial method declarations 'void CartItem.OnWeightStatusChanged(string value)' and 'void CartItem.OnWeightStatusChanged(string _)' have signature differences. [/Users/jangminho/development/checkout/terminal/Terminal/Terminal.csproj]
/Users/jangminho/development/checkout/terminal/Terminal/ViewModels/MainViewModel.cs(151,18): warning CS8826: Partial method declarations 'void MainViewModel.OnBonusPointsInputChanged(string value)' and 'void MainViewModel.OnBonusPointsInputChanged(string _)' have signature differences. [/Users/jangminho/development/checkout/terminal/Terminal/Terminal.csproj]
/Users/jangminho/development/checkout/terminal/Terminal/ViewModels/MainViewModel.cs(203,18): warning CS8826: Partial method declarations 'void MainViewModel.OnCurrentMemberChanged(LoyaltyMemberInfo? value)' and 'void MainViewModel.OnCurrentMemberChanged(LoyaltyMemberInfo? _)' have signature differences. [/Users/jangminho/development/checkout/terminal/Terminal/Terminal.csproj]
/Users/jangminho/development/checkout/terminal/Terminal/ViewModels/MainViewModel.cs(209,18): warning CS8826: Partial method declarations 'void MainViewModel.OnPointsEarnedChanged(int value)' and 'void MainViewModel.OnPointsEarnedChanged(int _)' have signature differences. [/Users/jangminho/development/checkout/terminal/Terminal/Terminal.csproj]
/Users/jangminho/development/checkout/terminal/Terminal/ViewModels/MainViewModel.cs(212,18): warning CS8826: Partial method declarations 'void MainViewModel.OnLoyaltyDiscountChanged(decimal value)' and 'void MainViewModel.OnLoyaltyDiscountChanged(decimal _)' have signature differences. [/Users/jangminho/development/checkout/terminal/Terminal/Terminal.csproj]
/Users/jangminho/development/checkout/terminal/Terminal/ViewModels/MainViewModel.cs(219,18): warning CS8826: Partial method declarations 'void MainViewModel.OnPaymentMethodChanged(string value)' and 'void MainViewModel.OnPaymentMethodChanged(string _)' have signature differences. [/Users/jangminho/development/checkout/terminal/Terminal/Terminal.csproj]
/Users/jangminho/development/checkout/terminal/Terminal/ViewModels/MainViewModel.cs(226,18): warning CS8826: Partial method declarations 'void MainViewModel.OnCashInsertedChanged(decimal value)' and 'void MainViewModel.OnCashInsertedChanged(decimal _)' have signature differences. [/Users/jangminho/development/checkout/terminal/Terminal/Terminal.csproj]
/Users/jangminho/development/checkout/terminal/Terminal/ViewModels/MainViewModel.cs(668,24): warning CS1998: This async method lacks 'await' operators and will run synchronously. Consider using the 'await' operator to await non-blocking API calls, or 'await Task.Run(...)' to do CPU-bound work on a background thread. [/Users/jangminho/development/checkout/terminal/Terminal/Terminal.csproj]
/Users/jangminho/development/checkout/terminal/Terminal/ViewModels/MainViewModel.cs(978,24): warning CS1998: This async method lacks 'await' operators and will run synchronously. Consider using the 'await' operator to await non-blocking API calls, or 'await Task.Run(...)' to do CPU-bound work on a background thread. [/Users/jangminho/development/checkout/terminal/Terminal/Terminal.csproj]
/Users/jangminho/development/checkout/terminal/Terminal/ViewModels/MainViewModel.cs(92,41): warning MVVMTK0034: The field Terminal.ViewModels.MainViewModel._settingsPinInput is annotated with [ObservableProperty] and should not be directly referenced (use the generated property instead) (https://aka.ms/mvvmtoolkit/errors/mvvmtk0034) [/Users/jangminho/development/checkout/terminal/Terminal/Terminal.csproj]
    13 Warning(s)
    0 Error(s)

Time Elapsed 00:00:02.70
/Users/jangminho/development/checkout/terminal/Terminal/Terminal.csproj : warning NU1903: Package 'Tmds.DBus.Protocol' 0.20.0 has a known high severity vulnerability, https://github.com/advisories/GHSA-xrw6-gwf8-vvr9
/Users/jangminho/development/checkout/terminal/Terminal/Terminal.csproj : warning NU1903: Package 'Tmds.DBus.Protocol' 0.20.0 has a known high severity vulnerability, https://github.com/advisories/GHSA-xrw6-gwf8-vvr9
/Users/jangminho/development/checkout/terminal/Terminal/Models/CartItem.cs(30,18): warning CS8826: Partial method declarations 'void CartItem.OnUnitPriceChanged(decimal value)' and 'void CartItem.OnUnitPriceChanged(decimal _)' have signature differences. [/Users/jangminho/development/checkout/terminal/Terminal/Terminal.csproj]
/Users/jangminho/development/checkout/terminal/Terminal/Models/CartItem.cs(31,18): warning CS8826: Partial method declarations 'void CartItem.OnWeightStatusChanged(string value)' and 'void CartItem.OnWeightStatusChanged(string _)' have signature differences. [/Users/jangminho/development/checkout/terminal/Terminal/Terminal.csproj]
/Users/jangminho/development/checkout/terminal/Terminal/ViewModels/MainViewModel.cs(151,18): warning CS8826: Partial method declarations 'void MainViewModel.OnBonusPointsInputChanged(string value)' and 'void MainViewModel.OnBonusPointsInputChanged(string _)' have signature differences. [/Users/jangminho/development/checkout/terminal/Terminal/Terminal.csproj]
/Users/jangminho/development/checkout/terminal/Terminal/ViewModels/MainViewModel.cs(203,18): warning CS8826: Partial method declarations 'void MainViewModel.OnCurrentMemberChanged(LoyaltyMemberInfo? value)' and 'void MainViewModel.OnCurrentMemberChanged(LoyaltyMemberInfo? _)' have signature differences. [/Users/jangminho/development/checkout/terminal/Terminal/Terminal.csproj]
/Users/jangminho/development/checkout/terminal/Terminal/ViewModels/MainViewModel.cs(209,18): warning CS8826: Partial method declarations 'void MainViewModel.OnPointsEarnedChanged(int value)' and 'void MainViewModel.OnPointsEarnedChanged(int _)' have signature differences. [/Users/jangminho/development/checkout/terminal/Terminal/Terminal.csproj]
/Users/jangminho/development/checkout/terminal/Terminal/ViewModels/MainViewModel.cs(212,18): warning CS8826: Partial method declarations 'void MainViewModel.OnLoyaltyDiscountChanged(decimal value)' and 'void MainViewModel.OnLoyaltyDiscountChanged(decimal _)' have signature differences. [/Users/jangminho/development/checkout/terminal/Terminal/Terminal.csproj]
/Users/jangminho/development/checkout/terminal/Terminal/ViewModels/MainViewModel.cs(219,18): warning CS8826: Partial method declarations 'void MainViewModel.OnPaymentMethodChanged(string value)' and 'void MainViewModel.OnPaymentMethodChanged(string _)' have signature differences. [/Users/jangminho/development/checkout/terminal/Terminal/Terminal.csproj]
/Users/jangminho/development/checkout/terminal/Terminal/ViewModels/MainViewModel.cs(226,18): warning CS8826: Partial method declarations 'void MainViewModel.OnCashInsertedChanged(decimal value)' and 'void MainViewModel.OnCashInsertedChanged(decimal _)' have signature differences. [/Users/jangminho/development/checkout/terminal/Terminal/Terminal.csproj]
/Users/jangminho/development/checkout/terminal/Terminal/ViewModels/MainViewModel.cs(668,24): warning CS1998: This async method lacks 'await' operators and will run synchronously. Consider using the 'await' operator to await non-blocking API calls, or 'await Task.Run(...)' to do CPU-bound work on a background thread. [/Users/jangminho/development/checkout/terminal/Terminal/Terminal.csproj]
/Users/jangminho/development/checkout/terminal/Terminal/ViewModels/MainViewModel.cs(978,24): warning CS1998: This async method lacks 'await' operators and will run synchronously. Consider using the 'await' operator to await non-blocking API calls, or 'await Task.Run(...)' to do CPU-bound work on a background thread. [/Users/jangminho/development/checkout/terminal/Terminal/Terminal.csproj]
/Users/jangminho/development/checkout/terminal/Terminal/ViewModels/MainViewModel.cs(92,41): warning MVVMTK0034: The field Terminal.ViewModels.MainViewModel._settingsPinInput is annotated with [ObservableProperty] and should not be directly referenced (use the generated property instead) (https://aka.ms/mvvmtoolkit/errors/mvvmtk0034) [/Users/jangminho/development/checkout/terminal/Terminal/Terminal.csproj]

Build succeeded.

/Users/jangminho/development/checkout/terminal/Terminal/Terminal.csproj : warning NU1903: Package 'Tmds.DBus.Protocol' 0.20.0 has a known high severity vulnerability, https://github.com/advisories/GHSA-xrw6-gwf8-vvr9
/Users/jangminho/development/checkout/terminal/Terminal/Terminal.csproj : warning NU1903: Package 'Tmds.DBus.Protocol' 0.20.0 has a known high severity vulnerability, https://github.com/advisories/GHSA-xrw6-gwf8-vvr9
/Users/jangminho/development/checkout/terminal/Terminal/Models/CartItem.cs(30,18): warning CS8826: Partial method declarations 'void CartItem.OnUnitPriceChanged(decimal value)' and 'void CartItem.OnUnitPriceChanged(decimal _)' have signature differences. [/Users/jangminho/development/checkout/terminal/Terminal/Terminal.csproj]
/Users/jangminho/development/checkout/terminal/Terminal/Models/CartItem.cs(31,18): warning CS8826: Partial method declarations 'void CartItem.OnWeightStatusChanged(string value)' and 'void CartItem.OnWeightStatusChanged(string _)' have signature differences. [/Users/jangminho/development/checkout/terminal/Terminal/Terminal.csproj]
/Users/jangminho/development/checkout/terminal/Terminal/ViewModels/MainViewModel.cs(151,18): warning CS8826: Partial method declarations 'void MainViewModel.OnBonusPointsInputChanged(string value)' and 'void MainViewModel.OnBonusPointsInputChanged(string _)' have signature differences. [/Users/jangminho/development/checkout/terminal/Terminal/Terminal.csproj]
/Users/jangminho/development/checkout/terminal/Terminal/ViewModels/MainViewModel.cs(203,18): warning CS8826: Partial method declarations 'void MainViewModel.OnCurrentMemberChanged(LoyaltyMemberInfo? value)' and 'void MainViewModel.OnCurrentMemberChanged(LoyaltyMemberInfo? _)' have signature differences. [/Users/jangminho/development/checkout/terminal/Terminal/Terminal.csproj]
/Users/jangminho/development/checkout/terminal/Terminal/ViewModels/MainViewModel.cs(209,18): warning CS8826: Partial method declarations 'void MainViewModel.OnPointsEarnedChanged(int value)' and 'void MainViewModel.OnPointsEarnedChanged(int _)' have signature differences. [/Users/jangminho/development/checkout/terminal/Terminal/Terminal.csproj]
/Users/jangminho/development/checkout/terminal/Terminal/ViewModels/MainViewModel.cs(212,18): warning CS8826: Partial method declarations 'void MainViewModel.OnLoyaltyDiscountChanged(decimal value)' and 'void MainViewModel.OnLoyaltyDiscountChanged(decimal _)' have signature differences. [/Users/jangminho/development/checkout/terminal/Terminal/Terminal.csproj]
/Users/jangminho/development/checkout/terminal/Terminal/ViewModels/MainViewModel.cs(219,18): warning CS8826: Partial method declarations 'void MainViewModel.OnPaymentMethodChanged(string value)' and 'void MainViewModel.OnPaymentMethodChanged(string _)' have signature differences. [/Users/jangminho/development/checkout/terminal/Terminal/Terminal.csproj]
/Users/jangminho/development/checkout/terminal/Terminal/ViewModels/MainViewModel.cs(226,18): warning CS8826: Partial method declarations 'void MainViewModel.OnCashInsertedChanged(decimal value)' and 'void MainViewModel.OnCashInsertedChanged(decimal _)' have signature differences. [/Users/jangminho/development/checkout/terminal/Terminal/Terminal.csproj]
/Users/jangminho/development/checkout/terminal/Terminal/ViewModels/MainViewModel.cs(668,24): warning CS1998: This async method lacks 'await' operators and will run synchronously. Consider using the 'await' operator to await non-blocking API calls, or 'await Task.Run(...)' to do CPU-bound work on a background thread. [/Users/jangminho/development/checkout/terminal/Terminal/Terminal.csproj]
/Users/jangminho/development/checkout/terminal/Terminal/ViewModels/MainViewModel.cs(978,24): warning CS1998: This async method lacks 'await' operators and will run synchronously. Consider using the 'await' operator to await non-blocking API calls, or 'await Task.Run(...)' to do CPU-bound work on a background thread. [/Users/jangminho/development/checkout/terminal/Terminal/Terminal.csproj]
/Users/jangminho/development/checkout/terminal/Terminal/ViewModels/MainViewModel.cs(92,41): warning MVVMTK0034: The field Terminal.ViewModels.MainViewModel._settingsPinInput is annotated with [ObservableProperty] and should not be directly referenced (use the generated property instead) (https://aka.ms/mvvmtoolkit/errors/mvvmtk0034) [/Users/jangminho/development/checkout/terminal/Terminal/Terminal.csproj]
    13 Warning(s)
    0 Error(s)

Time Elapsed 00:00:03.60
/Users/jangminho/development/checkout/terminal/Terminal/Terminal.csproj : warning NU1903: Package 'Tmds.DBus.Protocol' 0.20.0 has a known high severity vulnerability, https://github.com/advisories/GHSA-xrw6-gwf8-vvr9
/Users/jangminho/development/checkout/terminal/Terminal/Terminal.csproj : warning NU1903: Package 'Tmds.DBus.Protocol' 0.20.0 has a known high severity vulnerability, https://github.com/advisories/GHSA-xrw6-gwf8-vvr9
/Users/jangminho/development/checkout/terminal/Terminal/Models/CartItem.cs(30,18): warning CS8826: Partial method declarations 'void CartItem.OnUnitPriceChanged(decimal value)' and 'void CartItem.OnUnitPriceChanged(decimal _)' have signature differences. [/Users/jangminho/development/checkout/terminal/Terminal/Terminal.csproj]
/Users/jangminho/development/checkout/terminal/Terminal/Models/CartItem.cs(31,18): warning CS8826: Partial method declarations 'void CartItem.OnWeightStatusChanged(string value)' and 'void CartItem.OnWeightStatusChanged(string _)' have signature differences. [/Users/jangminho/development/checkout/terminal/Terminal/Terminal.csproj]
/Users/jangminho/development/checkout/terminal/Terminal/ViewModels/MainViewModel.cs(155,18): warning CS8826: Partial method declarations 'void MainViewModel.OnBonusPointsInputChanged(string value)' and 'void MainViewModel.OnBonusPointsInputChanged(string _)' have signature differences. [/Users/jangminho/development/checkout/terminal/Terminal/Terminal.csproj]
/Users/jangminho/development/checkout/terminal/Terminal/ViewModels/MainViewModel.cs(207,18): warning CS8826: Partial method declarations 'void MainViewModel.OnCurrentMemberChanged(LoyaltyMemberInfo? value)' and 'void MainViewModel.OnCurrentMemberChanged(LoyaltyMemberInfo? _)' have signature differences. [/Users/jangminho/development/checkout/terminal/Terminal/Terminal.csproj]
/Users/jangminho/development/checkout/terminal/Terminal/ViewModels/MainViewModel.cs(213,18): warning CS8826: Partial method declarations 'void MainViewModel.OnPointsEarnedChanged(int value)' and 'void MainViewModel.OnPointsEarnedChanged(int _)' have signature differences. [/Users/jangminho/development/checkout/terminal/Terminal/Terminal.csproj]
/Users/jangminho/development/checkout/terminal/Terminal/ViewModels/MainViewModel.cs(216,18): warning CS8826: Partial method declarations 'void MainViewModel.OnLoyaltyDiscountChanged(decimal value)' and 'void MainViewModel.OnLoyaltyDiscountChanged(decimal _)' have signature differences. [/Users/jangminho/development/checkout/terminal/Terminal/Terminal.csproj]
/Users/jangminho/development/checkout/terminal/Terminal/ViewModels/MainViewModel.cs(223,18): warning CS8826: Partial method declarations 'void MainViewModel.OnPaymentMethodChanged(string value)' and 'void MainViewModel.OnPaymentMethodChanged(string _)' have signature differences. [/Users/jangminho/development/checkout/terminal/Terminal/Terminal.csproj]
/Users/jangminho/development/checkout/terminal/Terminal/ViewModels/MainViewModel.cs(230,18): warning CS8826: Partial method declarations 'void MainViewModel.OnCashInsertedChanged(decimal value)' and 'void MainViewModel.OnCashInsertedChanged(decimal _)' have signature differences. [/Users/jangminho/development/checkout/terminal/Terminal/Terminal.csproj]
/Users/jangminho/development/checkout/terminal/Terminal/ViewModels/MainViewModel.cs(680,24): warning CS1998: This async method lacks 'await' operators and will run synchronously. Consider using the 'await' operator to await non-blocking API calls, or 'await Task.Run(...)' to do CPU-bound work on a background thread. [/Users/jangminho/development/checkout/terminal/Terminal/Terminal.csproj]
/Users/jangminho/development/checkout/terminal/Terminal/ViewModels/MainViewModel.cs(1003,24): warning CS1998: This async method lacks 'await' operators and will run synchronously. Consider using the 'await' operator to await non-blocking API calls, or 'await Task.Run(...)' to do CPU-bound work on a background thread. [/Users/jangminho/development/checkout/terminal/Terminal/Terminal.csproj]
/Users/jangminho/development/checkout/terminal/Terminal/ViewModels/MainViewModel.cs(96,41): warning MVVMTK0034: The field Terminal.ViewModels.MainViewModel._settingsPinInput is annotated with [ObservableProperty] and should not be directly referenced (use the generated property instead) (https://aka.ms/mvvmtoolkit/errors/mvvmtk0034) [/Users/jangminho/development/checkout/terminal/Terminal/Terminal.csproj]

Build succeeded.

/Users/jangminho/development/checkout/terminal/Terminal/Terminal.csproj : warning NU1903: Package 'Tmds.DBus.Protocol' 0.20.0 has a known high severity vulnerability, https://github.com/advisories/GHSA-xrw6-gwf8-vvr9
/Users/jangminho/development/checkout/terminal/Terminal/Terminal.csproj : warning NU1903: Package 'Tmds.DBus.Protocol' 0.20.0 has a known high severity vulnerability, https://github.com/advisories/GHSA-xrw6-gwf8-vvr9
/Users/jangminho/development/checkout/terminal/Terminal/Models/CartItem.cs(30,18): warning CS8826: Partial method declarations 'void CartItem.OnUnitPriceChanged(decimal value)' and 'void CartItem.OnUnitPriceChanged(decimal _)' have signature differences. [/Users/jangminho/development/checkout/terminal/Terminal/Terminal.csproj]
/Users/jangminho/development/checkout/terminal/Terminal/Models/CartItem.cs(31,18): warning CS8826: Partial method declarations 'void CartItem.OnWeightStatusChanged(string value)' and 'void CartItem.OnWeightStatusChanged(string _)' have signature differences. [/Users/jangminho/development/checkout/terminal/Terminal/Terminal.csproj]
/Users/jangminho/development/checkout/terminal/Terminal/ViewModels/MainViewModel.cs(155,18): warning CS8826: Partial method declarations 'void MainViewModel.OnBonusPointsInputChanged(string value)' and 'void MainViewModel.OnBonusPointsInputChanged(string _)' have signature differences. [/Users/jangminho/development/checkout/terminal/Terminal/Terminal.csproj]
/Users/jangminho/development/checkout/terminal/Terminal/ViewModels/MainViewModel.cs(207,18): warning CS8826: Partial method declarations 'void MainViewModel.OnCurrentMemberChanged(LoyaltyMemberInfo? value)' and 'void MainViewModel.OnCurrentMemberChanged(LoyaltyMemberInfo? _)' have signature differences. [/Users/jangminho/development/checkout/terminal/Terminal/Terminal.csproj]
/Users/jangminho/development/checkout/terminal/Terminal/ViewModels/MainViewModel.cs(213,18): warning CS8826: Partial method declarations 'void MainViewModel.OnPointsEarnedChanged(int value)' and 'void MainViewModel.OnPointsEarnedChanged(int _)' have signature differences. [/Users/jangminho/development/checkout/terminal/Terminal/Terminal.csproj]
/Users/jangminho/development/checkout/terminal/Terminal/ViewModels/MainViewModel.cs(216,18): warning CS8826: Partial method declarations 'void MainViewModel.OnLoyaltyDiscountChanged(decimal value)' and 'void MainViewModel.OnLoyaltyDiscountChanged(decimal _)' have signature differences. [/Users/jangminho/development/checkout/terminal/Terminal/Terminal.csproj]
/Users/jangminho/development/checkout/terminal/Terminal/ViewModels/MainViewModel.cs(223,18): warning CS8826: Partial method declarations 'void MainViewModel.OnPaymentMethodChanged(string value)' and 'void MainViewModel.OnPaymentMethodChanged(string _)' have signature differences. [/Users/jangminho/development/checkout/terminal/Terminal/Terminal.csproj]
/Users/jangminho/development/checkout/terminal/Terminal/ViewModels/MainViewModel.cs(230,18): warning CS8826: Partial method declarations 'void MainViewModel.OnCashInsertedChanged(decimal value)' and 'void MainViewModel.OnCashInsertedChanged(decimal _)' have signature differences. [/Users/jangminho/development/checkout/terminal/Terminal/Terminal.csproj]
/Users/jangminho/development/checkout/terminal/Terminal/ViewModels/MainViewModel.cs(680,24): warning CS1998: This async method lacks 'await' operators and will run synchronously. Consider using the 'await' operator to await non-blocking API calls, or 'await Task.Run(...)' to do CPU-bound work on a background thread. [/Users/jangminho/development/checkout/terminal/Terminal/Terminal.csproj]
/Users/jangminho/development/checkout/terminal/Terminal/ViewModels/MainViewModel.cs(1003,24): warning CS1998: This async method lacks 'await' operators and will run synchronously. Consider using the 'await' operator to await non-blocking API calls, or 'await Task.Run(...)' to do CPU-bound work on a background thread. [/Users/jangminho/development/checkout/terminal/Terminal/Terminal.csproj]
/Users/jangminho/development/checkout/terminal/Terminal/ViewModels/MainViewModel.cs(96,41): warning MVVMTK0034: The field Terminal.ViewModels.MainViewModel._settingsPinInput is annotated with [ObservableProperty] and should not be directly referenced (use the generated property instead) (https://aka.ms/mvvmtoolkit/errors/mvvmtk0034) [/Users/jangminho/development/checkout/terminal/Terminal/Terminal.csproj]
    13 Warning(s)
    0 Error(s)

Time Elapsed 00:00:03.41
/Users/jangminho/development/checkout/terminal/Terminal/Terminal.csproj : warning NU1903: Package 'Tmds.DBus.Protocol' 0.20.0 has a known high severity vulnerability, https://github.com/advisories/GHSA-xrw6-gwf8-vvr9
/Users/jangminho/development/checkout/terminal/Terminal/Terminal.csproj : warning NU1903: Package 'Tmds.DBus.Protocol' 0.20.0 has a known high severity vulnerability, https://github.com/advisories/GHSA-xrw6-gwf8-vvr9
/Users/jangminho/development/checkout/terminal/Terminal/Models/CartItem.cs(30,18): warning CS8826: Partial method declarations 'void CartItem.OnUnitPriceChanged(decimal value)' and 'void CartItem.OnUnitPriceChanged(decimal _)' have signature differences. [/Users/jangminho/development/checkout/terminal/Terminal/Terminal.csproj]
/Users/jangminho/development/checkout/terminal/Terminal/Models/CartItem.cs(31,18): warning CS8826: Partial method declarations 'void CartItem.OnWeightStatusChanged(string value)' and 'void CartItem.OnWeightStatusChanged(string _)' have signature differences. [/Users/jangminho/development/checkout/terminal/Terminal/Terminal.csproj]
/Users/jangminho/development/checkout/terminal/Terminal/ViewModels/MainViewModel.cs(156,18): warning CS8826: Partial method declarations 'void MainViewModel.OnBonusPointsInputChanged(string value)' and 'void MainViewModel.OnBonusPointsInputChanged(string _)' have signature differences. [/Users/jangminho/development/checkout/terminal/Terminal/Terminal.csproj]
/Users/jangminho/development/checkout/terminal/Terminal/ViewModels/MainViewModel.cs(208,18): warning CS8826: Partial method declarations 'void MainViewModel.OnCurrentMemberChanged(LoyaltyMemberInfo? value)' and 'void MainViewModel.OnCurrentMemberChanged(LoyaltyMemberInfo? _)' have signature differences. [/Users/jangminho/development/checkout/terminal/Terminal/Terminal.csproj]
/Users/jangminho/development/checkout/terminal/Terminal/ViewModels/MainViewModel.cs(214,18): warning CS8826: Partial method declarations 'void MainViewModel.OnPointsEarnedChanged(int value)' and 'void MainViewModel.OnPointsEarnedChanged(int _)' have signature differences. [/Users/jangminho/development/checkout/terminal/Terminal/Terminal.csproj]
/Users/jangminho/development/checkout/terminal/Terminal/ViewModels/MainViewModel.cs(217,18): warning CS8826: Partial method declarations 'void MainViewModel.OnLoyaltyDiscountChanged(decimal value)' and 'void MainViewModel.OnLoyaltyDiscountChanged(decimal _)' have signature differences. [/Users/jangminho/development/checkout/terminal/Terminal/Terminal.csproj]
/Users/jangminho/development/checkout/terminal/Terminal/ViewModels/MainViewModel.cs(224,18): warning CS8826: Partial method declarations 'void MainViewModel.OnPaymentMethodChanged(string value)' and 'void MainViewModel.OnPaymentMethodChanged(string _)' have signature differences. [/Users/jangminho/development/checkout/terminal/Terminal/Terminal.csproj]
/Users/jangminho/development/checkout/terminal/Terminal/ViewModels/MainViewModel.cs(231,18): warning CS8826: Partial method declarations 'void MainViewModel.OnCashInsertedChanged(decimal value)' and 'void MainViewModel.OnCashInsertedChanged(decimal _)' have signature differences. [/Users/jangminho/development/checkout/terminal/Terminal/Terminal.csproj]
/Users/jangminho/development/checkout/terminal/Terminal/ViewModels/MainViewModel.cs(682,24): warning CS1998: This async method lacks 'await' operators and will run synchronously. Consider using the 'await' operator to await non-blocking API calls, or 'await Task.Run(...)' to do CPU-bound work on a background thread. [/Users/jangminho/development/checkout/terminal/Terminal/Terminal.csproj]
/Users/jangminho/development/checkout/terminal/Terminal/ViewModels/MainViewModel.cs(1007,24): warning CS1998: This async method lacks 'await' operators and will run synchronously. Consider using the 'await' operator to await non-blocking API calls, or 'await Task.Run(...)' to do CPU-bound work on a background thread. [/Users/jangminho/development/checkout/terminal/Terminal/Terminal.csproj]
/Users/jangminho/development/checkout/terminal/Terminal/ViewModels/MainViewModel.cs(97,41): warning MVVMTK0034: The field Terminal.ViewModels.MainViewModel._settingsPinInput is annotated with [ObservableProperty] and should not be directly referenced (use the generated property instead) (https://aka.ms/mvvmtoolkit/errors/mvvmtk0034) [/Users/jangminho/development/checkout/terminal/Terminal/Terminal.csproj]

Build succeeded.

/Users/jangminho/development/checkout/terminal/Terminal/Terminal.csproj : warning NU1903: Package 'Tmds.DBus.Protocol' 0.20.0 has a known high severity vulnerability, https://github.com/advisories/GHSA-xrw6-gwf8-vvr9
/Users/jangminho/development/checkout/terminal/Terminal/Terminal.csproj : warning NU1903: Package 'Tmds.DBus.Protocol' 0.20.0 has a known high severity vulnerability, https://github.com/advisories/GHSA-xrw6-gwf8-vvr9
/Users/jangminho/development/checkout/terminal/Terminal/Models/CartItem.cs(30,18): warning CS8826: Partial method declarations 'void CartItem.OnUnitPriceChanged(decimal value)' and 'void CartItem.OnUnitPriceChanged(decimal _)' have signature differences. [/Users/jangminho/development/checkout/terminal/Terminal/Terminal.csproj]
/Users/jangminho/development/checkout/terminal/Terminal/Models/CartItem.cs(31,18): warning CS8826: Partial method declarations 'void CartItem.OnWeightStatusChanged(string value)' and 'void CartItem.OnWeightStatusChanged(string _)' have signature differences. [/Users/jangminho/development/checkout/terminal/Terminal/Terminal.csproj]
/Users/jangminho/development/checkout/terminal/Terminal/ViewModels/MainViewModel.cs(156,18): warning CS8826: Partial method declarations 'void MainViewModel.OnBonusPointsInputChanged(string value)' and 'void MainViewModel.OnBonusPointsInputChanged(string _)' have signature differences. [/Users/jangminho/development/checkout/terminal/Terminal/Terminal.csproj]
/Users/jangminho/development/checkout/terminal/Terminal/ViewModels/MainViewModel.cs(208,18): warning CS8826: Partial method declarations 'void MainViewModel.OnCurrentMemberChanged(LoyaltyMemberInfo? value)' and 'void MainViewModel.OnCurrentMemberChanged(LoyaltyMemberInfo? _)' have signature differences. [/Users/jangminho/development/checkout/terminal/Terminal/Terminal.csproj]
/Users/jangminho/development/checkout/terminal/Terminal/ViewModels/MainViewModel.cs(214,18): warning CS8826: Partial method declarations 'void MainViewModel.OnPointsEarnedChanged(int value)' and 'void MainViewModel.OnPointsEarnedChanged(int _)' have signature differences. [/Users/jangminho/development/checkout/terminal/Terminal/Terminal.csproj]
/Users/jangminho/development/checkout/terminal/Terminal/ViewModels/MainViewModel.cs(217,18): warning CS8826: Partial method declarations 'void MainViewModel.OnLoyaltyDiscountChanged(decimal value)' and 'void MainViewModel.OnLoyaltyDiscountChanged(decimal _)' have signature differences. [/Users/jangminho/development/checkout/terminal/Terminal/Terminal.csproj]
/Users/jangminho/development/checkout/terminal/Terminal/ViewModels/MainViewModel.cs(224,18): warning CS8826: Partial method declarations 'void MainViewModel.OnPaymentMethodChanged(string value)' and 'void MainViewModel.OnPaymentMethodChanged(string _)' have signature differences. [/Users/jangminho/development/checkout/terminal/Terminal/Terminal.csproj]
/Users/jangminho/development/checkout/terminal/Terminal/ViewModels/MainViewModel.cs(231,18): warning CS8826: Partial method declarations 'void MainViewModel.OnCashInsertedChanged(decimal value)' and 'void MainViewModel.OnCashInsertedChanged(decimal _)' have signature differences. [/Users/jangminho/development/checkout/terminal/Terminal/Terminal.csproj]
/Users/jangminho/development/checkout/terminal/Terminal/ViewModels/MainViewModel.cs(682,24): warning CS1998: This async method lacks 'await' operators and will run synchronously. Consider using the 'await' operator to await non-blocking API calls, or 'await Task.Run(...)' to do CPU-bound work on a background thread. [/Users/jangminho/development/checkout/terminal/Terminal/Terminal.csproj]
/Users/jangminho/development/checkout/terminal/Terminal/ViewModels/MainViewModel.cs(1007,24): warning CS1998: This async method lacks 'await' operators and will run synchronously. Consider using the 'await' operator to await non-blocking API calls, or 'await Task.Run(...)' to do CPU-bound work on a background thread. [/Users/jangminho/development/checkout/terminal/Terminal/Terminal.csproj]
/Users/jangminho/development/checkout/terminal/Terminal/ViewModels/MainViewModel.cs(97,41): warning MVVMTK0034: The field Terminal.ViewModels.MainViewModel._settingsPinInput is annotated with [ObservableProperty] and should not be directly referenced (use the generated property instead) (https://aka.ms/mvvmtoolkit/errors/mvvmtk0034) [/Users/jangminho/development/checkout/terminal/Terminal/Terminal.csproj]
    13 Warning(s)
    0 Error(s)

Time Elapsed 00:00:03.30
/Users/jangminho/development/checkout/terminal/Terminal/Terminal.csproj : warning NU1903: Package 'Tmds.DBus.Protocol' 0.20.0 has a known high severity vulnerability, https://github.com/advisories/GHSA-xrw6-gwf8-vvr9
/Users/jangminho/development/checkout/terminal/Terminal/Terminal.csproj : warning NU1903: Package 'Tmds.DBus.Protocol' 0.20.0 has a known high severity vulnerability, https://github.com/advisories/GHSA-xrw6-gwf8-vvr9
/Users/jangminho/development/checkout/terminal/Terminal/Models/CartItem.cs(30,18): warning CS8826: Partial method declarations 'void CartItem.OnUnitPriceChanged(decimal value)' and 'void CartItem.OnUnitPriceChanged(decimal _)' have signature differences. [/Users/jangminho/development/checkout/terminal/Terminal/Terminal.csproj]
/Users/jangminho/development/checkout/terminal/Terminal/Models/CartItem.cs(31,18): warning CS8826: Partial method declarations 'void CartItem.OnWeightStatusChanged(string value)' and 'void CartItem.OnWeightStatusChanged(string _)' have signature differences. [/Users/jangminho/development/checkout/terminal/Terminal/Terminal.csproj]
/Users/jangminho/development/checkout/terminal/Terminal/ViewModels/MainViewModel.cs(156,18): warning CS8826: Partial method declarations 'void MainViewModel.OnBonusPointsInputChanged(string value)' and 'void MainViewModel.OnBonusPointsInputChanged(string _)' have signature differences. [/Users/jangminho/development/checkout/terminal/Terminal/Terminal.csproj]
/Users/jangminho/development/checkout/terminal/Terminal/ViewModels/MainViewModel.cs(208,18): warning CS8826: Partial method declarations 'void MainViewModel.OnCurrentMemberChanged(LoyaltyMemberInfo? value)' and 'void MainViewModel.OnCurrentMemberChanged(LoyaltyMemberInfo? _)' have signature differences. [/Users/jangminho/development/checkout/terminal/Terminal/Terminal.csproj]
/Users/jangminho/development/checkout/terminal/Terminal/ViewModels/MainViewModel.cs(214,18): warning CS8826: Partial method declarations 'void MainViewModel.OnPointsEarnedChanged(int value)' and 'void MainViewModel.OnPointsEarnedChanged(int _)' have signature differences. [/Users/jangminho/development/checkout/terminal/Terminal/Terminal.csproj]
/Users/jangminho/development/checkout/terminal/Terminal/ViewModels/MainViewModel.cs(217,18): warning CS8826: Partial method declarations 'void MainViewModel.OnLoyaltyDiscountChanged(decimal value)' and 'void MainViewModel.OnLoyaltyDiscountChanged(decimal _)' have signature differences. [/Users/jangminho/development/checkout/terminal/Terminal/Terminal.csproj]
/Users/jangminho/development/checkout/terminal/Terminal/ViewModels/MainViewModel.cs(224,18): warning CS8826: Partial method declarations 'void MainViewModel.OnPaymentMethodChanged(string value)' and 'void MainViewModel.OnPaymentMethodChanged(string _)' have signature differences. [/Users/jangminho/development/checkout/terminal/Terminal/Terminal.csproj]
/Users/jangminho/development/checkout/terminal/Terminal/ViewModels/MainViewModel.cs(231,18): warning CS8826: Partial method declarations 'void MainViewModel.OnCashInsertedChanged(decimal value)' and 'void MainViewModel.OnCashInsertedChanged(decimal _)' have signature differences. [/Users/jangminho/development/checkout/terminal/Terminal/Terminal.csproj]
/Users/jangminho/development/checkout/terminal/Terminal/ViewModels/MainViewModel.cs(682,24): warning CS1998: This async method lacks 'await' operators and will run synchronously. Consider using the 'await' operator to await non-blocking API calls, or 'await Task.Run(...)' to do CPU-bound work on a background thread. [/Users/jangminho/development/checkout/terminal/Terminal/Terminal.csproj]
/Users/jangminho/development/checkout/terminal/Terminal/ViewModels/MainViewModel.cs(1007,24): warning CS1998: This async method lacks 'await' operators and will run synchronously. Consider using the 'await' operator to await non-blocking API calls, or 'await Task.Run(...)' to do CPU-bound work on a background thread. [/Users/jangminho/development/checkout/terminal/Terminal/Terminal.csproj]
/Users/jangminho/development/checkout/terminal/Terminal/ViewModels/MainViewModel.cs(97,41): warning MVVMTK0034: The field Terminal.ViewModels.MainViewModel._settingsPinInput is annotated with [ObservableProperty] and should not be directly referenced (use the generated property instead) (https://aka.ms/mvvmtoolkit/errors/mvvmtk0034) [/Users/jangminho/development/checkout/terminal/Terminal/Terminal.csproj]

Build succeeded.

/Users/jangminho/development/checkout/terminal/Terminal/Terminal.csproj : warning NU1903: Package 'Tmds.DBus.Protocol' 0.20.0 has a known high severity vulnerability, https://github.com/advisories/GHSA-xrw6-gwf8-vvr9
/Users/jangminho/development/checkout/terminal/Terminal/Terminal.csproj : warning NU1903: Package 'Tmds.DBus.Protocol' 0.20.0 has a known high severity vulnerability, https://github.com/advisories/GHSA-xrw6-gwf8-vvr9
/Users/jangminho/development/checkout/terminal/Terminal/Models/CartItem.cs(30,18): warning CS8826: Partial method declarations 'void CartItem.OnUnitPriceChanged(decimal value)' and 'void CartItem.OnUnitPriceChanged(decimal _)' have signature differences. [/Users/jangminho/development/checkout/terminal/Terminal/Terminal.csproj]
/Users/jangminho/development/checkout/terminal/Terminal/Models/CartItem.cs(31,18): warning CS8826: Partial method declarations 'void CartItem.OnWeightStatusChanged(string value)' and 'void CartItem.OnWeightStatusChanged(string _)' have signature differences. [/Users/jangminho/development/checkout/terminal/Terminal/Terminal.csproj]
/Users/jangminho/development/checkout/terminal/Terminal/ViewModels/MainViewModel.cs(156,18): warning CS8826: Partial method declarations 'void MainViewModel.OnBonusPointsInputChanged(string value)' and 'void MainViewModel.OnBonusPointsInputChanged(string _)' have signature differences. [/Users/jangminho/development/checkout/terminal/Terminal/Terminal.csproj]
/Users/jangminho/development/checkout/terminal/Terminal/ViewModels/MainViewModel.cs(208,18): warning CS8826: Partial method declarations 'void MainViewModel.OnCurrentMemberChanged(LoyaltyMemberInfo? value)' and 'void MainViewModel.OnCurrentMemberChanged(LoyaltyMemberInfo? _)' have signature differences. [/Users/jangminho/development/checkout/terminal/Terminal/Terminal.csproj]
/Users/jangminho/development/checkout/terminal/Terminal/ViewModels/MainViewModel.cs(214,18): warning CS8826: Partial method declarations 'void MainViewModel.OnPointsEarnedChanged(int value)' and 'void MainViewModel.OnPointsEarnedChanged(int _)' have signature differences. [/Users/jangminho/development/checkout/terminal/Terminal/Terminal.csproj]
/Users/jangminho/development/checkout/terminal/Terminal/ViewModels/MainViewModel.cs(217,18): warning CS8826: Partial method declarations 'void MainViewModel.OnLoyaltyDiscountChanged(decimal value)' and 'void MainViewModel.OnLoyaltyDiscountChanged(decimal _)' have signature differences. [/Users/jangminho/development/checkout/terminal/Terminal/Terminal.csproj]
/Users/jangminho/development/checkout/terminal/Terminal/ViewModels/MainViewModel.cs(224,18): warning CS8826: Partial method declarations 'void MainViewModel.OnPaymentMethodChanged(string value)' and 'void MainViewModel.OnPaymentMethodChanged(string _)' have signature differences. [/Users/jangminho/development/checkout/terminal/Terminal/Terminal.csproj]
/Users/jangminho/development/checkout/terminal/Terminal/ViewModels/MainViewModel.cs(231,18): warning CS8826: Partial method declarations 'void MainViewModel.OnCashInsertedChanged(decimal value)' and 'void MainViewModel.OnCashInsertedChanged(decimal _)' have signature differences. [/Users/jangminho/development/checkout/terminal/Terminal/Terminal.csproj]
/Users/jangminho/development/checkout/terminal/Terminal/ViewModels/MainViewModel.cs(682,24): warning CS1998: This async method lacks 'await' operators and will run synchronously. Consider using the 'await' operator to await non-blocking API calls, or 'await Task.Run(...)' to do CPU-bound work on a background thread. [/Users/jangminho/development/checkout/terminal/Terminal/Terminal.csproj]
/Users/jangminho/development/checkout/terminal/Terminal/ViewModels/MainViewModel.cs(1007,24): warning CS1998: This async method lacks 'await' operators and will run synchronously. Consider using the 'await' operator to await non-blocking API calls, or 'await Task.Run(...)' to do CPU-bound work on a background thread. [/Users/jangminho/development/checkout/terminal/Terminal/Terminal.csproj]
/Users/jangminho/development/checkout/terminal/Terminal/ViewModels/MainViewModel.cs(97,41): warning MVVMTK0034: The field Terminal.ViewModels.MainViewModel._settingsPinInput is annotated with [ObservableProperty] and should not be directly referenced (use the generated property instead) (https://aka.ms/mvvmtoolkit/errors/mvvmtk0034) [/Users/jangminho/development/checkout/terminal/Terminal/Terminal.csproj]
    13 Warning(s)
    0 Error(s)

Time Elapsed 00:00:03.65
/Users/jangminho/development/checkout/terminal/Terminal/Terminal.csproj : warning NU1903: Package 'Tmds.DBus.Protocol' 0.20.0 has a known high severity vulnerability, https://github.com/advisories/GHSA-xrw6-gwf8-vvr9
/Users/jangminho/development/checkout/terminal/Terminal/Terminal.csproj : warning NU1903: Package 'Tmds.DBus.Protocol' 0.20.0 has a known high severity vulnerability, https://github.com/advisories/GHSA-xrw6-gwf8-vvr9
/Users/jangminho/development/checkout/terminal/Terminal/Models/CartItem.cs(30,18): warning CS8826: Partial method declarations 'void CartItem.OnUnitPriceChanged(decimal value)' and 'void CartItem.OnUnitPriceChanged(decimal _)' have signature differences. [/Users/jangminho/development/checkout/terminal/Terminal/Terminal.csproj]
/Users/jangminho/development/checkout/terminal/Terminal/Models/CartItem.cs(31,18): warning CS8826: Partial method declarations 'void CartItem.OnWeightStatusChanged(string value)' and 'void CartItem.OnWeightStatusChanged(string _)' have signature differences. [/Users/jangminho/development/checkout/terminal/Terminal/Terminal.csproj]
/Users/jangminho/development/checkout/terminal/Terminal/ViewModels/MainViewModel.cs(156,18): warning CS8826: Partial method declarations 'void MainViewModel.OnBonusPointsInputChanged(string value)' and 'void MainViewModel.OnBonusPointsInputChanged(string _)' have signature differences. [/Users/jangminho/development/checkout/terminal/Terminal/Terminal.csproj]
/Users/jangminho/development/checkout/terminal/Terminal/ViewModels/MainViewModel.cs(208,18): warning CS8826: Partial method declarations 'void MainViewModel.OnCurrentMemberChanged(LoyaltyMemberInfo? value)' and 'void MainViewModel.OnCurrentMemberChanged(LoyaltyMemberInfo? _)' have signature differences. [/Users/jangminho/development/checkout/terminal/Terminal/Terminal.csproj]
/Users/jangminho/development/checkout/terminal/Terminal/ViewModels/MainViewModel.cs(214,18): warning CS8826: Partial method declarations 'void MainViewModel.OnPointsEarnedChanged(int value)' and 'void MainViewModel.OnPointsEarnedChanged(int _)' have signature differences. [/Users/jangminho/development/checkout/terminal/Terminal/Terminal.csproj]
/Users/jangminho/development/checkout/terminal/Terminal/ViewModels/MainViewModel.cs(217,18): warning CS8826: Partial method declarations 'void MainViewModel.OnLoyaltyDiscountChanged(decimal value)' and 'void MainViewModel.OnLoyaltyDiscountChanged(decimal _)' have signature differences. [/Users/jangminho/development/checkout/terminal/Terminal/Terminal.csproj]
/Users/jangminho/development/checkout/terminal/Terminal/ViewModels/MainViewModel.cs(224,18): warning CS8826: Partial method declarations 'void MainViewModel.OnPaymentMethodChanged(string value)' and 'void MainViewModel.OnPaymentMethodChanged(string _)' have signature differences. [/Users/jangminho/development/checkout/terminal/Terminal/Terminal.csproj]
/Users/jangminho/development/checkout/terminal/Terminal/ViewModels/MainViewModel.cs(231,18): warning CS8826: Partial method declarations 'void MainViewModel.OnCashInsertedChanged(decimal value)' and 'void MainViewModel.OnCashInsertedChanged(decimal _)' have signature differences. [/Users/jangminho/development/checkout/terminal/Terminal/Terminal.csproj]
/Users/jangminho/development/checkout/terminal/Terminal/ViewModels/MainViewModel.cs(682,24): warning CS1998: This async method lacks 'await' operators and will run synchronously. Consider using the 'await' operator to await non-blocking API calls, or 'await Task.Run(...)' to do CPU-bound work on a background thread. [/Users/jangminho/development/checkout/terminal/Terminal/Terminal.csproj]
/Users/jangminho/development/checkout/terminal/Terminal/ViewModels/MainViewModel.cs(1007,24): warning CS1998: This async method lacks 'await' operators and will run synchronously. Consider using the 'await' operator to await non-blocking API calls, or 'await Task.Run(...)' to do CPU-bound work on a background thread. [/Users/jangminho/development/checkout/terminal/Terminal/Terminal.csproj]
/Users/jangminho/development/checkout/terminal/Terminal/ViewModels/MainViewModel.cs(97,41): warning MVVMTK0034: The field Terminal.ViewModels.MainViewModel._settingsPinInput is annotated with [ObservableProperty] and should not be directly referenced (use the generated property instead) (https://aka.ms/mvvmtoolkit/errors/mvvmtk0034) [/Users/jangminho/development/checkout/terminal/Terminal/Terminal.csproj]

Build succeeded.

/Users/jangminho/development/checkout/terminal/Terminal/Terminal.csproj : warning NU1903: Package 'Tmds.DBus.Protocol' 0.20.0 has a known high severity vulnerability, https://github.com/advisories/GHSA-xrw6-gwf8-vvr9
/Users/jangminho/development/checkout/terminal/Terminal/Terminal.csproj : warning NU1903: Package 'Tmds.DBus.Protocol' 0.20.0 has a known high severity vulnerability, https://github.com/advisories/GHSA-xrw6-gwf8-vvr9
/Users/jangminho/development/checkout/terminal/Terminal/Models/CartItem.cs(30,18): warning CS8826: Partial method declarations 'void CartItem.OnUnitPriceChanged(decimal value)' and 'void CartItem.OnUnitPriceChanged(decimal _)' have signature differences. [/Users/jangminho/development/checkout/terminal/Terminal/Terminal.csproj]
/Users/jangminho/development/checkout/terminal/Terminal/Models/CartItem.cs(31,18): warning CS8826: Partial method declarations 'void CartItem.OnWeightStatusChanged(string value)' and 'void CartItem.OnWeightStatusChanged(string _)' have signature differences. [/Users/jangminho/development/checkout/terminal/Terminal/Terminal.csproj]
/Users/jangminho/development/checkout/terminal/Terminal/ViewModels/MainViewModel.cs(156,18): warning CS8826: Partial method declarations 'void MainViewModel.OnBonusPointsInputChanged(string value)' and 'void MainViewModel.OnBonusPointsInputChanged(string _)' have signature differences. [/Users/jangminho/development/checkout/terminal/Terminal/Terminal.csproj]
/Users/jangminho/development/checkout/terminal/Terminal/ViewModels/MainViewModel.cs(208,18): warning CS8826: Partial method declarations 'void MainViewModel.OnCurrentMemberChanged(LoyaltyMemberInfo? value)' and 'void MainViewModel.OnCurrentMemberChanged(LoyaltyMemberInfo? _)' have signature differences. [/Users/jangminho/development/checkout/terminal/Terminal/Terminal.csproj]
/Users/jangminho/development/checkout/terminal/Terminal/ViewModels/MainViewModel.cs(214,18): warning CS8826: Partial method declarations 'void MainViewModel.OnPointsEarnedChanged(int value)' and 'void MainViewModel.OnPointsEarnedChanged(int _)' have signature differences. [/Users/jangminho/development/checkout/terminal/Terminal/Terminal.csproj]
/Users/jangminho/development/checkout/terminal/Terminal/ViewModels/MainViewModel.cs(217,18): warning CS8826: Partial method declarations 'void MainViewModel.OnLoyaltyDiscountChanged(decimal value)' and 'void MainViewModel.OnLoyaltyDiscountChanged(decimal _)' have signature differences. [/Users/jangminho/development/checkout/terminal/Terminal/Terminal.csproj]
/Users/jangminho/development/checkout/terminal/Terminal/ViewModels/MainViewModel.cs(224,18): warning CS8826: Partial method declarations 'void MainViewModel.OnPaymentMethodChanged(string value)' and 'void MainViewModel.OnPaymentMethodChanged(string _)' have signature differences. [/Users/jangminho/development/checkout/terminal/Terminal/Terminal.csproj]
/Users/jangminho/development/checkout/terminal/Terminal/ViewModels/MainViewModel.cs(231,18): warning CS8826: Partial method declarations 'void MainViewModel.OnCashInsertedChanged(decimal value)' and 'void MainViewModel.OnCashInsertedChanged(decimal _)' have signature differences. [/Users/jangminho/development/checkout/terminal/Terminal/Terminal.csproj]
/Users/jangminho/development/checkout/terminal/Terminal/ViewModels/MainViewModel.cs(682,24): warning CS1998: This async method lacks 'await' operators and will run synchronously. Consider using the 'await' operator to await non-blocking API calls, or 'await Task.Run(...)' to do CPU-bound work on a background thread. [/Users/jangminho/development/checkout/terminal/Terminal/Terminal.csproj]
/Users/jangminho/development/checkout/terminal/Terminal/ViewModels/MainViewModel.cs(1007,24): warning CS1998: This async method lacks 'await' operators and will run synchronously. Consider using the 'await' operator to await non-blocking API calls, or 'await Task.Run(...)' to do CPU-bound work on a background thread. [/Users/jangminho/development/checkout/terminal/Terminal/Terminal.csproj]
/Users/jangminho/development/checkout/terminal/Terminal/ViewModels/MainViewModel.cs(97,41): warning MVVMTK0034: The field Terminal.ViewModels.MainViewModel._settingsPinInput is annotated with [ObservableProperty] and should not be directly referenced (use the generated property instead) (https://aka.ms/mvvmtoolkit/errors/mvvmtk0034) [/Users/jangminho/development/checkout/terminal/Terminal/Terminal.csproj]
    13 Warning(s)
    0 Error(s)

Time Elapsed 00:00:03.56
/Users/jangminho/development/checkout/terminal/Terminal/Terminal.csproj : warning NU1903: Package 'Tmds.DBus.Protocol' 0.20.0 has a known high severity vulnerability, https://github.com/advisories/GHSA-xrw6-gwf8-vvr9
/Users/jangminho/development/checkout/terminal/Terminal/Terminal.csproj : warning NU1903: Package 'Tmds.DBus.Protocol' 0.20.0 has a known high severity vulnerability, https://github.com/advisories/GHSA-xrw6-gwf8-vvr9
/Users/jangminho/development/checkout/terminal/Terminal/Models/CartItem.cs(30,18): warning CS8826: Partial method declarations 'void CartItem.OnUnitPriceChanged(decimal value)' and 'void CartItem.OnUnitPriceChanged(decimal _)' have signature differences. [/Users/jangminho/development/checkout/terminal/Terminal/Terminal.csproj]
/Users/jangminho/development/checkout/terminal/Terminal/Models/CartItem.cs(31,18): warning CS8826: Partial method declarations 'void CartItem.OnWeightStatusChanged(string value)' and 'void CartItem.OnWeightStatusChanged(string _)' have signature differences. [/Users/jangminho/development/checkout/terminal/Terminal/Terminal.csproj]
/Users/jangminho/development/checkout/terminal/Terminal/ViewModels/MainViewModel.cs(156,18): warning CS8826: Partial method declarations 'void MainViewModel.OnBonusPointsInputChanged(string value)' and 'void MainViewModel.OnBonusPointsInputChanged(string _)' have signature differences. [/Users/jangminho/development/checkout/terminal/Terminal/Terminal.csproj]
/Users/jangminho/development/checkout/terminal/Terminal/ViewModels/MainViewModel.cs(208,18): warning CS8826: Partial method declarations 'void MainViewModel.OnCurrentMemberChanged(LoyaltyMemberInfo? value)' and 'void MainViewModel.OnCurrentMemberChanged(LoyaltyMemberInfo? _)' have signature differences. [/Users/jangminho/development/checkout/terminal/Terminal/Terminal.csproj]
/Users/jangminho/development/checkout/terminal/Terminal/ViewModels/MainViewModel.cs(214,18): warning CS8826: Partial method declarations 'void MainViewModel.OnPointsEarnedChanged(int value)' and 'void MainViewModel.OnPointsEarnedChanged(int _)' have signature differences. [/Users/jangminho/development/checkout/terminal/Terminal/Terminal.csproj]
/Users/jangminho/development/checkout/terminal/Terminal/ViewModels/MainViewModel.cs(217,18): warning CS8826: Partial method declarations 'void MainViewModel.OnLoyaltyDiscountChanged(decimal value)' and 'void MainViewModel.OnLoyaltyDiscountChanged(decimal _)' have signature differences. [/Users/jangminho/development/checkout/terminal/Terminal/Terminal.csproj]
/Users/jangminho/development/checkout/terminal/Terminal/ViewModels/MainViewModel.cs(224,18): warning CS8826: Partial method declarations 'void MainViewModel.OnPaymentMethodChanged(string value)' and 'void MainViewModel.OnPaymentMethodChanged(string _)' have signature differences. [/Users/jangminho/development/checkout/terminal/Terminal/Terminal.csproj]
/Users/jangminho/development/checkout/terminal/Terminal/ViewModels/MainViewModel.cs(231,18): warning CS8826: Partial method declarations 'void MainViewModel.OnCashInsertedChanged(decimal value)' and 'void MainViewModel.OnCashInsertedChanged(decimal _)' have signature differences. [/Users/jangminho/development/checkout/terminal/Terminal/Terminal.csproj]
/Users/jangminho/development/checkout/terminal/Terminal/ViewModels/MainViewModel.cs(692,24): warning CS1998: This async method lacks 'await' operators and will run synchronously. Consider using the 'await' operator to await non-blocking API calls, or 'await Task.Run(...)' to do CPU-bound work on a background thread. [/Users/jangminho/development/checkout/terminal/Terminal/Terminal.csproj]
/Users/jangminho/development/checkout/terminal/Terminal/ViewModels/MainViewModel.cs(1017,24): warning CS1998: This async method lacks 'await' operators and will run synchronously. Consider using the 'await' operator to await non-blocking API calls, or 'await Task.Run(...)' to do CPU-bound work on a background thread. [/Users/jangminho/development/checkout/terminal/Terminal/Terminal.csproj]
/Users/jangminho/development/checkout/terminal/Terminal/ViewModels/MainViewModel.cs(97,41): warning MVVMTK0034: The field Terminal.ViewModels.MainViewModel._settingsPinInput is annotated with [ObservableProperty] and should not be directly referenced (use the generated property instead) (https://aka.ms/mvvmtoolkit/errors/mvvmtk0034) [/Users/jangminho/development/checkout/terminal/Terminal/Terminal.csproj]

Build succeeded.

/Users/jangminho/development/checkout/terminal/Terminal/Terminal.csproj : warning NU1903: Package 'Tmds.DBus.Protocol' 0.20.0 has a known high severity vulnerability, https://github.com/advisories/GHSA-xrw6-gwf8-vvr9
/Users/jangminho/development/checkout/terminal/Terminal/Terminal.csproj : warning NU1903: Package 'Tmds.DBus.Protocol' 0.20.0 has a known high severity vulnerability, https://github.com/advisories/GHSA-xrw6-gwf8-vvr9
/Users/jangminho/development/checkout/terminal/Terminal/Models/CartItem.cs(30,18): warning CS8826: Partial method declarations 'void CartItem.OnUnitPriceChanged(decimal value)' and 'void CartItem.OnUnitPriceChanged(decimal _)' have signature differences. [/Users/jangminho/development/checkout/terminal/Terminal/Terminal.csproj]
/Users/jangminho/development/checkout/terminal/Terminal/Models/CartItem.cs(31,18): warning CS8826: Partial method declarations 'void CartItem.OnWeightStatusChanged(string value)' and 'void CartItem.OnWeightStatusChanged(string _)' have signature differences. [/Users/jangminho/development/checkout/terminal/Terminal/Terminal.csproj]
/Users/jangminho/development/checkout/terminal/Terminal/ViewModels/MainViewModel.cs(156,18): warning CS8826: Partial method declarations 'void MainViewModel.OnBonusPointsInputChanged(string value)' and 'void MainViewModel.OnBonusPointsInputChanged(string _)' have signature differences. [/Users/jangminho/development/checkout/terminal/Terminal/Terminal.csproj]
/Users/jangminho/development/checkout/terminal/Terminal/ViewModels/MainViewModel.cs(208,18): warning CS8826: Partial method declarations 'void MainViewModel.OnCurrentMemberChanged(LoyaltyMemberInfo? value)' and 'void MainViewModel.OnCurrentMemberChanged(LoyaltyMemberInfo? _)' have signature differences. [/Users/jangminho/development/checkout/terminal/Terminal/Terminal.csproj]
/Users/jangminho/development/checkout/terminal/Terminal/ViewModels/MainViewModel.cs(214,18): warning CS8826: Partial method declarations 'void MainViewModel.OnPointsEarnedChanged(int value)' and 'void MainViewModel.OnPointsEarnedChanged(int _)' have signature differences. [/Users/jangminho/development/checkout/terminal/Terminal/Terminal.csproj]
/Users/jangminho/development/checkout/terminal/Terminal/ViewModels/MainViewModel.cs(217,18): warning CS8826: Partial method declarations 'void MainViewModel.OnLoyaltyDiscountChanged(decimal value)' and 'void MainViewModel.OnLoyaltyDiscountChanged(decimal _)' have signature differences. [/Users/jangminho/development/checkout/terminal/Terminal/Terminal.csproj]
/Users/jangminho/development/checkout/terminal/Terminal/ViewModels/MainViewModel.cs(224,18): warning CS8826: Partial method declarations 'void MainViewModel.OnPaymentMethodChanged(string value)' and 'void MainViewModel.OnPaymentMethodChanged(string _)' have signature differences. [/Users/jangminho/development/checkout/terminal/Terminal/Terminal.csproj]
/Users/jangminho/development/checkout/terminal/Terminal/ViewModels/MainViewModel.cs(231,18): warning CS8826: Partial method declarations 'void MainViewModel.OnCashInsertedChanged(decimal value)' and 'void MainViewModel.OnCashInsertedChanged(decimal _)' have signature differences. [/Users/jangminho/development/checkout/terminal/Terminal/Terminal.csproj]
/Users/jangminho/development/checkout/terminal/Terminal/ViewModels/MainViewModel.cs(692,24): warning CS1998: This async method lacks 'await' operators and will run synchronously. Consider using the 'await' operator to await non-blocking API calls, or 'await Task.Run(...)' to do CPU-bound work on a background thread. [/Users/jangminho/development/checkout/terminal/Terminal/Terminal.csproj]
/Users/jangminho/development/checkout/terminal/Terminal/ViewModels/MainViewModel.cs(1017,24): warning CS1998: This async method lacks 'await' operators and will run synchronously. Consider using the 'await' operator to await non-blocking API calls, or 'await Task.Run(...)' to do CPU-bound work on a background thread. [/Users/jangminho/development/checkout/terminal/Terminal/Terminal.csproj]
/Users/jangminho/development/checkout/terminal/Terminal/ViewModels/MainViewModel.cs(97,41): warning MVVMTK0034: The field Terminal.ViewModels.MainViewModel._settingsPinInput is annotated with [ObservableProperty] and should not be directly referenced (use the generated property instead) (https://aka.ms/mvvmtoolkit/errors/mvvmtk0034) [/Users/jangminho/development/checkout/terminal/Terminal/Terminal.csproj]
    13 Warning(s)
    0 Error(s)

Time Elapsed 00:00:03.49
/Users/jangminho/development/checkout/terminal/Terminal/Terminal.csproj : warning NU1903: Package 'Tmds.DBus.Protocol' 0.20.0 has a known high severity vulnerability, https://github.com/advisories/GHSA-xrw6-gwf8-vvr9
/Users/jangminho/development/checkout/terminal/Terminal/Terminal.csproj : warning NU1903: Package 'Tmds.DBus.Protocol' 0.20.0 has a known high severity vulnerability, https://github.com/advisories/GHSA-xrw6-gwf8-vvr9
/Users/jangminho/development/checkout/terminal/Terminal/Models/CartItem.cs(30,18): warning CS8826: Partial method declarations 'void CartItem.OnUnitPriceChanged(decimal value)' and 'void CartItem.OnUnitPriceChanged(decimal _)' have signature differences. [/Users/jangminho/development/checkout/terminal/Terminal/Terminal.csproj]
/Users/jangminho/development/checkout/terminal/Terminal/Models/CartItem.cs(31,18): warning CS8826: Partial method declarations 'void CartItem.OnWeightStatusChanged(string value)' and 'void CartItem.OnWeightStatusChanged(string _)' have signature differences. [/Users/jangminho/development/checkout/terminal/Terminal/Terminal.csproj]
/Users/jangminho/development/checkout/terminal/Terminal/ViewModels/MainViewModel.cs(159,18): warning CS8826: Partial method declarations 'void MainViewModel.OnBonusPointsInputChanged(string value)' and 'void MainViewModel.OnBonusPointsInputChanged(string _)' have signature differences. [/Users/jangminho/development/checkout/terminal/Terminal/Terminal.csproj]
/Users/jangminho/development/checkout/terminal/Terminal/ViewModels/MainViewModel.cs(212,18): warning CS8826: Partial method declarations 'void MainViewModel.OnCurrentMemberChanged(LoyaltyMemberInfo? value)' and 'void MainViewModel.OnCurrentMemberChanged(LoyaltyMemberInfo? _)' have signature differences. [/Users/jangminho/development/checkout/terminal/Terminal/Terminal.csproj]
/Users/jangminho/development/checkout/terminal/Terminal/ViewModels/MainViewModel.cs(218,18): warning CS8826: Partial method declarations 'void MainViewModel.OnPointsEarnedChanged(int value)' and 'void MainViewModel.OnPointsEarnedChanged(int _)' have signature differences. [/Users/jangminho/development/checkout/terminal/Terminal/Terminal.csproj]
/Users/jangminho/development/checkout/terminal/Terminal/ViewModels/MainViewModel.cs(221,18): warning CS8826: Partial method declarations 'void MainViewModel.OnLoyaltyDiscountChanged(decimal value)' and 'void MainViewModel.OnLoyaltyDiscountChanged(decimal _)' have signature differences. [/Users/jangminho/development/checkout/terminal/Terminal/Terminal.csproj]
/Users/jangminho/development/checkout/terminal/Terminal/ViewModels/MainViewModel.cs(228,18): warning CS8826: Partial method declarations 'void MainViewModel.OnPaymentMethodChanged(string value)' and 'void MainViewModel.OnPaymentMethodChanged(string _)' have signature differences. [/Users/jangminho/development/checkout/terminal/Terminal/Terminal.csproj]
/Users/jangminho/development/checkout/terminal/Terminal/ViewModels/MainViewModel.cs(235,18): warning CS8826: Partial method declarations 'void MainViewModel.OnCashInsertedChanged(decimal value)' and 'void MainViewModel.OnCashInsertedChanged(decimal _)' have signature differences. [/Users/jangminho/development/checkout/terminal/Terminal/Terminal.csproj]
/Users/jangminho/development/checkout/terminal/Terminal/ViewModels/MainViewModel.cs(696,24): warning CS1998: This async method lacks 'await' operators and will run synchronously. Consider using the 'await' operator to await non-blocking API calls, or 'await Task.Run(...)' to do CPU-bound work on a background thread. [/Users/jangminho/development/checkout/terminal/Terminal/Terminal.csproj]
/Users/jangminho/development/checkout/terminal/Terminal/ViewModels/MainViewModel.cs(1021,24): warning CS1998: This async method lacks 'await' operators and will run synchronously. Consider using the 'await' operator to await non-blocking API calls, or 'await Task.Run(...)' to do CPU-bound work on a background thread. [/Users/jangminho/development/checkout/terminal/Terminal/Terminal.csproj]
/Users/jangminho/development/checkout/terminal/Terminal/ViewModels/MainViewModel.cs(97,41): warning MVVMTK0034: The field Terminal.ViewModels.MainViewModel._settingsPinInput is annotated with [ObservableProperty] and should not be directly referenced (use the generated property instead) (https://aka.ms/mvvmtoolkit/errors/mvvmtk0034) [/Users/jangminho/development/checkout/terminal/Terminal/Terminal.csproj]

Build succeeded.

/Users/jangminho/development/checkout/terminal/Terminal/Terminal.csproj : warning NU1903: Package 'Tmds.DBus.Protocol' 0.20.0 has a known high severity vulnerability, https://github.com/advisories/GHSA-xrw6-gwf8-vvr9
/Users/jangminho/development/checkout/terminal/Terminal/Terminal.csproj : warning NU1903: Package 'Tmds.DBus.Protocol' 0.20.0 has a known high severity vulnerability, https://github.com/advisories/GHSA-xrw6-gwf8-vvr9
/Users/jangminho/development/checkout/terminal/Terminal/Models/CartItem.cs(30,18): warning CS8826: Partial method declarations 'void CartItem.OnUnitPriceChanged(decimal value)' and 'void CartItem.OnUnitPriceChanged(decimal _)' have signature differences. [/Users/jangminho/development/checkout/terminal/Terminal/Terminal.csproj]
/Users/jangminho/development/checkout/terminal/Terminal/Models/CartItem.cs(31,18): warning CS8826: Partial method declarations 'void CartItem.OnWeightStatusChanged(string value)' and 'void CartItem.OnWeightStatusChanged(string _)' have signature differences. [/Users/jangminho/development/checkout/terminal/Terminal/Terminal.csproj]
/Users/jangminho/development/checkout/terminal/Terminal/ViewModels/MainViewModel.cs(159,18): warning CS8826: Partial method declarations 'void MainViewModel.OnBonusPointsInputChanged(string value)' and 'void MainViewModel.OnBonusPointsInputChanged(string _)' have signature differences. [/Users/jangminho/development/checkout/terminal/Terminal/Terminal.csproj]
/Users/jangminho/development/checkout/terminal/Terminal/ViewModels/MainViewModel.cs(212,18): warning CS8826: Partial method declarations 'void MainViewModel.OnCurrentMemberChanged(LoyaltyMemberInfo? value)' and 'void MainViewModel.OnCurrentMemberChanged(LoyaltyMemberInfo? _)' have signature differences. [/Users/jangminho/development/checkout/terminal/Terminal/Terminal.csproj]
/Users/jangminho/development/checkout/terminal/Terminal/ViewModels/MainViewModel.cs(218,18): warning CS8826: Partial method declarations 'void MainViewModel.OnPointsEarnedChanged(int value)' and 'void MainViewModel.OnPointsEarnedChanged(int _)' have signature differences. [/Users/jangminho/development/checkout/terminal/Terminal/Terminal.csproj]
/Users/jangminho/development/checkout/terminal/Terminal/ViewModels/MainViewModel.cs(221,18): warning CS8826: Partial method declarations 'void MainViewModel.OnLoyaltyDiscountChanged(decimal value)' and 'void MainViewModel.OnLoyaltyDiscountChanged(decimal _)' have signature differences. [/Users/jangminho/development/checkout/terminal/Terminal/Terminal.csproj]
/Users/jangminho/development/checkout/terminal/Terminal/ViewModels/MainViewModel.cs(228,18): warning CS8826: Partial method declarations 'void MainViewModel.OnPaymentMethodChanged(string value)' and 'void MainViewModel.OnPaymentMethodChanged(string _)' have signature differences. [/Users/jangminho/development/checkout/terminal/Terminal/Terminal.csproj]
/Users/jangminho/development/checkout/terminal/Terminal/ViewModels/MainViewModel.cs(235,18): warning CS8826: Partial method declarations 'void MainViewModel.OnCashInsertedChanged(decimal value)' and 'void MainViewModel.OnCashInsertedChanged(decimal _)' have signature differences. [/Users/jangminho/development/checkout/terminal/Terminal/Terminal.csproj]
/Users/jangminho/development/checkout/terminal/Terminal/ViewModels/MainViewModel.cs(696,24): warning CS1998: This async method lacks 'await' operators and will run synchronously. Consider using the 'await' operator to await non-blocking API calls, or 'await Task.Run(...)' to do CPU-bound work on a background thread. [/Users/jangminho/development/checkout/terminal/Terminal/Terminal.csproj]
/Users/jangminho/development/checkout/terminal/Terminal/ViewModels/MainViewModel.cs(1021,24): warning CS1998: This async method lacks 'await' operators and will run synchronously. Consider using the 'await' operator to await non-blocking API calls, or 'await Task.Run(...)' to do CPU-bound work on a background thread. [/Users/jangminho/development/checkout/terminal/Terminal/Terminal.csproj]
/Users/jangminho/development/checkout/terminal/Terminal/ViewModels/MainViewModel.cs(97,41): warning MVVMTK0034: The field Terminal.ViewModels.MainViewModel._settingsPinInput is annotated with [ObservableProperty] and should not be directly referenced (use the generated property instead) (https://aka.ms/mvvmtoolkit/errors/mvvmtk0034) [/Users/jangminho/development/checkout/terminal/Terminal/Terminal.csproj]
    13 Warning(s)
    0 Error(s)

Time Elapsed 00:00:02.67
/Users/jangminho/development/checkout/terminal/Terminal/Terminal.csproj : warning NU1903: Package 'Tmds.DBus.Protocol' 0.20.0 has a known high severity vulnerability, https://github.com/advisories/GHSA-xrw6-gwf8-vvr9
/Users/jangminho/development/checkout/terminal/Terminal/Terminal.csproj : warning NU1903: Package 'Tmds.DBus.Protocol' 0.20.0 has a known high severity vulnerability, https://github.com/advisories/GHSA-xrw6-gwf8-vvr9
/Users/jangminho/development/checkout/terminal/Terminal/Models/CartItem.cs(30,18): warning CS8826: Partial method declarations 'void CartItem.OnUnitPriceChanged(decimal value)' and 'void CartItem.OnUnitPriceChanged(decimal _)' have signature differences. [/Users/jangminho/development/checkout/terminal/Terminal/Terminal.csproj]
/Users/jangminho/development/checkout/terminal/Terminal/Models/CartItem.cs(31,18): warning CS8826: Partial method declarations 'void CartItem.OnWeightStatusChanged(string value)' and 'void CartItem.OnWeightStatusChanged(string _)' have signature differences. [/Users/jangminho/development/checkout/terminal/Terminal/Terminal.csproj]
/Users/jangminho/development/checkout/terminal/Terminal/ViewModels/MainViewModel.cs(165,18): warning CS8826: Partial method declarations 'void MainViewModel.OnBonusPointsInputChanged(string value)' and 'void MainViewModel.OnBonusPointsInputChanged(string _)' have signature differences. [/Users/jangminho/development/checkout/terminal/Terminal/Terminal.csproj]
/Users/jangminho/development/checkout/terminal/Terminal/ViewModels/MainViewModel.cs(219,18): warning CS8826: Partial method declarations 'void MainViewModel.OnCurrentMemberChanged(LoyaltyMemberInfo? value)' and 'void MainViewModel.OnCurrentMemberChanged(LoyaltyMemberInfo? _)' have signature differences. [/Users/jangminho/development/checkout/terminal/Terminal/Terminal.csproj]
/Users/jangminho/development/checkout/terminal/Terminal/ViewModels/MainViewModel.cs(225,18): warning CS8826: Partial method declarations 'void MainViewModel.OnPointsEarnedChanged(int value)' and 'void MainViewModel.OnPointsEarnedChanged(int _)' have signature differences. [/Users/jangminho/development/checkout/terminal/Terminal/Terminal.csproj]
/Users/jangminho/development/checkout/terminal/Terminal/ViewModels/MainViewModel.cs(228,18): warning CS8826: Partial method declarations 'void MainViewModel.OnLoyaltyDiscountChanged(decimal value)' and 'void MainViewModel.OnLoyaltyDiscountChanged(decimal _)' have signature differences. [/Users/jangminho/development/checkout/terminal/Terminal/Terminal.csproj]
/Users/jangminho/development/checkout/terminal/Terminal/ViewModels/MainViewModel.cs(235,18): warning CS8826: Partial method declarations 'void MainViewModel.OnPaymentMethodChanged(string value)' and 'void MainViewModel.OnPaymentMethodChanged(string _)' have signature differences. [/Users/jangminho/development/checkout/terminal/Terminal/Terminal.csproj]
/Users/jangminho/development/checkout/terminal/Terminal/ViewModels/MainViewModel.cs(242,18): warning CS8826: Partial method declarations 'void MainViewModel.OnCashInsertedChanged(decimal value)' and 'void MainViewModel.OnCashInsertedChanged(decimal _)' have signature differences. [/Users/jangminho/development/checkout/terminal/Terminal/Terminal.csproj]
/Users/jangminho/development/checkout/terminal/Terminal/ViewModels/MainViewModel.cs(703,24): warning CS1998: This async method lacks 'await' operators and will run synchronously. Consider using the 'await' operator to await non-blocking API calls, or 'await Task.Run(...)' to do CPU-bound work on a background thread. [/Users/jangminho/development/checkout/terminal/Terminal/Terminal.csproj]
/Users/jangminho/development/checkout/terminal/Terminal/ViewModels/MainViewModel.cs(1028,24): warning CS1998: This async method lacks 'await' operators and will run synchronously. Consider using the 'await' operator to await non-blocking API calls, or 'await Task.Run(...)' to do CPU-bound work on a background thread. [/Users/jangminho/development/checkout/terminal/Terminal/Terminal.csproj]
/Users/jangminho/development/checkout/terminal/Terminal/ViewModels/MainViewModel.cs(97,41): warning MVVMTK0034: The field Terminal.ViewModels.MainViewModel._settingsPinInput is annotated with [ObservableProperty] and should not be directly referenced (use the generated property instead) (https://aka.ms/mvvmtoolkit/errors/mvvmtk0034) [/Users/jangminho/development/checkout/terminal/Terminal/Terminal.csproj]

Build succeeded.

/Users/jangminho/development/checkout/terminal/Terminal/Terminal.csproj : warning NU1903: Package 'Tmds.DBus.Protocol' 0.20.0 has a known high severity vulnerability, https://github.com/advisories/GHSA-xrw6-gwf8-vvr9
/Users/jangminho/development/checkout/terminal/Terminal/Terminal.csproj : warning NU1903: Package 'Tmds.DBus.Protocol' 0.20.0 has a known high severity vulnerability, https://github.com/advisories/GHSA-xrw6-gwf8-vvr9
/Users/jangminho/development/checkout/terminal/Terminal/Models/CartItem.cs(30,18): warning CS8826: Partial method declarations 'void CartItem.OnUnitPriceChanged(decimal value)' and 'void CartItem.OnUnitPriceChanged(decimal _)' have signature differences. [/Users/jangminho/development/checkout/terminal/Terminal/Terminal.csproj]
/Users/jangminho/development/checkout/terminal/Terminal/Models/CartItem.cs(31,18): warning CS8826: Partial method declarations 'void CartItem.OnWeightStatusChanged(string value)' and 'void CartItem.OnWeightStatusChanged(string _)' have signature differences. [/Users/jangminho/development/checkout/terminal/Terminal/Terminal.csproj]
/Users/jangminho/development/checkout/terminal/Terminal/ViewModels/MainViewModel.cs(165,18): warning CS8826: Partial method declarations 'void MainViewModel.OnBonusPointsInputChanged(string value)' and 'void MainViewModel.OnBonusPointsInputChanged(string _)' have signature differences. [/Users/jangminho/development/checkout/terminal/Terminal/Terminal.csproj]
/Users/jangminho/development/checkout/terminal/Terminal/ViewModels/MainViewModel.cs(219,18): warning CS8826: Partial method declarations 'void MainViewModel.OnCurrentMemberChanged(LoyaltyMemberInfo? value)' and 'void MainViewModel.OnCurrentMemberChanged(LoyaltyMemberInfo? _)' have signature differences. [/Users/jangminho/development/checkout/terminal/Terminal/Terminal.csproj]
/Users/jangminho/development/checkout/terminal/Terminal/ViewModels/MainViewModel.cs(225,18): warning CS8826: Partial method declarations 'void MainViewModel.OnPointsEarnedChanged(int value)' and 'void MainViewModel.OnPointsEarnedChanged(int _)' have signature differences. [/Users/jangminho/development/checkout/terminal/Terminal/Terminal.csproj]
/Users/jangminho/development/checkout/terminal/Terminal/ViewModels/MainViewModel.cs(228,18): warning CS8826: Partial method declarations 'void MainViewModel.OnLoyaltyDiscountChanged(decimal value)' and 'void MainViewModel.OnLoyaltyDiscountChanged(decimal _)' have signature differences. [/Users/jangminho/development/checkout/terminal/Terminal/Terminal.csproj]
/Users/jangminho/development/checkout/terminal/Terminal/ViewModels/MainViewModel.cs(235,18): warning CS8826: Partial method declarations 'void MainViewModel.OnPaymentMethodChanged(string value)' and 'void MainViewModel.OnPaymentMethodChanged(string _)' have signature differences. [/Users/jangminho/development/checkout/terminal/Terminal/Terminal.csproj]
/Users/jangminho/development/checkout/terminal/Terminal/ViewModels/MainViewModel.cs(242,18): warning CS8826: Partial method declarations 'void MainViewModel.OnCashInsertedChanged(decimal value)' and 'void MainViewModel.OnCashInsertedChanged(decimal _)' have signature differences. [/Users/jangminho/development/checkout/terminal/Terminal/Terminal.csproj]
/Users/jangminho/development/checkout/terminal/Terminal/ViewModels/MainViewModel.cs(703,24): warning CS1998: This async method lacks 'await' operators and will run synchronously. Consider using the 'await' operator to await non-blocking API calls, or 'await Task.Run(...)' to do CPU-bound work on a background thread. [/Users/jangminho/development/checkout/terminal/Terminal/Terminal.csproj]
/Users/jangminho/development/checkout/terminal/Terminal/ViewModels/MainViewModel.cs(1028,24): warning CS1998: This async method lacks 'await' operators and will run synchronously. Consider using the 'await' operator to await non-blocking API calls, or 'await Task.Run(...)' to do CPU-bound work on a background thread. [/Users/jangminho/development/checkout/terminal/Terminal/Terminal.csproj]
/Users/jangminho/development/checkout/terminal/Terminal/ViewModels/MainViewModel.cs(97,41): warning MVVMTK0034: The field Terminal.ViewModels.MainViewModel._settingsPinInput is annotated with [ObservableProperty] and should not be directly referenced (use the generated property instead) (https://aka.ms/mvvmtoolkit/errors/mvvmtk0034) [/Users/jangminho/development/checkout/terminal/Terminal/Terminal.csproj]
    13 Warning(s)
    0 Error(s)

Time Elapsed 00:00:03.64
/Users/jangminho/development/checkout/terminal/Terminal/Terminal.csproj : warning NU1903: Package 'Tmds.DBus.Protocol' 0.20.0 has a known high severity vulnerability, https://github.com/advisories/GHSA-xrw6-gwf8-vvr9
/Users/jangminho/development/checkout/terminal/Terminal/Terminal.csproj : warning NU1903: Package 'Tmds.DBus.Protocol' 0.20.0 has a known high severity vulnerability, https://github.com/advisories/GHSA-xrw6-gwf8-vvr9
/Users/jangminho/development/checkout/terminal/Terminal/Models/CartItem.cs(30,18): warning CS8826: Partial method declarations 'void CartItem.OnUnitPriceChanged(decimal value)' and 'void CartItem.OnUnitPriceChanged(decimal _)' have signature differences. [/Users/jangminho/development/checkout/terminal/Terminal/Terminal.csproj]
/Users/jangminho/development/checkout/terminal/Terminal/Models/CartItem.cs(31,18): warning CS8826: Partial method declarations 'void CartItem.OnWeightStatusChanged(string value)' and 'void CartItem.OnWeightStatusChanged(string _)' have signature differences. [/Users/jangminho/development/checkout/terminal/Terminal/Terminal.csproj]
/Users/jangminho/development/checkout/terminal/Terminal/ViewModels/MainViewModel.cs(165,18): warning CS8826: Partial method declarations 'void MainViewModel.OnBonusPointsInputChanged(string value)' and 'void MainViewModel.OnBonusPointsInputChanged(string _)' have signature differences. [/Users/jangminho/development/checkout/terminal/Terminal/Terminal.csproj]
/Users/jangminho/development/checkout/terminal/Terminal/ViewModels/MainViewModel.cs(219,18): warning CS8826: Partial method declarations 'void MainViewModel.OnCurrentMemberChanged(LoyaltyMemberInfo? value)' and 'void MainViewModel.OnCurrentMemberChanged(LoyaltyMemberInfo? _)' have signature differences. [/Users/jangminho/development/checkout/terminal/Terminal/Terminal.csproj]
/Users/jangminho/development/checkout/terminal/Terminal/ViewModels/MainViewModel.cs(225,18): warning CS8826: Partial method declarations 'void MainViewModel.OnPointsEarnedChanged(int value)' and 'void MainViewModel.OnPointsEarnedChanged(int _)' have signature differences. [/Users/jangminho/development/checkout/terminal/Terminal/Terminal.csproj]
/Users/jangminho/development/checkout/terminal/Terminal/ViewModels/MainViewModel.cs(228,18): warning CS8826: Partial method declarations 'void MainViewModel.OnLoyaltyDiscountChanged(decimal value)' and 'void MainViewModel.OnLoyaltyDiscountChanged(decimal _)' have signature differences. [/Users/jangminho/development/checkout/terminal/Terminal/Terminal.csproj]
/Users/jangminho/development/checkout/terminal/Terminal/ViewModels/MainViewModel.cs(235,18): warning CS8826: Partial method declarations 'void MainViewModel.OnPaymentMethodChanged(string value)' and 'void MainViewModel.OnPaymentMethodChanged(string _)' have signature differences. [/Users/jangminho/development/checkout/terminal/Terminal/Terminal.csproj]
/Users/jangminho/development/checkout/terminal/Terminal/ViewModels/MainViewModel.cs(242,18): warning CS8826: Partial method declarations 'void MainViewModel.OnCashInsertedChanged(decimal value)' and 'void MainViewModel.OnCashInsertedChanged(decimal _)' have signature differences. [/Users/jangminho/development/checkout/terminal/Terminal/Terminal.csproj]
/Users/jangminho/development/checkout/terminal/Terminal/ViewModels/MainViewModel.cs(700,24): warning CS1998: This async method lacks 'await' operators and will run synchronously. Consider using the 'await' operator to await non-blocking API calls, or 'await Task.Run(...)' to do CPU-bound work on a background thread. [/Users/jangminho/development/checkout/terminal/Terminal/Terminal.csproj]
/Users/jangminho/development/checkout/terminal/Terminal/ViewModels/MainViewModel.cs(1025,24): warning CS1998: This async method lacks 'await' operators and will run synchronously. Consider using the 'await' operator to await non-blocking API calls, or 'await Task.Run(...)' to do CPU-bound work on a background thread. [/Users/jangminho/development/checkout/terminal/Terminal/Terminal.csproj]
/Users/jangminho/development/checkout/terminal/Terminal/ViewModels/MainViewModel.cs(97,41): warning MVVMTK0034: The field Terminal.ViewModels.MainViewModel._settingsPinInput is annotated with [ObservableProperty] and should not be directly referenced (use the generated property instead) (https://aka.ms/mvvmtoolkit/errors/mvvmtk0034) [/Users/jangminho/development/checkout/terminal/Terminal/Terminal.csproj]

Build succeeded.

/Users/jangminho/development/checkout/terminal/Terminal/Terminal.csproj : warning NU1903: Package 'Tmds.DBus.Protocol' 0.20.0 has a known high severity vulnerability, https://github.com/advisories/GHSA-xrw6-gwf8-vvr9
/Users/jangminho/development/checkout/terminal/Terminal/Terminal.csproj : warning NU1903: Package 'Tmds.DBus.Protocol' 0.20.0 has a known high severity vulnerability, https://github.com/advisories/GHSA-xrw6-gwf8-vvr9
/Users/jangminho/development/checkout/terminal/Terminal/Models/CartItem.cs(30,18): warning CS8826: Partial method declarations 'void CartItem.OnUnitPriceChanged(decimal value)' and 'void CartItem.OnUnitPriceChanged(decimal _)' have signature differences. [/Users/jangminho/development/checkout/terminal/Terminal/Terminal.csproj]
/Users/jangminho/development/checkout/terminal/Terminal/Models/CartItem.cs(31,18): warning CS8826: Partial method declarations 'void CartItem.OnWeightStatusChanged(string value)' and 'void CartItem.OnWeightStatusChanged(string _)' have signature differences. [/Users/jangminho/development/checkout/terminal/Terminal/Terminal.csproj]
/Users/jangminho/development/checkout/terminal/Terminal/ViewModels/MainViewModel.cs(165,18): warning CS8826: Partial method declarations 'void MainViewModel.OnBonusPointsInputChanged(string value)' and 'void MainViewModel.OnBonusPointsInputChanged(string _)' have signature differences. [/Users/jangminho/development/checkout/terminal/Terminal/Terminal.csproj]
/Users/jangminho/development/checkout/terminal/Terminal/ViewModels/MainViewModel.cs(219,18): warning CS8826: Partial method declarations 'void MainViewModel.OnCurrentMemberChanged(LoyaltyMemberInfo? value)' and 'void MainViewModel.OnCurrentMemberChanged(LoyaltyMemberInfo? _)' have signature differences. [/Users/jangminho/development/checkout/terminal/Terminal/Terminal.csproj]
/Users/jangminho/development/checkout/terminal/Terminal/ViewModels/MainViewModel.cs(225,18): warning CS8826: Partial method declarations 'void MainViewModel.OnPointsEarnedChanged(int value)' and 'void MainViewModel.OnPointsEarnedChanged(int _)' have signature differences. [/Users/jangminho/development/checkout/terminal/Terminal/Terminal.csproj]
/Users/jangminho/development/checkout/terminal/Terminal/ViewModels/MainViewModel.cs(228,18): warning CS8826: Partial method declarations 'void MainViewModel.OnLoyaltyDiscountChanged(decimal value)' and 'void MainViewModel.OnLoyaltyDiscountChanged(decimal _)' have signature differences. [/Users/jangminho/development/checkout/terminal/Terminal/Terminal.csproj]
/Users/jangminho/development/checkout/terminal/Terminal/ViewModels/MainViewModel.cs(235,18): warning CS8826: Partial method declarations 'void MainViewModel.OnPaymentMethodChanged(string value)' and 'void MainViewModel.OnPaymentMethodChanged(string _)' have signature differences. [/Users/jangminho/development/checkout/terminal/Terminal/Terminal.csproj]
/Users/jangminho/development/checkout/terminal/Terminal/ViewModels/MainViewModel.cs(242,18): warning CS8826: Partial method declarations 'void MainViewModel.OnCashInsertedChanged(decimal value)' and 'void MainViewModel.OnCashInsertedChanged(decimal _)' have signature differences. [/Users/jangminho/development/checkout/terminal/Terminal/Terminal.csproj]
/Users/jangminho/development/checkout/terminal/Terminal/ViewModels/MainViewModel.cs(700,24): warning CS1998: This async method lacks 'await' operators and will run synchronously. Consider using the 'await' operator to await non-blocking API calls, or 'await Task.Run(...)' to do CPU-bound work on a background thread. [/Users/jangminho/development/checkout/terminal/Terminal/Terminal.csproj]
/Users/jangminho/development/checkout/terminal/Terminal/ViewModels/MainViewModel.cs(1025,24): warning CS1998: This async method lacks 'await' operators and will run synchronously. Consider using the 'await' operator to await non-blocking API calls, or 'await Task.Run(...)' to do CPU-bound work on a background thread. [/Users/jangminho/development/checkout/terminal/Terminal/Terminal.csproj]
/Users/jangminho/development/checkout/terminal/Terminal/ViewModels/MainViewModel.cs(97,41): warning MVVMTK0034: The field Terminal.ViewModels.MainViewModel._settingsPinInput is annotated with [ObservableProperty] and should not be directly referenced (use the generated property instead) (https://aka.ms/mvvmtoolkit/errors/mvvmtk0034) [/Users/jangminho/development/checkout/terminal/Terminal/Terminal.csproj]
    13 Warning(s)
    0 Error(s)

Time Elapsed 00:00:03.84
/Users/jangminho/development/checkout/terminal/Terminal/Terminal.csproj : warning NU1903: Package 'Tmds.DBus.Protocol' 0.20.0 has a known high severity vulnerability, https://github.com/advisories/GHSA-xrw6-gwf8-vvr9
/Users/jangminho/development/checkout/terminal/Terminal/Terminal.csproj : warning NU1903: Package 'Tmds.DBus.Protocol' 0.20.0 has a known high severity vulnerability, https://github.com/advisories/GHSA-xrw6-gwf8-vvr9
/Users/jangminho/development/checkout/terminal/Terminal/Models/CartItem.cs(30,18): warning CS8826: Partial method declarations 'void CartItem.OnUnitPriceChanged(decimal value)' and 'void CartItem.OnUnitPriceChanged(decimal _)' have signature differences. [/Users/jangminho/development/checkout/terminal/Terminal/Terminal.csproj]
/Users/jangminho/development/checkout/terminal/Terminal/Models/CartItem.cs(31,18): warning CS8826: Partial method declarations 'void CartItem.OnWeightStatusChanged(string value)' and 'void CartItem.OnWeightStatusChanged(string _)' have signature differences. [/Users/jangminho/development/checkout/terminal/Terminal/Terminal.csproj]
/Users/jangminho/development/checkout/terminal/Terminal/ViewModels/MainViewModel.cs(165,18): warning CS8826: Partial method declarations 'void MainViewModel.OnBonusPointsInputChanged(string value)' and 'void MainViewModel.OnBonusPointsInputChanged(string _)' have signature differences. [/Users/jangminho/development/checkout/terminal/Terminal/Terminal.csproj]
/Users/jangminho/development/checkout/terminal/Terminal/ViewModels/MainViewModel.cs(219,18): warning CS8826: Partial method declarations 'void MainViewModel.OnCurrentMemberChanged(LoyaltyMemberInfo? value)' and 'void MainViewModel.OnCurrentMemberChanged(LoyaltyMemberInfo? _)' have signature differences. [/Users/jangminho/development/checkout/terminal/Terminal/Terminal.csproj]
/Users/jangminho/development/checkout/terminal/Terminal/ViewModels/MainViewModel.cs(225,18): warning CS8826: Partial method declarations 'void MainViewModel.OnPointsEarnedChanged(int value)' and 'void MainViewModel.OnPointsEarnedChanged(int _)' have signature differences. [/Users/jangminho/development/checkout/terminal/Terminal/Terminal.csproj]
/Users/jangminho/development/checkout/terminal/Terminal/ViewModels/MainViewModel.cs(228,18): warning CS8826: Partial method declarations 'void MainViewModel.OnLoyaltyDiscountChanged(decimal value)' and 'void MainViewModel.OnLoyaltyDiscountChanged(decimal _)' have signature differences. [/Users/jangminho/development/checkout/terminal/Terminal/Terminal.csproj]
/Users/jangminho/development/checkout/terminal/Terminal/ViewModels/MainViewModel.cs(235,18): warning CS8826: Partial method declarations 'void MainViewModel.OnPaymentMethodChanged(string value)' and 'void MainViewModel.OnPaymentMethodChanged(string _)' have signature differences. [/Users/jangminho/development/checkout/terminal/Terminal/Terminal.csproj]
/Users/jangminho/development/checkout/terminal/Terminal/ViewModels/MainViewModel.cs(242,18): warning CS8826: Partial method declarations 'void MainViewModel.OnCashInsertedChanged(decimal value)' and 'void MainViewModel.OnCashInsertedChanged(decimal _)' have signature differences. [/Users/jangminho/development/checkout/terminal/Terminal/Terminal.csproj]
/Users/jangminho/development/checkout/terminal/Terminal/ViewModels/MainViewModel.cs(704,24): warning CS1998: This async method lacks 'await' operators and will run synchronously. Consider using the 'await' operator to await non-blocking API calls, or 'await Task.Run(...)' to do CPU-bound work on a background thread. [/Users/jangminho/development/checkout/terminal/Terminal/Terminal.csproj]
/Users/jangminho/development/checkout/terminal/Terminal/ViewModels/MainViewModel.cs(1029,24): warning CS1998: This async method lacks 'await' operators and will run synchronously. Consider using the 'await' operator to await non-blocking API calls, or 'await Task.Run(...)' to do CPU-bound work on a background thread. [/Users/jangminho/development/checkout/terminal/Terminal/Terminal.csproj]
/Users/jangminho/development/checkout/terminal/Terminal/ViewModels/MainViewModel.cs(97,41): warning MVVMTK0034: The field Terminal.ViewModels.MainViewModel._settingsPinInput is annotated with [ObservableProperty] and should not be directly referenced (use the generated property instead) (https://aka.ms/mvvmtoolkit/errors/mvvmtk0034) [/Users/jangminho/development/checkout/terminal/Terminal/Terminal.csproj]

Build succeeded.

/Users/jangminho/development/checkout/terminal/Terminal/Terminal.csproj : warning NU1903: Package 'Tmds.DBus.Protocol' 0.20.0 has a known high severity vulnerability, https://github.com/advisories/GHSA-xrw6-gwf8-vvr9
/Users/jangminho/development/checkout/terminal/Terminal/Terminal.csproj : warning NU1903: Package 'Tmds.DBus.Protocol' 0.20.0 has a known high severity vulnerability, https://github.com/advisories/GHSA-xrw6-gwf8-vvr9
/Users/jangminho/development/checkout/terminal/Terminal/Models/CartItem.cs(30,18): warning CS8826: Partial method declarations 'void CartItem.OnUnitPriceChanged(decimal value)' and 'void CartItem.OnUnitPriceChanged(decimal _)' have signature differences. [/Users/jangminho/development/checkout/terminal/Terminal/Terminal.csproj]
/Users/jangminho/development/checkout/terminal/Terminal/Models/CartItem.cs(31,18): warning CS8826: Partial method declarations 'void CartItem.OnWeightStatusChanged(string value)' and 'void CartItem.OnWeightStatusChanged(string _)' have signature differences. [/Users/jangminho/development/checkout/terminal/Terminal/Terminal.csproj]
/Users/jangminho/development/checkout/terminal/Terminal/ViewModels/MainViewModel.cs(165,18): warning CS8826: Partial method declarations 'void MainViewModel.OnBonusPointsInputChanged(string value)' and 'void MainViewModel.OnBonusPointsInputChanged(string _)' have signature differences. [/Users/jangminho/development/checkout/terminal/Terminal/Terminal.csproj]
/Users/jangminho/development/checkout/terminal/Terminal/ViewModels/MainViewModel.cs(219,18): warning CS8826: Partial method declarations 'void MainViewModel.OnCurrentMemberChanged(LoyaltyMemberInfo? value)' and 'void MainViewModel.OnCurrentMemberChanged(LoyaltyMemberInfo? _)' have signature differences. [/Users/jangminho/development/checkout/terminal/Terminal/Terminal.csproj]
/Users/jangminho/development/checkout/terminal/Terminal/ViewModels/MainViewModel.cs(225,18): warning CS8826: Partial method declarations 'void MainViewModel.OnPointsEarnedChanged(int value)' and 'void MainViewModel.OnPointsEarnedChanged(int _)' have signature differences. [/Users/jangminho/development/checkout/terminal/Terminal/Terminal.csproj]
/Users/jangminho/development/checkout/terminal/Terminal/ViewModels/MainViewModel.cs(228,18): warning CS8826: Partial method declarations 'void MainViewModel.OnLoyaltyDiscountChanged(decimal value)' and 'void MainViewModel.OnLoyaltyDiscountChanged(decimal _)' have signature differences. [/Users/jangminho/development/checkout/terminal/Terminal/Terminal.csproj]
/Users/jangminho/development/checkout/terminal/Terminal/ViewModels/MainViewModel.cs(235,18): warning CS8826: Partial method declarations 'void MainViewModel.OnPaymentMethodChanged(string value)' and 'void MainViewModel.OnPaymentMethodChanged(string _)' have signature differences. [/Users/jangminho/development/checkout/terminal/Terminal/Terminal.csproj]
/Users/jangminho/development/checkout/terminal/Terminal/ViewModels/MainViewModel.cs(242,18): warning CS8826: Partial method declarations 'void MainViewModel.OnCashInsertedChanged(decimal value)' and 'void MainViewModel.OnCashInsertedChanged(decimal _)' have signature differences. [/Users/jangminho/development/checkout/terminal/Terminal/Terminal.csproj]
/Users/jangminho/development/checkout/terminal/Terminal/ViewModels/MainViewModel.cs(704,24): warning CS1998: This async method lacks 'await' operators and will run synchronously. Consider using the 'await' operator to await non-blocking API calls, or 'await Task.Run(...)' to do CPU-bound work on a background thread. [/Users/jangminho/development/checkout/terminal/Terminal/Terminal.csproj]
/Users/jangminho/development/checkout/terminal/Terminal/ViewModels/MainViewModel.cs(1029,24): warning CS1998: This async method lacks 'await' operators and will run synchronously. Consider using the 'await' operator to await non-blocking API calls, or 'await Task.Run(...)' to do CPU-bound work on a background thread. [/Users/jangminho/development/checkout/terminal/Terminal/Terminal.csproj]
/Users/jangminho/development/checkout/terminal/Terminal/ViewModels/MainViewModel.cs(97,41): warning MVVMTK0034: The field Terminal.ViewModels.MainViewModel._settingsPinInput is annotated with [ObservableProperty] and should not be directly referenced (use the generated property instead) (https://aka.ms/mvvmtoolkit/errors/mvvmtk0034) [/Users/jangminho/development/checkout/terminal/Terminal/Terminal.csproj]
    13 Warning(s)
    0 Error(s)

Time Elapsed 00:00:03.72
/Users/jangminho/development/checkout/terminal/Terminal/Terminal.csproj : warning NU1903: Package 'Tmds.DBus.Protocol' 0.20.0 has a known high severity vulnerability, https://github.com/advisories/GHSA-xrw6-gwf8-vvr9
/Users/jangminho/development/checkout/terminal/Terminal/Terminal.csproj : warning NU1903: Package 'Tmds.DBus.Protocol' 0.20.0 has a known high severity vulnerability, https://github.com/advisories/GHSA-xrw6-gwf8-vvr9
/Users/jangminho/development/checkout/terminal/Terminal/Models/CartItem.cs(30,18): warning CS8826: Partial method declarations 'void CartItem.OnUnitPriceChanged(decimal value)' and 'void CartItem.OnUnitPriceChanged(decimal _)' have signature differences. [/Users/jangminho/development/checkout/terminal/Terminal/Terminal.csproj]
/Users/jangminho/development/checkout/terminal/Terminal/Models/CartItem.cs(31,18): warning CS8826: Partial method declarations 'void CartItem.OnWeightStatusChanged(string value)' and 'void CartItem.OnWeightStatusChanged(string _)' have signature differences. [/Users/jangminho/development/checkout/terminal/Terminal/Terminal.csproj]
/Users/jangminho/development/checkout/terminal/Terminal/ViewModels/MainViewModel.cs(165,18): warning CS8826: Partial method declarations 'void MainViewModel.OnBonusPointsInputChanged(string value)' and 'void MainViewModel.OnBonusPointsInputChanged(string _)' have signature differences. [/Users/jangminho/development/checkout/terminal/Terminal/Terminal.csproj]
/Users/jangminho/development/checkout/terminal/Terminal/ViewModels/MainViewModel.cs(219,18): warning CS8826: Partial method declarations 'void MainViewModel.OnCurrentMemberChanged(LoyaltyMemberInfo? value)' and 'void MainViewModel.OnCurrentMemberChanged(LoyaltyMemberInfo? _)' have signature differences. [/Users/jangminho/development/checkout/terminal/Terminal/Terminal.csproj]
/Users/jangminho/development/checkout/terminal/Terminal/ViewModels/MainViewModel.cs(225,18): warning CS8826: Partial method declarations 'void MainViewModel.OnPointsEarnedChanged(int value)' and 'void MainViewModel.OnPointsEarnedChanged(int _)' have signature differences. [/Users/jangminho/development/checkout/terminal/Terminal/Terminal.csproj]
/Users/jangminho/development/checkout/terminal/Terminal/ViewModels/MainViewModel.cs(228,18): warning CS8826: Partial method declarations 'void MainViewModel.OnLoyaltyDiscountChanged(decimal value)' and 'void MainViewModel.OnLoyaltyDiscountChanged(decimal _)' have signature differences. [/Users/jangminho/development/checkout/terminal/Terminal/Terminal.csproj]
/Users/jangminho/development/checkout/terminal/Terminal/ViewModels/MainViewModel.cs(235,18): warning CS8826: Partial method declarations 'void MainViewModel.OnPaymentMethodChanged(string value)' and 'void MainViewModel.OnPaymentMethodChanged(string _)' have signature differences. [/Users/jangminho/development/checkout/terminal/Terminal/Terminal.csproj]
/Users/jangminho/development/checkout/terminal/Terminal/ViewModels/MainViewModel.cs(242,18): warning CS8826: Partial method declarations 'void MainViewModel.OnCashInsertedChanged(decimal value)' and 'void MainViewModel.OnCashInsertedChanged(decimal _)' have signature differences. [/Users/jangminho/development/checkout/terminal/Terminal/Terminal.csproj]
/Users/jangminho/development/checkout/terminal/Terminal/ViewModels/MainViewModel.cs(704,24): warning CS1998: This async method lacks 'await' operators and will run synchronously. Consider using the 'await' operator to await non-blocking API calls, or 'await Task.Run(...)' to do CPU-bound work on a background thread. [/Users/jangminho/development/checkout/terminal/Terminal/Terminal.csproj]
/Users/jangminho/development/checkout/terminal/Terminal/ViewModels/MainViewModel.cs(1030,24): warning CS1998: This async method lacks 'await' operators and will run synchronously. Consider using the 'await' operator to await non-blocking API calls, or 'await Task.Run(...)' to do CPU-bound work on a background thread. [/Users/jangminho/development/checkout/terminal/Terminal/Terminal.csproj]
/Users/jangminho/development/checkout/terminal/Terminal/ViewModels/MainViewModel.cs(97,41): warning MVVMTK0034: The field Terminal.ViewModels.MainViewModel._settingsPinInput is annotated with [ObservableProperty] and should not be directly referenced (use the generated property instead) (https://aka.ms/mvvmtoolkit/errors/mvvmtk0034) [/Users/jangminho/development/checkout/terminal/Terminal/Terminal.csproj]
/Users/jangminho/development/checkout/terminal/Terminal/Views/MainWindow.axaml(521,24,521,24): Avalonia error AVLN2000: Unable to resolve type BoolToStringConverter from namespace clr-namespace:Terminal.Converters Line 521, position 24. [/Users/jangminho/development/checkout/terminal/Terminal/Terminal.csproj]
/Users/jangminho/development/checkout/terminal/Terminal/Views/MainWindow.axaml(521,24,521,24): Avalonia error AVLN2000: Unable to resolve type BoolToStringConverter from namespace clr-namespace:Terminal.Converters Line 521, position 24. [/Users/jangminho/development/checkout/terminal/Terminal/Terminal.csproj]
/Users/jangminho/development/checkout/terminal/Terminal/Views/MainWindow.axaml(521,24,521,24): Avalonia error AVLN2000: Unable to resolve type BoolToStringConverter from namespace clr-namespace:Terminal.Converters Line 521, position 24. [/Users/jangminho/development/checkout/terminal/Terminal/Terminal.csproj]
/Users/jangminho/development/checkout/terminal/Terminal/Views/MainWindow.axaml(521,24,521,24): Avalonia error AVLN2000: Unable to resolve type BoolToStringConverter from namespace clr-namespace:Terminal.Converters Line 521, position 24. [/Users/jangminho/development/checkout/terminal/Terminal/Terminal.csproj]
/Users/jangminho/development/checkout/terminal/Terminal/Views/MainWindow.axaml(521,24,521,24): Avalonia error AVLN2000: Unable to resolve type BoolToStringConverter from namespace clr-namespace:Terminal.Converters Line 521, position 24. [/Users/jangminho/development/checkout/terminal/Terminal/Terminal.csproj]
/Users/jangminho/development/checkout/terminal/Terminal/Views/MainWindow.axaml(521,24,521,24): Avalonia error AVLN2000: Unable to resolve suitable regular or attached property TrueValue on type :.{Unknown type} Line 521, position 24. [/Users/jangminho/development/checkout/terminal/Terminal/Terminal.csproj]
/Users/jangminho/development/checkout/terminal/Terminal/Views/MainWindow.axaml(521,24,521,24): Avalonia error AVLN2000: Unable to resolve suitable regular or attached property FalseValue on type :.{Unknown type} Line 521, position 24. [/Users/jangminho/development/checkout/terminal/Terminal/Terminal.csproj]

Build FAILED.

/Users/jangminho/development/checkout/terminal/Terminal/Terminal.csproj : warning NU1903: Package 'Tmds.DBus.Protocol' 0.20.0 has a known high severity vulnerability, https://github.com/advisories/GHSA-xrw6-gwf8-vvr9
/Users/jangminho/development/checkout/terminal/Terminal/Terminal.csproj : warning NU1903: Package 'Tmds.DBus.Protocol' 0.20.0 has a known high severity vulnerability, https://github.com/advisories/GHSA-xrw6-gwf8-vvr9
/Users/jangminho/development/checkout/terminal/Terminal/Models/CartItem.cs(30,18): warning CS8826: Partial method declarations 'void CartItem.OnUnitPriceChanged(decimal value)' and 'void CartItem.OnUnitPriceChanged(decimal _)' have signature differences. [/Users/jangminho/development/checkout/terminal/Terminal/Terminal.csproj]
/Users/jangminho/development/checkout/terminal/Terminal/Models/CartItem.cs(31,18): warning CS8826: Partial method declarations 'void CartItem.OnWeightStatusChanged(string value)' and 'void CartItem.OnWeightStatusChanged(string _)' have signature differences. [/Users/jangminho/development/checkout/terminal/Terminal/Terminal.csproj]
/Users/jangminho/development/checkout/terminal/Terminal/ViewModels/MainViewModel.cs(165,18): warning CS8826: Partial method declarations 'void MainViewModel.OnBonusPointsInputChanged(string value)' and 'void MainViewModel.OnBonusPointsInputChanged(string _)' have signature differences. [/Users/jangminho/development/checkout/terminal/Terminal/Terminal.csproj]
/Users/jangminho/development/checkout/terminal/Terminal/ViewModels/MainViewModel.cs(219,18): warning CS8826: Partial method declarations 'void MainViewModel.OnCurrentMemberChanged(LoyaltyMemberInfo? value)' and 'void MainViewModel.OnCurrentMemberChanged(LoyaltyMemberInfo? _)' have signature differences. [/Users/jangminho/development/checkout/terminal/Terminal/Terminal.csproj]
/Users/jangminho/development/checkout/terminal/Terminal/ViewModels/MainViewModel.cs(225,18): warning CS8826: Partial method declarations 'void MainViewModel.OnPointsEarnedChanged(int value)' and 'void MainViewModel.OnPointsEarnedChanged(int _)' have signature differences. [/Users/jangminho/development/checkout/terminal/Terminal/Terminal.csproj]
/Users/jangminho/development/checkout/terminal/Terminal/ViewModels/MainViewModel.cs(228,18): warning CS8826: Partial method declarations 'void MainViewModel.OnLoyaltyDiscountChanged(decimal value)' and 'void MainViewModel.OnLoyaltyDiscountChanged(decimal _)' have signature differences. [/Users/jangminho/development/checkout/terminal/Terminal/Terminal.csproj]
/Users/jangminho/development/checkout/terminal/Terminal/ViewModels/MainViewModel.cs(235,18): warning CS8826: Partial method declarations 'void MainViewModel.OnPaymentMethodChanged(string value)' and 'void MainViewModel.OnPaymentMethodChanged(string _)' have signature differences. [/Users/jangminho/development/checkout/terminal/Terminal/Terminal.csproj]
/Users/jangminho/development/checkout/terminal/Terminal/ViewModels/MainViewModel.cs(242,18): warning CS8826: Partial method declarations 'void MainViewModel.OnCashInsertedChanged(decimal value)' and 'void MainViewModel.OnCashInsertedChanged(decimal _)' have signature differences. [/Users/jangminho/development/checkout/terminal/Terminal/Terminal.csproj]
/Users/jangminho/development/checkout/terminal/Terminal/ViewModels/MainViewModel.cs(704,24): warning CS1998: This async method lacks 'await' operators and will run synchronously. Consider using the 'await' operator to await non-blocking API calls, or 'await Task.Run(...)' to do CPU-bound work on a background thread. [/Users/jangminho/development/checkout/terminal/Terminal/Terminal.csproj]
/Users/jangminho/development/checkout/terminal/Terminal/ViewModels/MainViewModel.cs(1030,24): warning CS1998: This async method lacks 'await' operators and will run synchronously. Consider using the 'await' operator to await non-blocking API calls, or 'await Task.Run(...)' to do CPU-bound work on a background thread. [/Users/jangminho/development/checkout/terminal/Terminal/Terminal.csproj]
/Users/jangminho/development/checkout/terminal/Terminal/ViewModels/MainViewModel.cs(97,41): warning MVVMTK0034: The field Terminal.ViewModels.MainViewModel._settingsPinInput is annotated with [ObservableProperty] and should not be directly referenced (use the generated property instead) (https://aka.ms/mvvmtoolkit/errors/mvvmtk0034) [/Users/jangminho/development/checkout/terminal/Terminal/Terminal.csproj]
/Users/jangminho/development/checkout/terminal/Terminal/Views/MainWindow.axaml(521,24,521,24): Avalonia error AVLN2000: Unable to resolve type BoolToStringConverter from namespace clr-namespace:Terminal.Converters Line 521, position 24. [/Users/jangminho/development/checkout/terminal/Terminal/Terminal.csproj]
/Users/jangminho/development/checkout/terminal/Terminal/Views/MainWindow.axaml(521,24,521,24): Avalonia error AVLN2000: Unable to resolve type BoolToStringConverter from namespace clr-namespace:Terminal.Converters Line 521, position 24. [/Users/jangminho/development/checkout/terminal/Terminal/Terminal.csproj]
/Users/jangminho/development/checkout/terminal/Terminal/Views/MainWindow.axaml(521,24,521,24): Avalonia error AVLN2000: Unable to resolve type BoolToStringConverter from namespace clr-namespace:Terminal.Converters Line 521, position 24. [/Users/jangminho/development/checkout/terminal/Terminal/Terminal.csproj]
/Users/jangminho/development/checkout/terminal/Terminal/Views/MainWindow.axaml(521,24,521,24): Avalonia error AVLN2000: Unable to resolve type BoolToStringConverter from namespace clr-namespace:Terminal.Converters Line 521, position 24. [/Users/jangminho/development/checkout/terminal/Terminal/Terminal.csproj]
/Users/jangminho/development/checkout/terminal/Terminal/Views/MainWindow.axaml(521,24,521,24): Avalonia error AVLN2000: Unable to resolve type BoolToStringConverter from namespace clr-namespace:Terminal.Converters Line 521, position 24. [/Users/jangminho/development/checkout/terminal/Terminal/Terminal.csproj]
/Users/jangminho/development/checkout/terminal/Terminal/Views/MainWindow.axaml(521,24,521,24): Avalonia error AVLN2000: Unable to resolve suitable regular or attached property TrueValue on type :.{Unknown type} Line 521, position 24. [/Users/jangminho/development/checkout/terminal/Terminal/Terminal.csproj]
/Users/jangminho/development/checkout/terminal/Terminal/Views/MainWindow.axaml(521,24,521,24): Avalonia error AVLN2000: Unable to resolve suitable regular or attached property FalseValue on type :.{Unknown type} Line 521, position 24. [/Users/jangminho/development/checkout/terminal/Terminal/Terminal.csproj]
    13 Warning(s)
    7 Error(s)

Time Elapsed 00:00:02.49
/Users/jangminho/development/checkout/terminal/Terminal/Terminal.csproj : warning NU1903: Package 'Tmds.DBus.Protocol' 0.20.0 has a known high severity vulnerability, https://github.com/advisories/GHSA-xrw6-gwf8-vvr9
/Users/jangminho/development/checkout/terminal/Terminal/Terminal.csproj : warning NU1903: Package 'Tmds.DBus.Protocol' 0.20.0 has a known high severity vulnerability, https://github.com/advisories/GHSA-xrw6-gwf8-vvr9
/Users/jangminho/development/checkout/terminal/Terminal/Models/CartItem.cs(31,18): warning CS8826: Partial method declarations 'void CartItem.OnUnitPriceChanged(decimal value)' and 'void CartItem.OnUnitPriceChanged(decimal _)' have signature differences. [/Users/jangminho/development/checkout/terminal/Terminal/Terminal.csproj]
/Users/jangminho/development/checkout/terminal/Terminal/Models/CartItem.cs(32,18): warning CS8826: Partial method declarations 'void CartItem.OnWeightStatusChanged(string value)' and 'void CartItem.OnWeightStatusChanged(string _)' have signature differences. [/Users/jangminho/development/checkout/terminal/Terminal/Terminal.csproj]
/Users/jangminho/development/checkout/terminal/Terminal/ViewModels/MainViewModel.cs(165,18): warning CS8826: Partial method declarations 'void MainViewModel.OnBonusPointsInputChanged(string value)' and 'void MainViewModel.OnBonusPointsInputChanged(string _)' have signature differences. [/Users/jangminho/development/checkout/terminal/Terminal/Terminal.csproj]
/Users/jangminho/development/checkout/terminal/Terminal/ViewModels/MainViewModel.cs(219,18): warning CS8826: Partial method declarations 'void MainViewModel.OnCurrentMemberChanged(LoyaltyMemberInfo? value)' and 'void MainViewModel.OnCurrentMemberChanged(LoyaltyMemberInfo? _)' have signature differences. [/Users/jangminho/development/checkout/terminal/Terminal/Terminal.csproj]
/Users/jangminho/development/checkout/terminal/Terminal/ViewModels/MainViewModel.cs(225,18): warning CS8826: Partial method declarations 'void MainViewModel.OnPointsEarnedChanged(int value)' and 'void MainViewModel.OnPointsEarnedChanged(int _)' have signature differences. [/Users/jangminho/development/checkout/terminal/Terminal/Terminal.csproj]
/Users/jangminho/development/checkout/terminal/Terminal/ViewModels/MainViewModel.cs(228,18): warning CS8826: Partial method declarations 'void MainViewModel.OnLoyaltyDiscountChanged(decimal value)' and 'void MainViewModel.OnLoyaltyDiscountChanged(decimal _)' have signature differences. [/Users/jangminho/development/checkout/terminal/Terminal/Terminal.csproj]
/Users/jangminho/development/checkout/terminal/Terminal/ViewModels/MainViewModel.cs(235,18): warning CS8826: Partial method declarations 'void MainViewModel.OnPaymentMethodChanged(string value)' and 'void MainViewModel.OnPaymentMethodChanged(string _)' have signature differences. [/Users/jangminho/development/checkout/terminal/Terminal/Terminal.csproj]
/Users/jangminho/development/checkout/terminal/Terminal/ViewModels/MainViewModel.cs(242,18): warning CS8826: Partial method declarations 'void MainViewModel.OnCashInsertedChanged(decimal value)' and 'void MainViewModel.OnCashInsertedChanged(decimal _)' have signature differences. [/Users/jangminho/development/checkout/terminal/Terminal/Terminal.csproj]
/Users/jangminho/development/checkout/terminal/Terminal/ViewModels/MainViewModel.cs(704,24): warning CS1998: This async method lacks 'await' operators and will run synchronously. Consider using the 'await' operator to await non-blocking API calls, or 'await Task.Run(...)' to do CPU-bound work on a background thread. [/Users/jangminho/development/checkout/terminal/Terminal/Terminal.csproj]
/Users/jangminho/development/checkout/terminal/Terminal/ViewModels/MainViewModel.cs(1038,24): warning CS1998: This async method lacks 'await' operators and will run synchronously. Consider using the 'await' operator to await non-blocking API calls, or 'await Task.Run(...)' to do CPU-bound work on a background thread. [/Users/jangminho/development/checkout/terminal/Terminal/Terminal.csproj]
/Users/jangminho/development/checkout/terminal/Terminal/ViewModels/MainViewModel.cs(97,41): warning MVVMTK0034: The field Terminal.ViewModels.MainViewModel._settingsPinInput is annotated with [ObservableProperty] and should not be directly referenced (use the generated property instead) (https://aka.ms/mvvmtoolkit/errors/mvvmtk0034) [/Users/jangminho/development/checkout/terminal/Terminal/Terminal.csproj]
/Users/jangminho/development/checkout/terminal/Terminal/Views/MainWindow.axaml(521,24,521,24): Avalonia error AVLN2000: Unable to resolve type BoolToStringConverter from namespace clr-namespace:Terminal.Converters Line 521, position 24. [/Users/jangminho/development/checkout/terminal/Terminal/Terminal.csproj]
/Users/jangminho/development/checkout/terminal/Terminal/Views/MainWindow.axaml(521,24,521,24): Avalonia error AVLN2000: Unable to resolve type BoolToStringConverter from namespace clr-namespace:Terminal.Converters Line 521, position 24. [/Users/jangminho/development/checkout/terminal/Terminal/Terminal.csproj]
/Users/jangminho/development/checkout/terminal/Terminal/Views/MainWindow.axaml(521,24,521,24): Avalonia error AVLN2000: Unable to resolve type BoolToStringConverter from namespace clr-namespace:Terminal.Converters Line 521, position 24. [/Users/jangminho/development/checkout/terminal/Terminal/Terminal.csproj]
/Users/jangminho/development/checkout/terminal/Terminal/Views/MainWindow.axaml(521,24,521,24): Avalonia error AVLN2000: Unable to resolve type BoolToStringConverter from namespace clr-namespace:Terminal.Converters Line 521, position 24. [/Users/jangminho/development/checkout/terminal/Terminal/Terminal.csproj]
/Users/jangminho/development/checkout/terminal/Terminal/Views/MainWindow.axaml(521,24,521,24): Avalonia error AVLN2000: Unable to resolve type BoolToStringConverter from namespace clr-namespace:Terminal.Converters Line 521, position 24. [/Users/jangminho/development/checkout/terminal/Terminal/Terminal.csproj]
/Users/jangminho/development/checkout/terminal/Terminal/Views/MainWindow.axaml(521,24,521,24): Avalonia error AVLN2000: Unable to resolve suitable regular or attached property TrueValue on type :.{Unknown type} Line 521, position 24. [/Users/jangminho/development/checkout/terminal/Terminal/Terminal.csproj]
/Users/jangminho/development/checkout/terminal/Terminal/Views/MainWindow.axaml(521,24,521,24): Avalonia error AVLN2000: Unable to resolve suitable regular or attached property FalseValue on type :.{Unknown type} Line 521, position 24. [/Users/jangminho/development/checkout/terminal/Terminal/Terminal.csproj]

Build FAILED.

/Users/jangminho/development/checkout/terminal/Terminal/Terminal.csproj : warning NU1903: Package 'Tmds.DBus.Protocol' 0.20.0 has a known high severity vulnerability, https://github.com/advisories/GHSA-xrw6-gwf8-vvr9
/Users/jangminho/development/checkout/terminal/Terminal/Terminal.csproj : warning NU1903: Package 'Tmds.DBus.Protocol' 0.20.0 has a known high severity vulnerability, https://github.com/advisories/GHSA-xrw6-gwf8-vvr9
/Users/jangminho/development/checkout/terminal/Terminal/Models/CartItem.cs(31,18): warning CS8826: Partial method declarations 'void CartItem.OnUnitPriceChanged(decimal value)' and 'void CartItem.OnUnitPriceChanged(decimal _)' have signature differences. [/Users/jangminho/development/checkout/terminal/Terminal/Terminal.csproj]
/Users/jangminho/development/checkout/terminal/Terminal/Models/CartItem.cs(32,18): warning CS8826: Partial method declarations 'void CartItem.OnWeightStatusChanged(string value)' and 'void CartItem.OnWeightStatusChanged(string _)' have signature differences. [/Users/jangminho/development/checkout/terminal/Terminal/Terminal.csproj]
/Users/jangminho/development/checkout/terminal/Terminal/ViewModels/MainViewModel.cs(165,18): warning CS8826: Partial method declarations 'void MainViewModel.OnBonusPointsInputChanged(string value)' and 'void MainViewModel.OnBonusPointsInputChanged(string _)' have signature differences. [/Users/jangminho/development/checkout/terminal/Terminal/Terminal.csproj]
/Users/jangminho/development/checkout/terminal/Terminal/ViewModels/MainViewModel.cs(219,18): warning CS8826: Partial method declarations 'void MainViewModel.OnCurrentMemberChanged(LoyaltyMemberInfo? value)' and 'void MainViewModel.OnCurrentMemberChanged(LoyaltyMemberInfo? _)' have signature differences. [/Users/jangminho/development/checkout/terminal/Terminal/Terminal.csproj]
/Users/jangminho/development/checkout/terminal/Terminal/ViewModels/MainViewModel.cs(225,18): warning CS8826: Partial method declarations 'void MainViewModel.OnPointsEarnedChanged(int value)' and 'void MainViewModel.OnPointsEarnedChanged(int _)' have signature differences. [/Users/jangminho/development/checkout/terminal/Terminal/Terminal.csproj]
/Users/jangminho/development/checkout/terminal/Terminal/ViewModels/MainViewModel.cs(228,18): warning CS8826: Partial method declarations 'void MainViewModel.OnLoyaltyDiscountChanged(decimal value)' and 'void MainViewModel.OnLoyaltyDiscountChanged(decimal _)' have signature differences. [/Users/jangminho/development/checkout/terminal/Terminal/Terminal.csproj]
/Users/jangminho/development/checkout/terminal/Terminal/ViewModels/MainViewModel.cs(235,18): warning CS8826: Partial method declarations 'void MainViewModel.OnPaymentMethodChanged(string value)' and 'void MainViewModel.OnPaymentMethodChanged(string _)' have signature differences. [/Users/jangminho/development/checkout/terminal/Terminal/Terminal.csproj]
/Users/jangminho/development/checkout/terminal/Terminal/ViewModels/MainViewModel.cs(242,18): warning CS8826: Partial method declarations 'void MainViewModel.OnCashInsertedChanged(decimal value)' and 'void MainViewModel.OnCashInsertedChanged(decimal _)' have signature differences. [/Users/jangminho/development/checkout/terminal/Terminal/Terminal.csproj]
/Users/jangminho/development/checkout/terminal/Terminal/ViewModels/MainViewModel.cs(704,24): warning CS1998: This async method lacks 'await' operators and will run synchronously. Consider using the 'await' operator to await non-blocking API calls, or 'await Task.Run(...)' to do CPU-bound work on a background thread. [/Users/jangminho/development/checkout/terminal/Terminal/Terminal.csproj]
/Users/jangminho/development/checkout/terminal/Terminal/ViewModels/MainViewModel.cs(1038,24): warning CS1998: This async method lacks 'await' operators and will run synchronously. Consider using the 'await' operator to await non-blocking API calls, or 'await Task.Run(...)' to do CPU-bound work on a background thread. [/Users/jangminho/development/checkout/terminal/Terminal/Terminal.csproj]
/Users/jangminho/development/checkout/terminal/Terminal/ViewModels/MainViewModel.cs(97,41): warning MVVMTK0034: The field Terminal.ViewModels.MainViewModel._settingsPinInput is annotated with [ObservableProperty] and should not be directly referenced (use the generated property instead) (https://aka.ms/mvvmtoolkit/errors/mvvmtk0034) [/Users/jangminho/development/checkout/terminal/Terminal/Terminal.csproj]
/Users/jangminho/development/checkout/terminal/Terminal/Views/MainWindow.axaml(521,24,521,24): Avalonia error AVLN2000: Unable to resolve type BoolToStringConverter from namespace clr-namespace:Terminal.Converters Line 521, position 24. [/Users/jangminho/development/checkout/terminal/Terminal/Terminal.csproj]
/Users/jangminho/development/checkout/terminal/Terminal/Views/MainWindow.axaml(521,24,521,24): Avalonia error AVLN2000: Unable to resolve type BoolToStringConverter from namespace clr-namespace:Terminal.Converters Line 521, position 24. [/Users/jangminho/development/checkout/terminal/Terminal/Terminal.csproj]
/Users/jangminho/development/checkout/terminal/Terminal/Views/MainWindow.axaml(521,24,521,24): Avalonia error AVLN2000: Unable to resolve type BoolToStringConverter from namespace clr-namespace:Terminal.Converters Line 521, position 24. [/Users/jangminho/development/checkout/terminal/Terminal/Terminal.csproj]
/Users/jangminho/development/checkout/terminal/Terminal/Views/MainWindow.axaml(521,24,521,24): Avalonia error AVLN2000: Unable to resolve type BoolToStringConverter from namespace clr-namespace:Terminal.Converters Line 521, position 24. [/Users/jangminho/development/checkout/terminal/Terminal/Terminal.csproj]
/Users/jangminho/development/checkout/terminal/Terminal/Views/MainWindow.axaml(521,24,521,24): Avalonia error AVLN2000: Unable to resolve type BoolToStringConverter from namespace clr-namespace:Terminal.Converters Line 521, position 24. [/Users/jangminho/development/checkout/terminal/Terminal/Terminal.csproj]
/Users/jangminho/development/checkout/terminal/Terminal/Views/MainWindow.axaml(521,24,521,24): Avalonia error AVLN2000: Unable to resolve suitable regular or attached property TrueValue on type :.{Unknown type} Line 521, position 24. [/Users/jangminho/development/checkout/terminal/Terminal/Terminal.csproj]
/Users/jangminho/development/checkout/terminal/Terminal/Views/MainWindow.axaml(521,24,521,24): Avalonia error AVLN2000: Unable to resolve suitable regular or attached property FalseValue on type :.{Unknown type} Line 521, position 24. [/Users/jangminho/development/checkout/terminal/Terminal/Terminal.csproj]
    13 Warning(s)
    7 Error(s)

Time Elapsed 00:00:03.29
/Users/jangminho/development/checkout/terminal/Terminal/Terminal.csproj : warning NU1903: Package 'Tmds.DBus.Protocol' 0.20.0 has a known high severity vulnerability, https://github.com/advisories/GHSA-xrw6-gwf8-vvr9
/Users/jangminho/development/checkout/terminal/Terminal/Terminal.csproj : warning NU1903: Package 'Tmds.DBus.Protocol' 0.20.0 has a known high severity vulnerability, https://github.com/advisories/GHSA-xrw6-gwf8-vvr9
/Users/jangminho/development/checkout/terminal/Terminal/Models/CartItem.cs(31,18): warning CS8826: Partial method declarations 'void CartItem.OnUnitPriceChanged(decimal value)' and 'void CartItem.OnUnitPriceChanged(decimal _)' have signature differences. [/Users/jangminho/development/checkout/terminal/Terminal/Terminal.csproj]
/Users/jangminho/development/checkout/terminal/Terminal/Models/CartItem.cs(32,18): warning CS8826: Partial method declarations 'void CartItem.OnWeightStatusChanged(string value)' and 'void CartItem.OnWeightStatusChanged(string _)' have signature differences. [/Users/jangminho/development/checkout/terminal/Terminal/Terminal.csproj]
/Users/jangminho/development/checkout/terminal/Terminal/ViewModels/MainViewModel.cs(165,18): warning CS8826: Partial method declarations 'void MainViewModel.OnBonusPointsInputChanged(string value)' and 'void MainViewModel.OnBonusPointsInputChanged(string _)' have signature differences. [/Users/jangminho/development/checkout/terminal/Terminal/Terminal.csproj]
/Users/jangminho/development/checkout/terminal/Terminal/ViewModels/MainViewModel.cs(219,18): warning CS8826: Partial method declarations 'void MainViewModel.OnCurrentMemberChanged(LoyaltyMemberInfo? value)' and 'void MainViewModel.OnCurrentMemberChanged(LoyaltyMemberInfo? _)' have signature differences. [/Users/jangminho/development/checkout/terminal/Terminal/Terminal.csproj]
/Users/jangminho/development/checkout/terminal/Terminal/ViewModels/MainViewModel.cs(225,18): warning CS8826: Partial method declarations 'void MainViewModel.OnPointsEarnedChanged(int value)' and 'void MainViewModel.OnPointsEarnedChanged(int _)' have signature differences. [/Users/jangminho/development/checkout/terminal/Terminal/Terminal.csproj]
/Users/jangminho/development/checkout/terminal/Terminal/ViewModels/MainViewModel.cs(228,18): warning CS8826: Partial method declarations 'void MainViewModel.OnLoyaltyDiscountChanged(decimal value)' and 'void MainViewModel.OnLoyaltyDiscountChanged(decimal _)' have signature differences. [/Users/jangminho/development/checkout/terminal/Terminal/Terminal.csproj]
/Users/jangminho/development/checkout/terminal/Terminal/ViewModels/MainViewModel.cs(235,18): warning CS8826: Partial method declarations 'void MainViewModel.OnPaymentMethodChanged(string value)' and 'void MainViewModel.OnPaymentMethodChanged(string _)' have signature differences. [/Users/jangminho/development/checkout/terminal/Terminal/Terminal.csproj]
/Users/jangminho/development/checkout/terminal/Terminal/ViewModels/MainViewModel.cs(242,18): warning CS8826: Partial method declarations 'void MainViewModel.OnCashInsertedChanged(decimal value)' and 'void MainViewModel.OnCashInsertedChanged(decimal _)' have signature differences. [/Users/jangminho/development/checkout/terminal/Terminal/Terminal.csproj]
/Users/jangminho/development/checkout/terminal/Terminal/ViewModels/MainViewModel.cs(704,24): warning CS1998: This async method lacks 'await' operators and will run synchronously. Consider using the 'await' operator to await non-blocking API calls, or 'await Task.Run(...)' to do CPU-bound work on a background thread. [/Users/jangminho/development/checkout/terminal/Terminal/Terminal.csproj]
/Users/jangminho/development/checkout/terminal/Terminal/ViewModels/MainViewModel.cs(1038,24): warning CS1998: This async method lacks 'await' operators and will run synchronously. Consider using the 'await' operator to await non-blocking API calls, or 'await Task.Run(...)' to do CPU-bound work on a background thread. [/Users/jangminho/development/checkout/terminal/Terminal/Terminal.csproj]
/Users/jangminho/development/checkout/terminal/Terminal/ViewModels/MainViewModel.cs(97,41): warning MVVMTK0034: The field Terminal.ViewModels.MainViewModel._settingsPinInput is annotated with [ObservableProperty] and should not be directly referenced (use the generated property instead) (https://aka.ms/mvvmtoolkit/errors/mvvmtk0034) [/Users/jangminho/development/checkout/terminal/Terminal/Terminal.csproj]
/Users/jangminho/development/checkout/terminal/Terminal/Views/MainWindow.axaml(521,24,521,24): Avalonia error AVLN2000: Unable to resolve type BoolToStringConverter from namespace clr-namespace:Terminal.Converters Line 521, position 24. [/Users/jangminho/development/checkout/terminal/Terminal/Terminal.csproj]
/Users/jangminho/development/checkout/terminal/Terminal/Views/MainWindow.axaml(521,24,521,24): Avalonia error AVLN2000: Unable to resolve type BoolToStringConverter from namespace clr-namespace:Terminal.Converters Line 521, position 24. [/Users/jangminho/development/checkout/terminal/Terminal/Terminal.csproj]
/Users/jangminho/development/checkout/terminal/Terminal/Views/MainWindow.axaml(521,24,521,24): Avalonia error AVLN2000: Unable to resolve type BoolToStringConverter from namespace clr-namespace:Terminal.Converters Line 521, position 24. [/Users/jangminho/development/checkout/terminal/Terminal/Terminal.csproj]
/Users/jangminho/development/checkout/terminal/Terminal/Views/MainWindow.axaml(521,24,521,24): Avalonia error AVLN2000: Unable to resolve type BoolToStringConverter from namespace clr-namespace:Terminal.Converters Line 521, position 24. [/Users/jangminho/development/checkout/terminal/Terminal/Terminal.csproj]
/Users/jangminho/development/checkout/terminal/Terminal/Views/MainWindow.axaml(521,24,521,24): Avalonia error AVLN2000: Unable to resolve type BoolToStringConverter from namespace clr-namespace:Terminal.Converters Line 521, position 24. [/Users/jangminho/development/checkout/terminal/Terminal/Terminal.csproj]
/Users/jangminho/development/checkout/terminal/Terminal/Views/MainWindow.axaml(521,24,521,24): Avalonia error AVLN2000: Unable to resolve suitable regular or attached property TrueValue on type :.{Unknown type} Line 521, position 24. [/Users/jangminho/development/checkout/terminal/Terminal/Terminal.csproj]
/Users/jangminho/development/checkout/terminal/Terminal/Views/MainWindow.axaml(521,24,521,24): Avalonia error AVLN2000: Unable to resolve suitable regular or attached property FalseValue on type :.{Unknown type} Line 521, position 24. [/Users/jangminho/development/checkout/terminal/Terminal/Terminal.csproj]

Build FAILED.

/Users/jangminho/development/checkout/terminal/Terminal/Terminal.csproj : warning NU1903: Package 'Tmds.DBus.Protocol' 0.20.0 has a known high severity vulnerability, https://github.com/advisories/GHSA-xrw6-gwf8-vvr9
/Users/jangminho/development/checkout/terminal/Terminal/Terminal.csproj : warning NU1903: Package 'Tmds.DBus.Protocol' 0.20.0 has a known high severity vulnerability, https://github.com/advisories/GHSA-xrw6-gwf8-vvr9
/Users/jangminho/development/checkout/terminal/Terminal/Models/CartItem.cs(31,18): warning CS8826: Partial method declarations 'void CartItem.OnUnitPriceChanged(decimal value)' and 'void CartItem.OnUnitPriceChanged(decimal _)' have signature differences. [/Users/jangminho/development/checkout/terminal/Terminal/Terminal.csproj]
/Users/jangminho/development/checkout/terminal/Terminal/Models/CartItem.cs(32,18): warning CS8826: Partial method declarations 'void CartItem.OnWeightStatusChanged(string value)' and 'void CartItem.OnWeightStatusChanged(string _)' have signature differences. [/Users/jangminho/development/checkout/terminal/Terminal/Terminal.csproj]
/Users/jangminho/development/checkout/terminal/Terminal/ViewModels/MainViewModel.cs(165,18): warning CS8826: Partial method declarations 'void MainViewModel.OnBonusPointsInputChanged(string value)' and 'void MainViewModel.OnBonusPointsInputChanged(string _)' have signature differences. [/Users/jangminho/development/checkout/terminal/Terminal/Terminal.csproj]
/Users/jangminho/development/checkout/terminal/Terminal/ViewModels/MainViewModel.cs(219,18): warning CS8826: Partial method declarations 'void MainViewModel.OnCurrentMemberChanged(LoyaltyMemberInfo? value)' and 'void MainViewModel.OnCurrentMemberChanged(LoyaltyMemberInfo? _)' have signature differences. [/Users/jangminho/development/checkout/terminal/Terminal/Terminal.csproj]
/Users/jangminho/development/checkout/terminal/Terminal/ViewModels/MainViewModel.cs(225,18): warning CS8826: Partial method declarations 'void MainViewModel.OnPointsEarnedChanged(int value)' and 'void MainViewModel.OnPointsEarnedChanged(int _)' have signature differences. [/Users/jangminho/development/checkout/terminal/Terminal/Terminal.csproj]
/Users/jangminho/development/checkout/terminal/Terminal/ViewModels/MainViewModel.cs(228,18): warning CS8826: Partial method declarations 'void MainViewModel.OnLoyaltyDiscountChanged(decimal value)' and 'void MainViewModel.OnLoyaltyDiscountChanged(decimal _)' have signature differences. [/Users/jangminho/development/checkout/terminal/Terminal/Terminal.csproj]
/Users/jangminho/development/checkout/terminal/Terminal/ViewModels/MainViewModel.cs(235,18): warning CS8826: Partial method declarations 'void MainViewModel.OnPaymentMethodChanged(string value)' and 'void MainViewModel.OnPaymentMethodChanged(string _)' have signature differences. [/Users/jangminho/development/checkout/terminal/Terminal/Terminal.csproj]
/Users/jangminho/development/checkout/terminal/Terminal/ViewModels/MainViewModel.cs(242,18): warning CS8826: Partial method declarations 'void MainViewModel.OnCashInsertedChanged(decimal value)' and 'void MainViewModel.OnCashInsertedChanged(decimal _)' have signature differences. [/Users/jangminho/development/checkout/terminal/Terminal/Terminal.csproj]
/Users/jangminho/development/checkout/terminal/Terminal/ViewModels/MainViewModel.cs(704,24): warning CS1998: This async method lacks 'await' operators and will run synchronously. Consider using the 'await' operator to await non-blocking API calls, or 'await Task.Run(...)' to do CPU-bound work on a background thread. [/Users/jangminho/development/checkout/terminal/Terminal/Terminal.csproj]
/Users/jangminho/development/checkout/terminal/Terminal/ViewModels/MainViewModel.cs(1038,24): warning CS1998: This async method lacks 'await' operators and will run synchronously. Consider using the 'await' operator to await non-blocking API calls, or 'await Task.Run(...)' to do CPU-bound work on a background thread. [/Users/jangminho/development/checkout/terminal/Terminal/Terminal.csproj]
/Users/jangminho/development/checkout/terminal/Terminal/ViewModels/MainViewModel.cs(97,41): warning MVVMTK0034: The field Terminal.ViewModels.MainViewModel._settingsPinInput is annotated with [ObservableProperty] and should not be directly referenced (use the generated property instead) (https://aka.ms/mvvmtoolkit/errors/mvvmtk0034) [/Users/jangminho/development/checkout/terminal/Terminal/Terminal.csproj]
/Users/jangminho/development/checkout/terminal/Terminal/Views/MainWindow.axaml(521,24,521,24): Avalonia error AVLN2000: Unable to resolve type BoolToStringConverter from namespace clr-namespace:Terminal.Converters Line 521, position 24. [/Users/jangminho/development/checkout/terminal/Terminal/Terminal.csproj]
/Users/jangminho/development/checkout/terminal/Terminal/Views/MainWindow.axaml(521,24,521,24): Avalonia error AVLN2000: Unable to resolve type BoolToStringConverter from namespace clr-namespace:Terminal.Converters Line 521, position 24. [/Users/jangminho/development/checkout/terminal/Terminal/Terminal.csproj]
/Users/jangminho/development/checkout/terminal/Terminal/Views/MainWindow.axaml(521,24,521,24): Avalonia error AVLN2000: Unable to resolve type BoolToStringConverter from namespace clr-namespace:Terminal.Converters Line 521, position 24. [/Users/jangminho/development/checkout/terminal/Terminal/Terminal.csproj]
/Users/jangminho/development/checkout/terminal/Terminal/Views/MainWindow.axaml(521,24,521,24): Avalonia error AVLN2000: Unable to resolve type BoolToStringConverter from namespace clr-namespace:Terminal.Converters Line 521, position 24. [/Users/jangminho/development/checkout/terminal/Terminal/Terminal.csproj]
/Users/jangminho/development/checkout/terminal/Terminal/Views/MainWindow.axaml(521,24,521,24): Avalonia error AVLN2000: Unable to resolve type BoolToStringConverter from namespace clr-namespace:Terminal.Converters Line 521, position 24. [/Users/jangminho/development/checkout/terminal/Terminal/Terminal.csproj]
/Users/jangminho/development/checkout/terminal/Terminal/Views/MainWindow.axaml(521,24,521,24): Avalonia error AVLN2000: Unable to resolve suitable regular or attached property TrueValue on type :.{Unknown type} Line 521, position 24. [/Users/jangminho/development/checkout/terminal/Terminal/Terminal.csproj]
/Users/jangminho/development/checkout/terminal/Terminal/Views/MainWindow.axaml(521,24,521,24): Avalonia error AVLN2000: Unable to resolve suitable regular or attached property FalseValue on type :.{Unknown type} Line 521, position 24. [/Users/jangminho/development/checkout/terminal/Terminal/Terminal.csproj]
    13 Warning(s)
    7 Error(s)

Time Elapsed 00:00:03.26
/Users/jangminho/development/checkout/terminal/Terminal/Terminal.csproj : warning NU1903: Package 'Tmds.DBus.Protocol' 0.20.0 has a known high severity vulnerability, https://github.com/advisories/GHSA-xrw6-gwf8-vvr9
/Users/jangminho/development/checkout/terminal/Terminal/Terminal.csproj : warning NU1903: Package 'Tmds.DBus.Protocol' 0.20.0 has a known high severity vulnerability, https://github.com/advisories/GHSA-xrw6-gwf8-vvr9
/Users/jangminho/development/checkout/terminal/Terminal/Views/MainWindow.axaml(521,24,521,24): Avalonia error AVLN2000: Unable to resolve type BoolToStringConverter from namespace clr-namespace:Terminal.Converters Line 521, position 24. [/Users/jangminho/development/checkout/terminal/Terminal/Terminal.csproj]
/Users/jangminho/development/checkout/terminal/Terminal/Views/MainWindow.axaml(521,24,521,24): Avalonia error AVLN2000: Unable to resolve type BoolToStringConverter from namespace clr-namespace:Terminal.Converters Line 521, position 24. [/Users/jangminho/development/checkout/terminal/Terminal/Terminal.csproj]
/Users/jangminho/development/checkout/terminal/Terminal/Views/MainWindow.axaml(521,24,521,24): Avalonia error AVLN2000: Unable to resolve type BoolToStringConverter from namespace clr-namespace:Terminal.Converters Line 521, position 24. [/Users/jangminho/development/checkout/terminal/Terminal/Terminal.csproj]
/Users/jangminho/development/checkout/terminal/Terminal/Views/MainWindow.axaml(521,24,521,24): Avalonia error AVLN2000: Unable to resolve type BoolToStringConverter from namespace clr-namespace:Terminal.Converters Line 521, position 24. [/Users/jangminho/development/checkout/terminal/Terminal/Terminal.csproj]
/Users/jangminho/development/checkout/terminal/Terminal/Views/MainWindow.axaml(521,24,521,24): Avalonia error AVLN2000: Unable to resolve type BoolToStringConverter from namespace clr-namespace:Terminal.Converters Line 521, position 24. [/Users/jangminho/development/checkout/terminal/Terminal/Terminal.csproj]
/Users/jangminho/development/checkout/terminal/Terminal/Views/MainWindow.axaml(521,24,521,24): Avalonia error AVLN2000: Unable to resolve suitable regular or attached property TrueValue on type :.{Unknown type} Line 521, position 24. [/Users/jangminho/development/checkout/terminal/Terminal/Terminal.csproj]
/Users/jangminho/development/checkout/terminal/Terminal/Views/MainWindow.axaml(521,24,521,24): Avalonia error AVLN2000: Unable to resolve suitable regular or attached property FalseValue on type :.{Unknown type} Line 521, position 24. [/Users/jangminho/development/checkout/terminal/Terminal/Terminal.csproj]

Build FAILED.

/Users/jangminho/development/checkout/terminal/Terminal/Terminal.csproj : warning NU1903: Package 'Tmds.DBus.Protocol' 0.20.0 has a known high severity vulnerability, https://github.com/advisories/GHSA-xrw6-gwf8-vvr9
/Users/jangminho/development/checkout/terminal/Terminal/Terminal.csproj : warning NU1903: Package 'Tmds.DBus.Protocol' 0.20.0 has a known high severity vulnerability, https://github.com/advisories/GHSA-xrw6-gwf8-vvr9
/Users/jangminho/development/checkout/terminal/Terminal/Views/MainWindow.axaml(521,24,521,24): Avalonia error AVLN2000: Unable to resolve type BoolToStringConverter from namespace clr-namespace:Terminal.Converters Line 521, position 24. [/Users/jangminho/development/checkout/terminal/Terminal/Terminal.csproj]
/Users/jangminho/development/checkout/terminal/Terminal/Views/MainWindow.axaml(521,24,521,24): Avalonia error AVLN2000: Unable to resolve type BoolToStringConverter from namespace clr-namespace:Terminal.Converters Line 521, position 24. [/Users/jangminho/development/checkout/terminal/Terminal/Terminal.csproj]
/Users/jangminho/development/checkout/terminal/Terminal/Views/MainWindow.axaml(521,24,521,24): Avalonia error AVLN2000: Unable to resolve type BoolToStringConverter from namespace clr-namespace:Terminal.Converters Line 521, position 24. [/Users/jangminho/development/checkout/terminal/Terminal/Terminal.csproj]
/Users/jangminho/development/checkout/terminal/Terminal/Views/MainWindow.axaml(521,24,521,24): Avalonia error AVLN2000: Unable to resolve type BoolToStringConverter from namespace clr-namespace:Terminal.Converters Line 521, position 24. [/Users/jangminho/development/checkout/terminal/Terminal/Terminal.csproj]
/Users/jangminho/development/checkout/terminal/Terminal/Views/MainWindow.axaml(521,24,521,24): Avalonia error AVLN2000: Unable to resolve type BoolToStringConverter from namespace clr-namespace:Terminal.Converters Line 521, position 24. [/Users/jangminho/development/checkout/terminal/Terminal/Terminal.csproj]
/Users/jangminho/development/checkout/terminal/Terminal/Views/MainWindow.axaml(521,24,521,24): Avalonia error AVLN2000: Unable to resolve suitable regular or attached property TrueValue on type :.{Unknown type} Line 521, position 24. [/Users/jangminho/development/checkout/terminal/Terminal/Terminal.csproj]
/Users/jangminho/development/checkout/terminal/Terminal/Views/MainWindow.axaml(521,24,521,24): Avalonia error AVLN2000: Unable to resolve suitable regular or attached property FalseValue on type :.{Unknown type} Line 521, position 24. [/Users/jangminho/development/checkout/terminal/Terminal/Terminal.csproj]
    2 Warning(s)
    7 Error(s)

Time Elapsed 00:00:01.56
/Users/jangminho/development/checkout/terminal/Terminal/Terminal.csproj : warning NU1903: Package 'Tmds.DBus.Protocol' 0.20.0 has a known high severity vulnerability, https://github.com/advisories/GHSA-xrw6-gwf8-vvr9
/Users/jangminho/development/checkout/terminal/Terminal/Terminal.csproj : warning NU1903: Package 'Tmds.DBus.Protocol' 0.20.0 has a known high severity vulnerability, https://github.com/advisories/GHSA-xrw6-gwf8-vvr9
/Users/jangminho/development/checkout/terminal/Terminal/Models/CartItem.cs(31,18): warning CS8826: Partial method declarations 'void CartItem.OnUnitPriceChanged(decimal value)' and 'void CartItem.OnUnitPriceChanged(decimal _)' have signature differences. [/Users/jangminho/development/checkout/terminal/Terminal/Terminal.csproj]
/Users/jangminho/development/checkout/terminal/Terminal/Models/CartItem.cs(32,18): warning CS8826: Partial method declarations 'void CartItem.OnWeightStatusChanged(string value)' and 'void CartItem.OnWeightStatusChanged(string _)' have signature differences. [/Users/jangminho/development/checkout/terminal/Terminal/Terminal.csproj]
/Users/jangminho/development/checkout/terminal/Terminal/ViewModels/MainViewModel.cs(165,18): warning CS8826: Partial method declarations 'void MainViewModel.OnBonusPointsInputChanged(string value)' and 'void MainViewModel.OnBonusPointsInputChanged(string _)' have signature differences. [/Users/jangminho/development/checkout/terminal/Terminal/Terminal.csproj]
/Users/jangminho/development/checkout/terminal/Terminal/ViewModels/MainViewModel.cs(219,18): warning CS8826: Partial method declarations 'void MainViewModel.OnCurrentMemberChanged(LoyaltyMemberInfo? value)' and 'void MainViewModel.OnCurrentMemberChanged(LoyaltyMemberInfo? _)' have signature differences. [/Users/jangminho/development/checkout/terminal/Terminal/Terminal.csproj]
/Users/jangminho/development/checkout/terminal/Terminal/ViewModels/MainViewModel.cs(225,18): warning CS8826: Partial method declarations 'void MainViewModel.OnPointsEarnedChanged(int value)' and 'void MainViewModel.OnPointsEarnedChanged(int _)' have signature differences. [/Users/jangminho/development/checkout/terminal/Terminal/Terminal.csproj]
/Users/jangminho/development/checkout/terminal/Terminal/ViewModels/MainViewModel.cs(228,18): warning CS8826: Partial method declarations 'void MainViewModel.OnLoyaltyDiscountChanged(decimal value)' and 'void MainViewModel.OnLoyaltyDiscountChanged(decimal _)' have signature differences. [/Users/jangminho/development/checkout/terminal/Terminal/Terminal.csproj]
/Users/jangminho/development/checkout/terminal/Terminal/ViewModels/MainViewModel.cs(235,18): warning CS8826: Partial method declarations 'void MainViewModel.OnPaymentMethodChanged(string value)' and 'void MainViewModel.OnPaymentMethodChanged(string _)' have signature differences. [/Users/jangminho/development/checkout/terminal/Terminal/Terminal.csproj]
/Users/jangminho/development/checkout/terminal/Terminal/ViewModels/MainViewModel.cs(242,18): warning CS8826: Partial method declarations 'void MainViewModel.OnCashInsertedChanged(decimal value)' and 'void MainViewModel.OnCashInsertedChanged(decimal _)' have signature differences. [/Users/jangminho/development/checkout/terminal/Terminal/Terminal.csproj]
/Users/jangminho/development/checkout/terminal/Terminal/ViewModels/MainViewModel.cs(692,24): warning CS1998: This async method lacks 'await' operators and will run synchronously. Consider using the 'await' operator to await non-blocking API calls, or 'await Task.Run(...)' to do CPU-bound work on a background thread. [/Users/jangminho/development/checkout/terminal/Terminal/Terminal.csproj]
/Users/jangminho/development/checkout/terminal/Terminal/ViewModels/MainViewModel.cs(1026,24): warning CS1998: This async method lacks 'await' operators and will run synchronously. Consider using the 'await' operator to await non-blocking API calls, or 'await Task.Run(...)' to do CPU-bound work on a background thread. [/Users/jangminho/development/checkout/terminal/Terminal/Terminal.csproj]
/Users/jangminho/development/checkout/terminal/Terminal/ViewModels/MainViewModel.cs(97,41): warning MVVMTK0034: The field Terminal.ViewModels.MainViewModel._settingsPinInput is annotated with [ObservableProperty] and should not be directly referenced (use the generated property instead) (https://aka.ms/mvvmtoolkit/errors/mvvmtk0034) [/Users/jangminho/development/checkout/terminal/Terminal/Terminal.csproj]
/Users/jangminho/development/checkout/terminal/Terminal/Views/MainWindow.axaml(521,24,521,24): Avalonia error AVLN2000: Unable to resolve type BoolToStringConverter from namespace clr-namespace:Terminal.Converters Line 521, position 24. [/Users/jangminho/development/checkout/terminal/Terminal/Terminal.csproj]
/Users/jangminho/development/checkout/terminal/Terminal/Views/MainWindow.axaml(521,24,521,24): Avalonia error AVLN2000: Unable to resolve type BoolToStringConverter from namespace clr-namespace:Terminal.Converters Line 521, position 24. [/Users/jangminho/development/checkout/terminal/Terminal/Terminal.csproj]
/Users/jangminho/development/checkout/terminal/Terminal/Views/MainWindow.axaml(521,24,521,24): Avalonia error AVLN2000: Unable to resolve type BoolToStringConverter from namespace clr-namespace:Terminal.Converters Line 521, position 24. [/Users/jangminho/development/checkout/terminal/Terminal/Terminal.csproj]
/Users/jangminho/development/checkout/terminal/Terminal/Views/MainWindow.axaml(521,24,521,24): Avalonia error AVLN2000: Unable to resolve type BoolToStringConverter from namespace clr-namespace:Terminal.Converters Line 521, position 24. [/Users/jangminho/development/checkout/terminal/Terminal/Terminal.csproj]
/Users/jangminho/development/checkout/terminal/Terminal/Views/MainWindow.axaml(521,24,521,24): Avalonia error AVLN2000: Unable to resolve type BoolToStringConverter from namespace clr-namespace:Terminal.Converters Line 521, position 24. [/Users/jangminho/development/checkout/terminal/Terminal/Terminal.csproj]
/Users/jangminho/development/checkout/terminal/Terminal/Views/MainWindow.axaml(521,24,521,24): Avalonia error AVLN2000: Unable to resolve suitable regular or attached property TrueValue on type :.{Unknown type} Line 521, position 24. [/Users/jangminho/development/checkout/terminal/Terminal/Terminal.csproj]
/Users/jangminho/development/checkout/terminal/Terminal/Views/MainWindow.axaml(521,24,521,24): Avalonia error AVLN2000: Unable to resolve suitable regular or attached property FalseValue on type :.{Unknown type} Line 521, position 24. [/Users/jangminho/development/checkout/terminal/Terminal/Terminal.csproj]

Build FAILED.

/Users/jangminho/development/checkout/terminal/Terminal/Terminal.csproj : warning NU1903: Package 'Tmds.DBus.Protocol' 0.20.0 has a known high severity vulnerability, https://github.com/advisories/GHSA-xrw6-gwf8-vvr9
/Users/jangminho/development/checkout/terminal/Terminal/Terminal.csproj : warning NU1903: Package 'Tmds.DBus.Protocol' 0.20.0 has a known high severity vulnerability, https://github.com/advisories/GHSA-xrw6-gwf8-vvr9
/Users/jangminho/development/checkout/terminal/Terminal/Models/CartItem.cs(31,18): warning CS8826: Partial method declarations 'void CartItem.OnUnitPriceChanged(decimal value)' and 'void CartItem.OnUnitPriceChanged(decimal _)' have signature differences. [/Users/jangminho/development/checkout/terminal/Terminal/Terminal.csproj]
/Users/jangminho/development/checkout/terminal/Terminal/Models/CartItem.cs(32,18): warning CS8826: Partial method declarations 'void CartItem.OnWeightStatusChanged(string value)' and 'void CartItem.OnWeightStatusChanged(string _)' have signature differences. [/Users/jangminho/development/checkout/terminal/Terminal/Terminal.csproj]
/Users/jangminho/development/checkout/terminal/Terminal/ViewModels/MainViewModel.cs(165,18): warning CS8826: Partial method declarations 'void MainViewModel.OnBonusPointsInputChanged(string value)' and 'void MainViewModel.OnBonusPointsInputChanged(string _)' have signature differences. [/Users/jangminho/development/checkout/terminal/Terminal/Terminal.csproj]
/Users/jangminho/development/checkout/terminal/Terminal/ViewModels/MainViewModel.cs(219,18): warning CS8826: Partial method declarations 'void MainViewModel.OnCurrentMemberChanged(LoyaltyMemberInfo? value)' and 'void MainViewModel.OnCurrentMemberChanged(LoyaltyMemberInfo? _)' have signature differences. [/Users/jangminho/development/checkout/terminal/Terminal/Terminal.csproj]
/Users/jangminho/development/checkout/terminal/Terminal/ViewModels/MainViewModel.cs(225,18): warning CS8826: Partial method declarations 'void MainViewModel.OnPointsEarnedChanged(int value)' and 'void MainViewModel.OnPointsEarnedChanged(int _)' have signature differences. [/Users/jangminho/development/checkout/terminal/Terminal/Terminal.csproj]
/Users/jangminho/development/checkout/terminal/Terminal/ViewModels/MainViewModel.cs(228,18): warning CS8826: Partial method declarations 'void MainViewModel.OnLoyaltyDiscountChanged(decimal value)' and 'void MainViewModel.OnLoyaltyDiscountChanged(decimal _)' have signature differences. [/Users/jangminho/development/checkout/terminal/Terminal/Terminal.csproj]
/Users/jangminho/development/checkout/terminal/Terminal/ViewModels/MainViewModel.cs(235,18): warning CS8826: Partial method declarations 'void MainViewModel.OnPaymentMethodChanged(string value)' and 'void MainViewModel.OnPaymentMethodChanged(string _)' have signature differences. [/Users/jangminho/development/checkout/terminal/Terminal/Terminal.csproj]
/Users/jangminho/development/checkout/terminal/Terminal/ViewModels/MainViewModel.cs(242,18): warning CS8826: Partial method declarations 'void MainViewModel.OnCashInsertedChanged(decimal value)' and 'void MainViewModel.OnCashInsertedChanged(decimal _)' have signature differences. [/Users/jangminho/development/checkout/terminal/Terminal/Terminal.csproj]
/Users/jangminho/development/checkout/terminal/Terminal/ViewModels/MainViewModel.cs(692,24): warning CS1998: This async method lacks 'await' operators and will run synchronously. Consider using the 'await' operator to await non-blocking API calls, or 'await Task.Run(...)' to do CPU-bound work on a background thread. [/Users/jangminho/development/checkout/terminal/Terminal/Terminal.csproj]
/Users/jangminho/development/checkout/terminal/Terminal/ViewModels/MainViewModel.cs(1026,24): warning CS1998: This async method lacks 'await' operators and will run synchronously. Consider using the 'await' operator to await non-blocking API calls, or 'await Task.Run(...)' to do CPU-bound work on a background thread. [/Users/jangminho/development/checkout/terminal/Terminal/Terminal.csproj]
/Users/jangminho/development/checkout/terminal/Terminal/ViewModels/MainViewModel.cs(97,41): warning MVVMTK0034: The field Terminal.ViewModels.MainViewModel._settingsPinInput is annotated with [ObservableProperty] and should not be directly referenced (use the generated property instead) (https://aka.ms/mvvmtoolkit/errors/mvvmtk0034) [/Users/jangminho/development/checkout/terminal/Terminal/Terminal.csproj]
/Users/jangminho/development/checkout/terminal/Terminal/Views/MainWindow.axaml(521,24,521,24): Avalonia error AVLN2000: Unable to resolve type BoolToStringConverter from namespace clr-namespace:Terminal.Converters Line 521, position 24. [/Users/jangminho/development/checkout/terminal/Terminal/Terminal.csproj]
/Users/jangminho/development/checkout/terminal/Terminal/Views/MainWindow.axaml(521,24,521,24): Avalonia error AVLN2000: Unable to resolve type BoolToStringConverter from namespace clr-namespace:Terminal.Converters Line 521, position 24. [/Users/jangminho/development/checkout/terminal/Terminal/Terminal.csproj]
/Users/jangminho/development/checkout/terminal/Terminal/Views/MainWindow.axaml(521,24,521,24): Avalonia error AVLN2000: Unable to resolve type BoolToStringConverter from namespace clr-namespace:Terminal.Converters Line 521, position 24. [/Users/jangminho/development/checkout/terminal/Terminal/Terminal.csproj]
/Users/jangminho/development/checkout/terminal/Terminal/Views/MainWindow.axaml(521,24,521,24): Avalonia error AVLN2000: Unable to resolve type BoolToStringConverter from namespace clr-namespace:Terminal.Converters Line 521, position 24. [/Users/jangminho/development/checkout/terminal/Terminal/Terminal.csproj]
/Users/jangminho/development/checkout/terminal/Terminal/Views/MainWindow.axaml(521,24,521,24): Avalonia error AVLN2000: Unable to resolve type BoolToStringConverter from namespace clr-namespace:Terminal.Converters Line 521, position 24. [/Users/jangminho/development/checkout/terminal/Terminal/Terminal.csproj]
/Users/jangminho/development/checkout/terminal/Terminal/Views/MainWindow.axaml(521,24,521,24): Avalonia error AVLN2000: Unable to resolve suitable regular or attached property TrueValue on type :.{Unknown type} Line 521, position 24. [/Users/jangminho/development/checkout/terminal/Terminal/Terminal.csproj]
/Users/jangminho/development/checkout/terminal/Terminal/Views/MainWindow.axaml(521,24,521,24): Avalonia error AVLN2000: Unable to resolve suitable regular or attached property FalseValue on type :.{Unknown type} Line 521, position 24. [/Users/jangminho/development/checkout/terminal/Terminal/Terminal.csproj]
    13 Warning(s)
    7 Error(s)

Time Elapsed 00:00:02.56
/Users/jangminho/development/checkout/terminal/Terminal/Terminal.csproj : warning NU1903: Package 'Tmds.DBus.Protocol' 0.20.0 has a known high severity vulnerability, https://github.com/advisories/GHSA-xrw6-gwf8-vvr9
/Users/jangminho/development/checkout/terminal/Terminal/Terminal.csproj : warning NU1903: Package 'Tmds.DBus.Protocol' 0.20.0 has a known high severity vulnerability, https://github.com/advisories/GHSA-xrw6-gwf8-vvr9
/Users/jangminho/development/checkout/terminal/Terminal/Models/CartItem.cs(31,18): warning CS8826: Partial method declarations 'void CartItem.OnUnitPriceChanged(decimal value)' and 'void CartItem.OnUnitPriceChanged(decimal _)' have signature differences. [/Users/jangminho/development/checkout/terminal/Terminal/Terminal.csproj]
/Users/jangminho/development/checkout/terminal/Terminal/Models/CartItem.cs(32,18): warning CS8826: Partial method declarations 'void CartItem.OnWeightStatusChanged(string value)' and 'void CartItem.OnWeightStatusChanged(string _)' have signature differences. [/Users/jangminho/development/checkout/terminal/Terminal/Terminal.csproj]
/Users/jangminho/development/checkout/terminal/Terminal/ViewModels/MainViewModel.cs(165,18): warning CS8826: Partial method declarations 'void MainViewModel.OnBonusPointsInputChanged(string value)' and 'void MainViewModel.OnBonusPointsInputChanged(string _)' have signature differences. [/Users/jangminho/development/checkout/terminal/Terminal/Terminal.csproj]
/Users/jangminho/development/checkout/terminal/Terminal/ViewModels/MainViewModel.cs(219,18): warning CS8826: Partial method declarations 'void MainViewModel.OnCurrentMemberChanged(LoyaltyMemberInfo? value)' and 'void MainViewModel.OnCurrentMemberChanged(LoyaltyMemberInfo? _)' have signature differences. [/Users/jangminho/development/checkout/terminal/Terminal/Terminal.csproj]
/Users/jangminho/development/checkout/terminal/Terminal/ViewModels/MainViewModel.cs(225,18): warning CS8826: Partial method declarations 'void MainViewModel.OnPointsEarnedChanged(int value)' and 'void MainViewModel.OnPointsEarnedChanged(int _)' have signature differences. [/Users/jangminho/development/checkout/terminal/Terminal/Terminal.csproj]
/Users/jangminho/development/checkout/terminal/Terminal/ViewModels/MainViewModel.cs(228,18): warning CS8826: Partial method declarations 'void MainViewModel.OnLoyaltyDiscountChanged(decimal value)' and 'void MainViewModel.OnLoyaltyDiscountChanged(decimal _)' have signature differences. [/Users/jangminho/development/checkout/terminal/Terminal/Terminal.csproj]
/Users/jangminho/development/checkout/terminal/Terminal/ViewModels/MainViewModel.cs(235,18): warning CS8826: Partial method declarations 'void MainViewModel.OnPaymentMethodChanged(string value)' and 'void MainViewModel.OnPaymentMethodChanged(string _)' have signature differences. [/Users/jangminho/development/checkout/terminal/Terminal/Terminal.csproj]
/Users/jangminho/development/checkout/terminal/Terminal/ViewModels/MainViewModel.cs(242,18): warning CS8826: Partial method declarations 'void MainViewModel.OnCashInsertedChanged(decimal value)' and 'void MainViewModel.OnCashInsertedChanged(decimal _)' have signature differences. [/Users/jangminho/development/checkout/terminal/Terminal/Terminal.csproj]
/Users/jangminho/development/checkout/terminal/Terminal/ViewModels/MainViewModel.cs(692,24): warning CS1998: This async method lacks 'await' operators and will run synchronously. Consider using the 'await' operator to await non-blocking API calls, or 'await Task.Run(...)' to do CPU-bound work on a background thread. [/Users/jangminho/development/checkout/terminal/Terminal/Terminal.csproj]
/Users/jangminho/development/checkout/terminal/Terminal/ViewModels/MainViewModel.cs(1026,24): warning CS1998: This async method lacks 'await' operators and will run synchronously. Consider using the 'await' operator to await non-blocking API calls, or 'await Task.Run(...)' to do CPU-bound work on a background thread. [/Users/jangminho/development/checkout/terminal/Terminal/Terminal.csproj]
/Users/jangminho/development/checkout/terminal/Terminal/ViewModels/MainViewModel.cs(97,41): warning MVVMTK0034: The field Terminal.ViewModels.MainViewModel._settingsPinInput is annotated with [ObservableProperty] and should not be directly referenced (use the generated property instead) (https://aka.ms/mvvmtoolkit/errors/mvvmtk0034) [/Users/jangminho/development/checkout/terminal/Terminal/Terminal.csproj]
/Users/jangminho/development/checkout/terminal/Terminal/Views/MainWindow.axaml(521,24,521,24): Avalonia error AVLN2000: Unable to resolve type BoolToStringConverter from namespace clr-namespace:Terminal.Converters Line 521, position 24. [/Users/jangminho/development/checkout/terminal/Terminal/Terminal.csproj]
/Users/jangminho/development/checkout/terminal/Terminal/Views/MainWindow.axaml(521,24,521,24): Avalonia error AVLN2000: Unable to resolve type BoolToStringConverter from namespace clr-namespace:Terminal.Converters Line 521, position 24. [/Users/jangminho/development/checkout/terminal/Terminal/Terminal.csproj]
/Users/jangminho/development/checkout/terminal/Terminal/Views/MainWindow.axaml(521,24,521,24): Avalonia error AVLN2000: Unable to resolve type BoolToStringConverter from namespace clr-namespace:Terminal.Converters Line 521, position 24. [/Users/jangminho/development/checkout/terminal/Terminal/Terminal.csproj]
/Users/jangminho/development/checkout/terminal/Terminal/Views/MainWindow.axaml(521,24,521,24): Avalonia error AVLN2000: Unable to resolve type BoolToStringConverter from namespace clr-namespace:Terminal.Converters Line 521, position 24. [/Users/jangminho/development/checkout/terminal/Terminal/Terminal.csproj]
/Users/jangminho/development/checkout/terminal/Terminal/Views/MainWindow.axaml(521,24,521,24): Avalonia error AVLN2000: Unable to resolve type BoolToStringConverter from namespace clr-namespace:Terminal.Converters Line 521, position 24. [/Users/jangminho/development/checkout/terminal/Terminal/Terminal.csproj]
/Users/jangminho/development/checkout/terminal/Terminal/Views/MainWindow.axaml(521,24,521,24): Avalonia error AVLN2000: Unable to resolve suitable regular or attached property TrueValue on type :.{Unknown type} Line 521, position 24. [/Users/jangminho/development/checkout/terminal/Terminal/Terminal.csproj]
/Users/jangminho/development/checkout/terminal/Terminal/Views/MainWindow.axaml(521,24,521,24): Avalonia error AVLN2000: Unable to resolve suitable regular or attached property FalseValue on type :.{Unknown type} Line 521, position 24. [/Users/jangminho/development/checkout/terminal/Terminal/Terminal.csproj]

Build FAILED.

/Users/jangminho/development/checkout/terminal/Terminal/Terminal.csproj : warning NU1903: Package 'Tmds.DBus.Protocol' 0.20.0 has a known high severity vulnerability, https://github.com/advisories/GHSA-xrw6-gwf8-vvr9
/Users/jangminho/development/checkout/terminal/Terminal/Terminal.csproj : warning NU1903: Package 'Tmds.DBus.Protocol' 0.20.0 has a known high severity vulnerability, https://github.com/advisories/GHSA-xrw6-gwf8-vvr9
/Users/jangminho/development/checkout/terminal/Terminal/Models/CartItem.cs(31,18): warning CS8826: Partial method declarations 'void CartItem.OnUnitPriceChanged(decimal value)' and 'void CartItem.OnUnitPriceChanged(decimal _)' have signature differences. [/Users/jangminho/development/checkout/terminal/Terminal/Terminal.csproj]
/Users/jangminho/development/checkout/terminal/Terminal/Models/CartItem.cs(32,18): warning CS8826: Partial method declarations 'void CartItem.OnWeightStatusChanged(string value)' and 'void CartItem.OnWeightStatusChanged(string _)' have signature differences. [/Users/jangminho/development/checkout/terminal/Terminal/Terminal.csproj]
/Users/jangminho/development/checkout/terminal/Terminal/ViewModels/MainViewModel.cs(165,18): warning CS8826: Partial method declarations 'void MainViewModel.OnBonusPointsInputChanged(string value)' and 'void MainViewModel.OnBonusPointsInputChanged(string _)' have signature differences. [/Users/jangminho/development/checkout/terminal/Terminal/Terminal.csproj]
/Users/jangminho/development/checkout/terminal/Terminal/ViewModels/MainViewModel.cs(219,18): warning CS8826: Partial method declarations 'void MainViewModel.OnCurrentMemberChanged(LoyaltyMemberInfo? value)' and 'void MainViewModel.OnCurrentMemberChanged(LoyaltyMemberInfo? _)' have signature differences. [/Users/jangminho/development/checkout/terminal/Terminal/Terminal.csproj]
/Users/jangminho/development/checkout/terminal/Terminal/ViewModels/MainViewModel.cs(225,18): warning CS8826: Partial method declarations 'void MainViewModel.OnPointsEarnedChanged(int value)' and 'void MainViewModel.OnPointsEarnedChanged(int _)' have signature differences. [/Users/jangminho/development/checkout/terminal/Terminal/Terminal.csproj]
/Users/jangminho/development/checkout/terminal/Terminal/ViewModels/MainViewModel.cs(228,18): warning CS8826: Partial method declarations 'void MainViewModel.OnLoyaltyDiscountChanged(decimal value)' and 'void MainViewModel.OnLoyaltyDiscountChanged(decimal _)' have signature differences. [/Users/jangminho/development/checkout/terminal/Terminal/Terminal.csproj]
/Users/jangminho/development/checkout/terminal/Terminal/ViewModels/MainViewModel.cs(235,18): warning CS8826: Partial method declarations 'void MainViewModel.OnPaymentMethodChanged(string value)' and 'void MainViewModel.OnPaymentMethodChanged(string _)' have signature differences. [/Users/jangminho/development/checkout/terminal/Terminal/Terminal.csproj]
/Users/jangminho/development/checkout/terminal/Terminal/ViewModels/MainViewModel.cs(242,18): warning CS8826: Partial method declarations 'void MainViewModel.OnCashInsertedChanged(decimal value)' and 'void MainViewModel.OnCashInsertedChanged(decimal _)' have signature differences. [/Users/jangminho/development/checkout/terminal/Terminal/Terminal.csproj]
/Users/jangminho/development/checkout/terminal/Terminal/ViewModels/MainViewModel.cs(692,24): warning CS1998: This async method lacks 'await' operators and will run synchronously. Consider using the 'await' operator to await non-blocking API calls, or 'await Task.Run(...)' to do CPU-bound work on a background thread. [/Users/jangminho/development/checkout/terminal/Terminal/Terminal.csproj]
/Users/jangminho/development/checkout/terminal/Terminal/ViewModels/MainViewModel.cs(1026,24): warning CS1998: This async method lacks 'await' operators and will run synchronously. Consider using the 'await' operator to await non-blocking API calls, or 'await Task.Run(...)' to do CPU-bound work on a background thread. [/Users/jangminho/development/checkout/terminal/Terminal/Terminal.csproj]
/Users/jangminho/development/checkout/terminal/Terminal/ViewModels/MainViewModel.cs(97,41): warning MVVMTK0034: The field Terminal.ViewModels.MainViewModel._settingsPinInput is annotated with [ObservableProperty] and should not be directly referenced (use the generated property instead) (https://aka.ms/mvvmtoolkit/errors/mvvmtk0034) [/Users/jangminho/development/checkout/terminal/Terminal/Terminal.csproj]
/Users/jangminho/development/checkout/terminal/Terminal/Views/MainWindow.axaml(521,24,521,24): Avalonia error AVLN2000: Unable to resolve type BoolToStringConverter from namespace clr-namespace:Terminal.Converters Line 521, position 24. [/Users/jangminho/development/checkout/terminal/Terminal/Terminal.csproj]
/Users/jangminho/development/checkout/terminal/Terminal/Views/MainWindow.axaml(521,24,521,24): Avalonia error AVLN2000: Unable to resolve type BoolToStringConverter from namespace clr-namespace:Terminal.Converters Line 521, position 24. [/Users/jangminho/development/checkout/terminal/Terminal/Terminal.csproj]
/Users/jangminho/development/checkout/terminal/Terminal/Views/MainWindow.axaml(521,24,521,24): Avalonia error AVLN2000: Unable to resolve type BoolToStringConverter from namespace clr-namespace:Terminal.Converters Line 521, position 24. [/Users/jangminho/development/checkout/terminal/Terminal/Terminal.csproj]
/Users/jangminho/development/checkout/terminal/Terminal/Views/MainWindow.axaml(521,24,521,24): Avalonia error AVLN2000: Unable to resolve type BoolToStringConverter from namespace clr-namespace:Terminal.Converters Line 521, position 24. [/Users/jangminho/development/checkout/terminal/Terminal/Terminal.csproj]
/Users/jangminho/development/checkout/terminal/Terminal/Views/MainWindow.axaml(521,24,521,24): Avalonia error AVLN2000: Unable to resolve type BoolToStringConverter from namespace clr-namespace:Terminal.Converters Line 521, position 24. [/Users/jangminho/development/checkout/terminal/Terminal/Terminal.csproj]
/Users/jangminho/development/checkout/terminal/Terminal/Views/MainWindow.axaml(521,24,521,24): Avalonia error AVLN2000: Unable to resolve suitable regular or attached property TrueValue on type :.{Unknown type} Line 521, position 24. [/Users/jangminho/development/checkout/terminal/Terminal/Terminal.csproj]
/Users/jangminho/development/checkout/terminal/Terminal/Views/MainWindow.axaml(521,24,521,24): Avalonia error AVLN2000: Unable to resolve suitable regular or attached property FalseValue on type :.{Unknown type} Line 521, position 24. [/Users/jangminho/development/checkout/terminal/Terminal/Terminal.csproj]
    13 Warning(s)
    7 Error(s)

Time Elapsed 00:00:02.58
/Users/jangminho/development/checkout/terminal/Terminal/Terminal.csproj : warning NU1903: Package 'Tmds.DBus.Protocol' 0.20.0 has a known high severity vulnerability, https://github.com/advisories/GHSA-xrw6-gwf8-vvr9
/Users/jangminho/development/checkout/terminal/Terminal/Terminal.csproj : warning NU1903: Package 'Tmds.DBus.Protocol' 0.20.0 has a known high severity vulnerability, https://github.com/advisories/GHSA-xrw6-gwf8-vvr9
/Users/jangminho/development/checkout/terminal/Terminal/Views/MainWindow.axaml(521,24,521,24): Avalonia error AVLN2000: Unable to resolve type BoolToStringConverter from namespace clr-namespace:Terminal.Converters Line 521, position 24. [/Users/jangminho/development/checkout/terminal/Terminal/Terminal.csproj]
/Users/jangminho/development/checkout/terminal/Terminal/Views/MainWindow.axaml(521,24,521,24): Avalonia error AVLN2000: Unable to resolve type BoolToStringConverter from namespace clr-namespace:Terminal.Converters Line 521, position 24. [/Users/jangminho/development/checkout/terminal/Terminal/Terminal.csproj]
/Users/jangminho/development/checkout/terminal/Terminal/Views/MainWindow.axaml(521,24,521,24): Avalonia error AVLN2000: Unable to resolve type BoolToStringConverter from namespace clr-namespace:Terminal.Converters Line 521, position 24. [/Users/jangminho/development/checkout/terminal/Terminal/Terminal.csproj]
/Users/jangminho/development/checkout/terminal/Terminal/Views/MainWindow.axaml(521,24,521,24): Avalonia error AVLN2000: Unable to resolve type BoolToStringConverter from namespace clr-namespace:Terminal.Converters Line 521, position 24. [/Users/jangminho/development/checkout/terminal/Terminal/Terminal.csproj]
/Users/jangminho/development/checkout/terminal/Terminal/Views/MainWindow.axaml(521,24,521,24): Avalonia error AVLN2000: Unable to resolve type BoolToStringConverter from namespace clr-namespace:Terminal.Converters Line 521, position 24. [/Users/jangminho/development/checkout/terminal/Terminal/Terminal.csproj]
/Users/jangminho/development/checkout/terminal/Terminal/Views/MainWindow.axaml(521,24,521,24): Avalonia error AVLN2000: Unable to resolve suitable regular or attached property TrueValue on type :.{Unknown type} Line 521, position 24. [/Users/jangminho/development/checkout/terminal/Terminal/Terminal.csproj]
/Users/jangminho/development/checkout/terminal/Terminal/Views/MainWindow.axaml(521,24,521,24): Avalonia error AVLN2000: Unable to resolve suitable regular or attached property FalseValue on type :.{Unknown type} Line 521, position 24. [/Users/jangminho/development/checkout/terminal/Terminal/Terminal.csproj]

Build FAILED.

/Users/jangminho/development/checkout/terminal/Terminal/Terminal.csproj : warning NU1903: Package 'Tmds.DBus.Protocol' 0.20.0 has a known high severity vulnerability, https://github.com/advisories/GHSA-xrw6-gwf8-vvr9
/Users/jangminho/development/checkout/terminal/Terminal/Terminal.csproj : warning NU1903: Package 'Tmds.DBus.Protocol' 0.20.0 has a known high severity vulnerability, https://github.com/advisories/GHSA-xrw6-gwf8-vvr9
/Users/jangminho/development/checkout/terminal/Terminal/Views/MainWindow.axaml(521,24,521,24): Avalonia error AVLN2000: Unable to resolve type BoolToStringConverter from namespace clr-namespace:Terminal.Converters Line 521, position 24. [/Users/jangminho/development/checkout/terminal/Terminal/Terminal.csproj]
/Users/jangminho/development/checkout/terminal/Terminal/Views/MainWindow.axaml(521,24,521,24): Avalonia error AVLN2000: Unable to resolve type BoolToStringConverter from namespace clr-namespace:Terminal.Converters Line 521, position 24. [/Users/jangminho/development/checkout/terminal/Terminal/Terminal.csproj]
/Users/jangminho/development/checkout/terminal/Terminal/Views/MainWindow.axaml(521,24,521,24): Avalonia error AVLN2000: Unable to resolve type BoolToStringConverter from namespace clr-namespace:Terminal.Converters Line 521, position 24. [/Users/jangminho/development/checkout/terminal/Terminal/Terminal.csproj]
/Users/jangminho/development/checkout/terminal/Terminal/Views/MainWindow.axaml(521,24,521,24): Avalonia error AVLN2000: Unable to resolve type BoolToStringConverter from namespace clr-namespace:Terminal.Converters Line 521, position 24. [/Users/jangminho/development/checkout/terminal/Terminal/Terminal.csproj]
/Users/jangminho/development/checkout/terminal/Terminal/Views/MainWindow.axaml(521,24,521,24): Avalonia error AVLN2000: Unable to resolve type BoolToStringConverter from namespace clr-namespace:Terminal.Converters Line 521, position 24. [/Users/jangminho/development/checkout/terminal/Terminal/Terminal.csproj]
/Users/jangminho/development/checkout/terminal/Terminal/Views/MainWindow.axaml(521,24,521,24): Avalonia error AVLN2000: Unable to resolve suitable regular or attached property TrueValue on type :.{Unknown type} Line 521, position 24. [/Users/jangminho/development/checkout/terminal/Terminal/Terminal.csproj]
/Users/jangminho/development/checkout/terminal/Terminal/Views/MainWindow.axaml(521,24,521,24): Avalonia error AVLN2000: Unable to resolve suitable regular or attached property FalseValue on type :.{Unknown type} Line 521, position 24. [/Users/jangminho/development/checkout/terminal/Terminal/Terminal.csproj]
    2 Warning(s)
    7 Error(s)

Time Elapsed 00:00:01.37
/Users/jangminho/development/checkout/terminal/Terminal/Terminal.csproj : warning NU1903: Package 'Tmds.DBus.Protocol' 0.20.0 has a known high severity vulnerability, https://github.com/advisories/GHSA-xrw6-gwf8-vvr9
/Users/jangminho/development/checkout/terminal/Terminal/Terminal.csproj : warning NU1903: Package 'Tmds.DBus.Protocol' 0.20.0 has a known high severity vulnerability, https://github.com/advisories/GHSA-xrw6-gwf8-vvr9
/Users/jangminho/development/checkout/terminal/Terminal/Models/CartItem.cs(31,18): warning CS8826: Partial method declarations 'void CartItem.OnUnitPriceChanged(decimal value)' and 'void CartItem.OnUnitPriceChanged(decimal _)' have signature differences. [/Users/jangminho/development/checkout/terminal/Terminal/Terminal.csproj]
/Users/jangminho/development/checkout/terminal/Terminal/Models/CartItem.cs(32,18): warning CS8826: Partial method declarations 'void CartItem.OnWeightStatusChanged(string value)' and 'void CartItem.OnWeightStatusChanged(string _)' have signature differences. [/Users/jangminho/development/checkout/terminal/Terminal/Terminal.csproj]
/Users/jangminho/development/checkout/terminal/Terminal/ViewModels/MainViewModel.cs(165,18): warning CS8826: Partial method declarations 'void MainViewModel.OnBonusPointsInputChanged(string value)' and 'void MainViewModel.OnBonusPointsInputChanged(string _)' have signature differences. [/Users/jangminho/development/checkout/terminal/Terminal/Terminal.csproj]
/Users/jangminho/development/checkout/terminal/Terminal/ViewModels/MainViewModel.cs(219,18): warning CS8826: Partial method declarations 'void MainViewModel.OnCurrentMemberChanged(LoyaltyMemberInfo? value)' and 'void MainViewModel.OnCurrentMemberChanged(LoyaltyMemberInfo? _)' have signature differences. [/Users/jangminho/development/checkout/terminal/Terminal/Terminal.csproj]
/Users/jangminho/development/checkout/terminal/Terminal/ViewModels/MainViewModel.cs(225,18): warning CS8826: Partial method declarations 'void MainViewModel.OnPointsEarnedChanged(int value)' and 'void MainViewModel.OnPointsEarnedChanged(int _)' have signature differences. [/Users/jangminho/development/checkout/terminal/Terminal/Terminal.csproj]
/Users/jangminho/development/checkout/terminal/Terminal/ViewModels/MainViewModel.cs(228,18): warning CS8826: Partial method declarations 'void MainViewModel.OnLoyaltyDiscountChanged(decimal value)' and 'void MainViewModel.OnLoyaltyDiscountChanged(decimal _)' have signature differences. [/Users/jangminho/development/checkout/terminal/Terminal/Terminal.csproj]
/Users/jangminho/development/checkout/terminal/Terminal/ViewModels/MainViewModel.cs(235,18): warning CS8826: Partial method declarations 'void MainViewModel.OnPaymentMethodChanged(string value)' and 'void MainViewModel.OnPaymentMethodChanged(string _)' have signature differences. [/Users/jangminho/development/checkout/terminal/Terminal/Terminal.csproj]
/Users/jangminho/development/checkout/terminal/Terminal/ViewModels/MainViewModel.cs(242,18): warning CS8826: Partial method declarations 'void MainViewModel.OnCashInsertedChanged(decimal value)' and 'void MainViewModel.OnCashInsertedChanged(decimal _)' have signature differences. [/Users/jangminho/development/checkout/terminal/Terminal/Terminal.csproj]
/Users/jangminho/development/checkout/terminal/Terminal/ViewModels/MainViewModel.cs(692,24): warning CS1998: This async method lacks 'await' operators and will run synchronously. Consider using the 'await' operator to await non-blocking API calls, or 'await Task.Run(...)' to do CPU-bound work on a background thread. [/Users/jangminho/development/checkout/terminal/Terminal/Terminal.csproj]
/Users/jangminho/development/checkout/terminal/Terminal/ViewModels/MainViewModel.cs(1026,24): warning CS1998: This async method lacks 'await' operators and will run synchronously. Consider using the 'await' operator to await non-blocking API calls, or 'await Task.Run(...)' to do CPU-bound work on a background thread. [/Users/jangminho/development/checkout/terminal/Terminal/Terminal.csproj]
/Users/jangminho/development/checkout/terminal/Terminal/ViewModels/MainViewModel.cs(97,41): warning MVVMTK0034: The field Terminal.ViewModels.MainViewModel._settingsPinInput is annotated with [ObservableProperty] and should not be directly referenced (use the generated property instead) (https://aka.ms/mvvmtoolkit/errors/mvvmtk0034) [/Users/jangminho/development/checkout/terminal/Terminal/Terminal.csproj]

Build succeeded.

/Users/jangminho/development/checkout/terminal/Terminal/Terminal.csproj : warning NU1903: Package 'Tmds.DBus.Protocol' 0.20.0 has a known high severity vulnerability, https://github.com/advisories/GHSA-xrw6-gwf8-vvr9
/Users/jangminho/development/checkout/terminal/Terminal/Terminal.csproj : warning NU1903: Package 'Tmds.DBus.Protocol' 0.20.0 has a known high severity vulnerability, https://github.com/advisories/GHSA-xrw6-gwf8-vvr9
/Users/jangminho/development/checkout/terminal/Terminal/Models/CartItem.cs(31,18): warning CS8826: Partial method declarations 'void CartItem.OnUnitPriceChanged(decimal value)' and 'void CartItem.OnUnitPriceChanged(decimal _)' have signature differences. [/Users/jangminho/development/checkout/terminal/Terminal/Terminal.csproj]
/Users/jangminho/development/checkout/terminal/Terminal/Models/CartItem.cs(32,18): warning CS8826: Partial method declarations 'void CartItem.OnWeightStatusChanged(string value)' and 'void CartItem.OnWeightStatusChanged(string _)' have signature differences. [/Users/jangminho/development/checkout/terminal/Terminal/Terminal.csproj]
/Users/jangminho/development/checkout/terminal/Terminal/ViewModels/MainViewModel.cs(165,18): warning CS8826: Partial method declarations 'void MainViewModel.OnBonusPointsInputChanged(string value)' and 'void MainViewModel.OnBonusPointsInputChanged(string _)' have signature differences. [/Users/jangminho/development/checkout/terminal/Terminal/Terminal.csproj]
/Users/jangminho/development/checkout/terminal/Terminal/ViewModels/MainViewModel.cs(219,18): warning CS8826: Partial method declarations 'void MainViewModel.OnCurrentMemberChanged(LoyaltyMemberInfo? value)' and 'void MainViewModel.OnCurrentMemberChanged(LoyaltyMemberInfo? _)' have signature differences. [/Users/jangminho/development/checkout/terminal/Terminal/Terminal.csproj]
/Users/jangminho/development/checkout/terminal/Terminal/ViewModels/MainViewModel.cs(225,18): warning CS8826: Partial method declarations 'void MainViewModel.OnPointsEarnedChanged(int value)' and 'void MainViewModel.OnPointsEarnedChanged(int _)' have signature differences. [/Users/jangminho/development/checkout/terminal/Terminal/Terminal.csproj]
/Users/jangminho/development/checkout/terminal/Terminal/ViewModels/MainViewModel.cs(228,18): warning CS8826: Partial method declarations 'void MainViewModel.OnLoyaltyDiscountChanged(decimal value)' and 'void MainViewModel.OnLoyaltyDiscountChanged(decimal _)' have signature differences. [/Users/jangminho/development/checkout/terminal/Terminal/Terminal.csproj]
/Users/jangminho/development/checkout/terminal/Terminal/ViewModels/MainViewModel.cs(235,18): warning CS8826: Partial method declarations 'void MainViewModel.OnPaymentMethodChanged(string value)' and 'void MainViewModel.OnPaymentMethodChanged(string _)' have signature differences. [/Users/jangminho/development/checkout/terminal/Terminal/Terminal.csproj]
/Users/jangminho/development/checkout/terminal/Terminal/ViewModels/MainViewModel.cs(242,18): warning CS8826: Partial method declarations 'void MainViewModel.OnCashInsertedChanged(decimal value)' and 'void MainViewModel.OnCashInsertedChanged(decimal _)' have signature differences. [/Users/jangminho/development/checkout/terminal/Terminal/Terminal.csproj]
/Users/jangminho/development/checkout/terminal/Terminal/ViewModels/MainViewModel.cs(692,24): warning CS1998: This async method lacks 'await' operators and will run synchronously. Consider using the 'await' operator to await non-blocking API calls, or 'await Task.Run(...)' to do CPU-bound work on a background thread. [/Users/jangminho/development/checkout/terminal/Terminal/Terminal.csproj]
/Users/jangminho/development/checkout/terminal/Terminal/ViewModels/MainViewModel.cs(1026,24): warning CS1998: This async method lacks 'await' operators and will run synchronously. Consider using the 'await' operator to await non-blocking API calls, or 'await Task.Run(...)' to do CPU-bound work on a background thread. [/Users/jangminho/development/checkout/terminal/Terminal/Terminal.csproj]
/Users/jangminho/development/checkout/terminal/Terminal/ViewModels/MainViewModel.cs(97,41): warning MVVMTK0034: The field Terminal.ViewModels.MainViewModel._settingsPinInput is annotated with [ObservableProperty] and should not be directly referenced (use the generated property instead) (https://aka.ms/mvvmtoolkit/errors/mvvmtk0034) [/Users/jangminho/development/checkout/terminal/Terminal/Terminal.csproj]
    13 Warning(s)
    0 Error(s)

Time Elapsed 00:00:02.89
/Users/jangminho/development/checkout/terminal/Terminal/Terminal.csproj : warning NU1903: Package 'Tmds.DBus.Protocol' 0.20.0 has a known high severity vulnerability, https://github.com/advisories/GHSA-xrw6-gwf8-vvr9
/Users/jangminho/development/checkout/terminal/Terminal/Terminal.csproj : warning NU1903: Package 'Tmds.DBus.Protocol' 0.20.0 has a known high severity vulnerability, https://github.com/advisories/GHSA-xrw6-gwf8-vvr9
/Users/jangminho/development/checkout/terminal/Terminal/Models/CartItem.cs(31,18): warning CS8826: Partial method declarations 'void CartItem.OnUnitPriceChanged(decimal value)' and 'void CartItem.OnUnitPriceChanged(decimal _)' have signature differences. [/Users/jangminho/development/checkout/terminal/Terminal/Terminal.csproj]
/Users/jangminho/development/checkout/terminal/Terminal/Models/CartItem.cs(32,18): warning CS8826: Partial method declarations 'void CartItem.OnWeightStatusChanged(string value)' and 'void CartItem.OnWeightStatusChanged(string _)' have signature differences. [/Users/jangminho/development/checkout/terminal/Terminal/Terminal.csproj]
/Users/jangminho/development/checkout/terminal/Terminal/ViewModels/MainViewModel.cs(165,18): warning CS8826: Partial method declarations 'void MainViewModel.OnBonusPointsInputChanged(string value)' and 'void MainViewModel.OnBonusPointsInputChanged(string _)' have signature differences. [/Users/jangminho/development/checkout/terminal/Terminal/Terminal.csproj]
/Users/jangminho/development/checkout/terminal/Terminal/ViewModels/MainViewModel.cs(219,18): warning CS8826: Partial method declarations 'void MainViewModel.OnCurrentMemberChanged(LoyaltyMemberInfo? value)' and 'void MainViewModel.OnCurrentMemberChanged(LoyaltyMemberInfo? _)' have signature differences. [/Users/jangminho/development/checkout/terminal/Terminal/Terminal.csproj]
/Users/jangminho/development/checkout/terminal/Terminal/ViewModels/MainViewModel.cs(225,18): warning CS8826: Partial method declarations 'void MainViewModel.OnPointsEarnedChanged(int value)' and 'void MainViewModel.OnPointsEarnedChanged(int _)' have signature differences. [/Users/jangminho/development/checkout/terminal/Terminal/Terminal.csproj]
/Users/jangminho/development/checkout/terminal/Terminal/ViewModels/MainViewModel.cs(228,18): warning CS8826: Partial method declarations 'void MainViewModel.OnLoyaltyDiscountChanged(decimal value)' and 'void MainViewModel.OnLoyaltyDiscountChanged(decimal _)' have signature differences. [/Users/jangminho/development/checkout/terminal/Terminal/Terminal.csproj]
/Users/jangminho/development/checkout/terminal/Terminal/ViewModels/MainViewModel.cs(235,18): warning CS8826: Partial method declarations 'void MainViewModel.OnPaymentMethodChanged(string value)' and 'void MainViewModel.OnPaymentMethodChanged(string _)' have signature differences. [/Users/jangminho/development/checkout/terminal/Terminal/Terminal.csproj]
/Users/jangminho/development/checkout/terminal/Terminal/ViewModels/MainViewModel.cs(242,18): warning CS8826: Partial method declarations 'void MainViewModel.OnCashInsertedChanged(decimal value)' and 'void MainViewModel.OnCashInsertedChanged(decimal _)' have signature differences. [/Users/jangminho/development/checkout/terminal/Terminal/Terminal.csproj]
/Users/jangminho/development/checkout/terminal/Terminal/ViewModels/MainViewModel.cs(692,24): warning CS1998: This async method lacks 'await' operators and will run synchronously. Consider using the 'await' operator to await non-blocking API calls, or 'await Task.Run(...)' to do CPU-bound work on a background thread. [/Users/jangminho/development/checkout/terminal/Terminal/Terminal.csproj]
/Users/jangminho/development/checkout/terminal/Terminal/ViewModels/MainViewModel.cs(1026,24): warning CS1998: This async method lacks 'await' operators and will run synchronously. Consider using the 'await' operator to await non-blocking API calls, or 'await Task.Run(...)' to do CPU-bound work on a background thread. [/Users/jangminho/development/checkout/terminal/Terminal/Terminal.csproj]
/Users/jangminho/development/checkout/terminal/Terminal/ViewModels/MainViewModel.cs(97,41): warning MVVMTK0034: The field Terminal.ViewModels.MainViewModel._settingsPinInput is annotated with [ObservableProperty] and should not be directly referenced (use the generated property instead) (https://aka.ms/mvvmtoolkit/errors/mvvmtk0034) [/Users/jangminho/development/checkout/terminal/Terminal/Terminal.csproj]

Build succeeded.

/Users/jangminho/development/checkout/terminal/Terminal/Terminal.csproj : warning NU1903: Package 'Tmds.DBus.Protocol' 0.20.0 has a known high severity vulnerability, https://github.com/advisories/GHSA-xrw6-gwf8-vvr9
/Users/jangminho/development/checkout/terminal/Terminal/Terminal.csproj : warning NU1903: Package 'Tmds.DBus.Protocol' 0.20.0 has a known high severity vulnerability, https://github.com/advisories/GHSA-xrw6-gwf8-vvr9
/Users/jangminho/development/checkout/terminal/Terminal/Models/CartItem.cs(31,18): warning CS8826: Partial method declarations 'void CartItem.OnUnitPriceChanged(decimal value)' and 'void CartItem.OnUnitPriceChanged(decimal _)' have signature differences. [/Users/jangminho/development/checkout/terminal/Terminal/Terminal.csproj]
/Users/jangminho/development/checkout/terminal/Terminal/Models/CartItem.cs(32,18): warning CS8826: Partial method declarations 'void CartItem.OnWeightStatusChanged(string value)' and 'void CartItem.OnWeightStatusChanged(string _)' have signature differences. [/Users/jangminho/development/checkout/terminal/Terminal/Terminal.csproj]
/Users/jangminho/development/checkout/terminal/Terminal/ViewModels/MainViewModel.cs(165,18): warning CS8826: Partial method declarations 'void MainViewModel.OnBonusPointsInputChanged(string value)' and 'void MainViewModel.OnBonusPointsInputChanged(string _)' have signature differences. [/Users/jangminho/development/checkout/terminal/Terminal/Terminal.csproj]
/Users/jangminho/development/checkout/terminal/Terminal/ViewModels/MainViewModel.cs(219,18): warning CS8826: Partial method declarations 'void MainViewModel.OnCurrentMemberChanged(LoyaltyMemberInfo? value)' and 'void MainViewModel.OnCurrentMemberChanged(LoyaltyMemberInfo? _)' have signature differences. [/Users/jangminho/development/checkout/terminal/Terminal/Terminal.csproj]
/Users/jangminho/development/checkout/terminal/Terminal/ViewModels/MainViewModel.cs(225,18): warning CS8826: Partial method declarations 'void MainViewModel.OnPointsEarnedChanged(int value)' and 'void MainViewModel.OnPointsEarnedChanged(int _)' have signature differences. [/Users/jangminho/development/checkout/terminal/Terminal/Terminal.csproj]
/Users/jangminho/development/checkout/terminal/Terminal/ViewModels/MainViewModel.cs(228,18): warning CS8826: Partial method declarations 'void MainViewModel.OnLoyaltyDiscountChanged(decimal value)' and 'void MainViewModel.OnLoyaltyDiscountChanged(decimal _)' have signature differences. [/Users/jangminho/development/checkout/terminal/Terminal/Terminal.csproj]
/Users/jangminho/development/checkout/terminal/Terminal/ViewModels/MainViewModel.cs(235,18): warning CS8826: Partial method declarations 'void MainViewModel.OnPaymentMethodChanged(string value)' and 'void MainViewModel.OnPaymentMethodChanged(string _)' have signature differences. [/Users/jangminho/development/checkout/terminal/Terminal/Terminal.csproj]
/Users/jangminho/development/checkout/terminal/Terminal/ViewModels/MainViewModel.cs(242,18): warning CS8826: Partial method declarations 'void MainViewModel.OnCashInsertedChanged(decimal value)' and 'void MainViewModel.OnCashInsertedChanged(decimal _)' have signature differences. [/Users/jangminho/development/checkout/terminal/Terminal/Terminal.csproj]
/Users/jangminho/development/checkout/terminal/Terminal/ViewModels/MainViewModel.cs(692,24): warning CS1998: This async method lacks 'await' operators and will run synchronously. Consider using the 'await' operator to await non-blocking API calls, or 'await Task.Run(...)' to do CPU-bound work on a background thread. [/Users/jangminho/development/checkout/terminal/Terminal/Terminal.csproj]
/Users/jangminho/development/checkout/terminal/Terminal/ViewModels/MainViewModel.cs(1026,24): warning CS1998: This async method lacks 'await' operators and will run synchronously. Consider using the 'await' operator to await non-blocking API calls, or 'await Task.Run(...)' to do CPU-bound work on a background thread. [/Users/jangminho/development/checkout/terminal/Terminal/Terminal.csproj]
/Users/jangminho/development/checkout/terminal/Terminal/ViewModels/MainViewModel.cs(97,41): warning MVVMTK0034: The field Terminal.ViewModels.MainViewModel._settingsPinInput is annotated with [ObservableProperty] and should not be directly referenced (use the generated property instead) (https://aka.ms/mvvmtoolkit/errors/mvvmtk0034) [/Users/jangminho/development/checkout/terminal/Terminal/Terminal.csproj]
    13 Warning(s)
    0 Error(s)

Time Elapsed 00:00:02.60
/Users/jangminho/development/checkout/terminal/Terminal/Terminal.csproj : warning NU1903: Package 'Tmds.DBus.Protocol' 0.20.0 has a known high severity vulnerability, https://github.com/advisories/GHSA-xrw6-gwf8-vvr9
/Users/jangminho/development/checkout/terminal/Terminal/Terminal.csproj : warning NU1903: Package 'Tmds.DBus.Protocol' 0.20.0 has a known high severity vulnerability, https://github.com/advisories/GHSA-xrw6-gwf8-vvr9

Build succeeded.

/Users/jangminho/development/checkout/terminal/Terminal/Terminal.csproj : warning NU1903: Package 'Tmds.DBus.Protocol' 0.20.0 has a known high severity vulnerability, https://github.com/advisories/GHSA-xrw6-gwf8-vvr9
/Users/jangminho/development/checkout/terminal/Terminal/Terminal.csproj : warning NU1903: Package 'Tmds.DBus.Protocol' 0.20.0 has a known high severity vulnerability, https://github.com/advisories/GHSA-xrw6-gwf8-vvr9
    2 Warning(s)
    0 Error(s)

Time Elapsed 00:00:00.66
/Users/jangminho/development/checkout/terminal/Terminal/Terminal.csproj : warning NU1903: Package 'Tmds.DBus.Protocol' 0.20.0 has a known high severity vulnerability, https://github.com/advisories/GHSA-xrw6-gwf8-vvr9
/Users/jangminho/development/checkout/terminal/Terminal/Terminal.csproj : warning NU1903: Package 'Tmds.DBus.Protocol' 0.20.0 has a known high severity vulnerability, https://github.com/advisories/GHSA-xrw6-gwf8-vvr9

Build succeeded.

/Users/jangminho/development/checkout/terminal/Terminal/Terminal.csproj : warning NU1903: Package 'Tmds.DBus.Protocol' 0.20.0 has a known high severity vulnerability, https://github.com/advisories/GHSA-xrw6-gwf8-vvr9
/Users/jangminho/development/checkout/terminal/Terminal/Terminal.csproj : warning NU1903: Package 'Tmds.DBus.Protocol' 0.20.0 has a known high severity vulnerability, https://github.com/advisories/GHSA-xrw6-gwf8-vvr9
    2 Warning(s)
    0 Error(s)

Time Elapsed 00:00:00.64
/Users/jangminho/development/checkout/terminal/Terminal/Terminal.csproj : warning NU1903: Package 'Tmds.DBus.Protocol' 0.20.0 has a known high severity vulnerability, https://github.com/advisories/GHSA-xrw6-gwf8-vvr9
/Users/jangminho/development/checkout/terminal/Terminal/Terminal.csproj : warning NU1903: Package 'Tmds.DBus.Protocol' 0.20.0 has a known high severity vulnerability, https://github.com/advisories/GHSA-xrw6-gwf8-vvr9

Build succeeded.

/Users/jangminho/development/checkout/terminal/Terminal/Terminal.csproj : warning NU1903: Package 'Tmds.DBus.Protocol' 0.20.0 has a known high severity vulnerability, https://github.com/advisories/GHSA-xrw6-gwf8-vvr9
/Users/jangminho/development/checkout/terminal/Terminal/Terminal.csproj : warning NU1903: Package 'Tmds.DBus.Protocol' 0.20.0 has a known high severity vulnerability, https://github.com/advisories/GHSA-xrw6-gwf8-vvr9
    2 Warning(s)
    0 Error(s)

Time Elapsed 00:00:00.65
/Users/jangminho/development/checkout/terminal/Terminal/Terminal.csproj : warning NU1903: Package 'Tmds.DBus.Protocol' 0.20.0 has a known high severity vulnerability, https://github.com/advisories/GHSA-xrw6-gwf8-vvr9
/Users/jangminho/development/checkout/terminal/Terminal/Terminal.csproj : warning NU1903: Package 'Tmds.DBus.Protocol' 0.20.0 has a known high severity vulnerability, https://github.com/advisories/GHSA-xrw6-gwf8-vvr9

Build succeeded.

/Users/jangminho/development/checkout/terminal/Terminal/Terminal.csproj : warning NU1903: Package 'Tmds.DBus.Protocol' 0.20.0 has a known high severity vulnerability, https://github.com/advisories/GHSA-xrw6-gwf8-vvr9
/Users/jangminho/development/checkout/terminal/Terminal/Terminal.csproj : warning NU1903: Package 'Tmds.DBus.Protocol' 0.20.0 has a known high severity vulnerability, https://github.com/advisories/GHSA-xrw6-gwf8-vvr9
    2 Warning(s)
    0 Error(s)

Time Elapsed 00:00:00.67
/Users/jangminho/development/checkout/terminal/Terminal/Terminal.csproj : warning NU1903: Package 'Tmds.DBus.Protocol' 0.20.0 has a known high severity vulnerability, https://github.com/advisories/GHSA-xrw6-gwf8-vvr9
/Users/jangminho/development/checkout/terminal/Terminal/Terminal.csproj : warning NU1903: Package 'Tmds.DBus.Protocol' 0.20.0 has a known high severity vulnerability, https://github.com/advisories/GHSA-xrw6-gwf8-vvr9
/Users/jangminho/development/checkout/terminal/Terminal/Models/CartItem.cs(31,18): warning CS8826: Partial method declarations 'void CartItem.OnUnitPriceChanged(decimal value)' and 'void CartItem.OnUnitPriceChanged(decimal _)' have signature differences. [/Users/jangminho/development/checkout/terminal/Terminal/Terminal.csproj]
/Users/jangminho/development/checkout/terminal/Terminal/Models/CartItem.cs(32,18): warning CS8826: Partial method declarations 'void CartItem.OnWeightStatusChanged(string value)' and 'void CartItem.OnWeightStatusChanged(string _)' have signature differences. [/Users/jangminho/development/checkout/terminal/Terminal/Terminal.csproj]
/Users/jangminho/development/checkout/terminal/Terminal/ViewModels/MainViewModel.cs(165,18): warning CS8826: Partial method declarations 'void MainViewModel.OnBonusPointsInputChanged(string value)' and 'void MainViewModel.OnBonusPointsInputChanged(string _)' have signature differences. [/Users/jangminho/development/checkout/terminal/Terminal/Terminal.csproj]
/Users/jangminho/development/checkout/terminal/Terminal/ViewModels/MainViewModel.cs(219,18): warning CS8826: Partial method declarations 'void MainViewModel.OnCurrentMemberChanged(LoyaltyMemberInfo? value)' and 'void MainViewModel.OnCurrentMemberChanged(LoyaltyMemberInfo? _)' have signature differences. [/Users/jangminho/development/checkout/terminal/Terminal/Terminal.csproj]
/Users/jangminho/development/checkout/terminal/Terminal/ViewModels/MainViewModel.cs(225,18): warning CS8826: Partial method declarations 'void MainViewModel.OnPointsEarnedChanged(int value)' and 'void MainViewModel.OnPointsEarnedChanged(int _)' have signature differences. [/Users/jangminho/development/checkout/terminal/Terminal/Terminal.csproj]
/Users/jangminho/development/checkout/terminal/Terminal/ViewModels/MainViewModel.cs(228,18): warning CS8826: Partial method declarations 'void MainViewModel.OnLoyaltyDiscountChanged(decimal value)' and 'void MainViewModel.OnLoyaltyDiscountChanged(decimal _)' have signature differences. [/Users/jangminho/development/checkout/terminal/Terminal/Terminal.csproj]
/Users/jangminho/development/checkout/terminal/Terminal/ViewModels/MainViewModel.cs(235,18): warning CS8826: Partial method declarations 'void MainViewModel.OnPaymentMethodChanged(string value)' and 'void MainViewModel.OnPaymentMethodChanged(string _)' have signature differences. [/Users/jangminho/development/checkout/terminal/Terminal/Terminal.csproj]
/Users/jangminho/development/checkout/terminal/Terminal/ViewModels/MainViewModel.cs(242,18): warning CS8826: Partial method declarations 'void MainViewModel.OnCashInsertedChanged(decimal value)' and 'void MainViewModel.OnCashInsertedChanged(decimal _)' have signature differences. [/Users/jangminho/development/checkout/terminal/Terminal/Terminal.csproj]
/Users/jangminho/development/checkout/terminal/Terminal/ViewModels/MainViewModel.cs(707,24): warning CS1998: This async method lacks 'await' operators and will run synchronously. Consider using the 'await' operator to await non-blocking API calls, or 'await Task.Run(...)' to do CPU-bound work on a background thread. [/Users/jangminho/development/checkout/terminal/Terminal/Terminal.csproj]
/Users/jangminho/development/checkout/terminal/Terminal/ViewModels/MainViewModel.cs(1041,24): warning CS1998: This async method lacks 'await' operators and will run synchronously. Consider using the 'await' operator to await non-blocking API calls, or 'await Task.Run(...)' to do CPU-bound work on a background thread. [/Users/jangminho/development/checkout/terminal/Terminal/Terminal.csproj]
/Users/jangminho/development/checkout/terminal/Terminal/ViewModels/MainViewModel.cs(97,41): warning MVVMTK0034: The field Terminal.ViewModels.MainViewModel._settingsPinInput is annotated with [ObservableProperty] and should not be directly referenced (use the generated property instead) (https://aka.ms/mvvmtoolkit/errors/mvvmtk0034) [/Users/jangminho/development/checkout/terminal/Terminal/Terminal.csproj]

Build succeeded.

/Users/jangminho/development/checkout/terminal/Terminal/Terminal.csproj : warning NU1903: Package 'Tmds.DBus.Protocol' 0.20.0 has a known high severity vulnerability, https://github.com/advisories/GHSA-xrw6-gwf8-vvr9
/Users/jangminho/development/checkout/terminal/Terminal/Terminal.csproj : warning NU1903: Package 'Tmds.DBus.Protocol' 0.20.0 has a known high severity vulnerability, https://github.com/advisories/GHSA-xrw6-gwf8-vvr9
/Users/jangminho/development/checkout/terminal/Terminal/Models/CartItem.cs(31,18): warning CS8826: Partial method declarations 'void CartItem.OnUnitPriceChanged(decimal value)' and 'void CartItem.OnUnitPriceChanged(decimal _)' have signature differences. [/Users/jangminho/development/checkout/terminal/Terminal/Terminal.csproj]
/Users/jangminho/development/checkout/terminal/Terminal/Models/CartItem.cs(32,18): warning CS8826: Partial method declarations 'void CartItem.OnWeightStatusChanged(string value)' and 'void CartItem.OnWeightStatusChanged(string _)' have signature differences. [/Users/jangminho/development/checkout/terminal/Terminal/Terminal.csproj]
/Users/jangminho/development/checkout/terminal/Terminal/ViewModels/MainViewModel.cs(165,18): warning CS8826: Partial method declarations 'void MainViewModel.OnBonusPointsInputChanged(string value)' and 'void MainViewModel.OnBonusPointsInputChanged(string _)' have signature differences. [/Users/jangminho/development/checkout/terminal/Terminal/Terminal.csproj]
/Users/jangminho/development/checkout/terminal/Terminal/ViewModels/MainViewModel.cs(219,18): warning CS8826: Partial method declarations 'void MainViewModel.OnCurrentMemberChanged(LoyaltyMemberInfo? value)' and 'void MainViewModel.OnCurrentMemberChanged(LoyaltyMemberInfo? _)' have signature differences. [/Users/jangminho/development/checkout/terminal/Terminal/Terminal.csproj]
/Users/jangminho/development/checkout/terminal/Terminal/ViewModels/MainViewModel.cs(225,18): warning CS8826: Partial method declarations 'void MainViewModel.OnPointsEarnedChanged(int value)' and 'void MainViewModel.OnPointsEarnedChanged(int _)' have signature differences. [/Users/jangminho/development/checkout/terminal/Terminal/Terminal.csproj]
/Users/jangminho/development/checkout/terminal/Terminal/ViewModels/MainViewModel.cs(228,18): warning CS8826: Partial method declarations 'void MainViewModel.OnLoyaltyDiscountChanged(decimal value)' and 'void MainViewModel.OnLoyaltyDiscountChanged(decimal _)' have signature differences. [/Users/jangminho/development/checkout/terminal/Terminal/Terminal.csproj]
/Users/jangminho/development/checkout/terminal/Terminal/ViewModels/MainViewModel.cs(235,18): warning CS8826: Partial method declarations 'void MainViewModel.OnPaymentMethodChanged(string value)' and 'void MainViewModel.OnPaymentMethodChanged(string _)' have signature differences. [/Users/jangminho/development/checkout/terminal/Terminal/Terminal.csproj]
/Users/jangminho/development/checkout/terminal/Terminal/ViewModels/MainViewModel.cs(242,18): warning CS8826: Partial method declarations 'void MainViewModel.OnCashInsertedChanged(decimal value)' and 'void MainViewModel.OnCashInsertedChanged(decimal _)' have signature differences. [/Users/jangminho/development/checkout/terminal/Terminal/Terminal.csproj]
/Users/jangminho/development/checkout/terminal/Terminal/ViewModels/MainViewModel.cs(707,24): warning CS1998: This async method lacks 'await' operators and will run synchronously. Consider using the 'await' operator to await non-blocking API calls, or 'await Task.Run(...)' to do CPU-bound work on a background thread. [/Users/jangminho/development/checkout/terminal/Terminal/Terminal.csproj]
/Users/jangminho/development/checkout/terminal/Terminal/ViewModels/MainViewModel.cs(1041,24): warning CS1998: This async method lacks 'await' operators and will run synchronously. Consider using the 'await' operator to await non-blocking API calls, or 'await Task.Run(...)' to do CPU-bound work on a background thread. [/Users/jangminho/development/checkout/terminal/Terminal/Terminal.csproj]
/Users/jangminho/development/checkout/terminal/Terminal/ViewModels/MainViewModel.cs(97,41): warning MVVMTK0034: The field Terminal.ViewModels.MainViewModel._settingsPinInput is annotated with [ObservableProperty] and should not be directly referenced (use the generated property instead) (https://aka.ms/mvvmtoolkit/errors/mvvmtk0034) [/Users/jangminho/development/checkout/terminal/Terminal/Terminal.csproj]
    13 Warning(s)
    0 Error(s)

Time Elapsed 00:00:02.76
/Users/jangminho/development/checkout/terminal/Terminal/Terminal.csproj : warning NU1903: Package 'Tmds.DBus.Protocol' 0.20.0 has a known high severity vulnerability, https://github.com/advisories/GHSA-xrw6-gwf8-vvr9
/Users/jangminho/development/checkout/terminal/Terminal/Terminal.csproj : warning NU1903: Package 'Tmds.DBus.Protocol' 0.20.0 has a known high severity vulnerability, https://github.com/advisories/GHSA-xrw6-gwf8-vvr9
/Users/jangminho/development/checkout/terminal/Terminal/Models/CartItem.cs(31,18): warning CS8826: Partial method declarations 'void CartItem.OnUnitPriceChanged(decimal value)' and 'void CartItem.OnUnitPriceChanged(decimal _)' have signature differences. [/Users/jangminho/development/checkout/terminal/Terminal/Terminal.csproj]
/Users/jangminho/development/checkout/terminal/Terminal/Models/CartItem.cs(32,18): warning CS8826: Partial method declarations 'void CartItem.OnWeightStatusChanged(string value)' and 'void CartItem.OnWeightStatusChanged(string _)' have signature differences. [/Users/jangminho/development/checkout/terminal/Terminal/Terminal.csproj]
/Users/jangminho/development/checkout/terminal/Terminal/ViewModels/MainViewModel.cs(165,18): warning CS8826: Partial method declarations 'void MainViewModel.OnBonusPointsInputChanged(string value)' and 'void MainViewModel.OnBonusPointsInputChanged(string _)' have signature differences. [/Users/jangminho/development/checkout/terminal/Terminal/Terminal.csproj]
/Users/jangminho/development/checkout/terminal/Terminal/ViewModels/MainViewModel.cs(219,18): warning CS8826: Partial method declarations 'void MainViewModel.OnCurrentMemberChanged(LoyaltyMemberInfo? value)' and 'void MainViewModel.OnCurrentMemberChanged(LoyaltyMemberInfo? _)' have signature differences. [/Users/jangminho/development/checkout/terminal/Terminal/Terminal.csproj]
/Users/jangminho/development/checkout/terminal/Terminal/ViewModels/MainViewModel.cs(225,18): warning CS8826: Partial method declarations 'void MainViewModel.OnPointsEarnedChanged(int value)' and 'void MainViewModel.OnPointsEarnedChanged(int _)' have signature differences. [/Users/jangminho/development/checkout/terminal/Terminal/Terminal.csproj]
/Users/jangminho/development/checkout/terminal/Terminal/ViewModels/MainViewModel.cs(228,18): warning CS8826: Partial method declarations 'void MainViewModel.OnLoyaltyDiscountChanged(decimal value)' and 'void MainViewModel.OnLoyaltyDiscountChanged(decimal _)' have signature differences. [/Users/jangminho/development/checkout/terminal/Terminal/Terminal.csproj]
/Users/jangminho/development/checkout/terminal/Terminal/ViewModels/MainViewModel.cs(235,18): warning CS8826: Partial method declarations 'void MainViewModel.OnPaymentMethodChanged(string value)' and 'void MainViewModel.OnPaymentMethodChanged(string _)' have signature differences. [/Users/jangminho/development/checkout/terminal/Terminal/Terminal.csproj]
/Users/jangminho/development/checkout/terminal/Terminal/ViewModels/MainViewModel.cs(242,18): warning CS8826: Partial method declarations 'void MainViewModel.OnCashInsertedChanged(decimal value)' and 'void MainViewModel.OnCashInsertedChanged(decimal _)' have signature differences. [/Users/jangminho/development/checkout/terminal/Terminal/Terminal.csproj]
/Users/jangminho/development/checkout/terminal/Terminal/ViewModels/MainViewModel.cs(707,24): warning CS1998: This async method lacks 'await' operators and will run synchronously. Consider using the 'await' operator to await non-blocking API calls, or 'await Task.Run(...)' to do CPU-bound work on a background thread. [/Users/jangminho/development/checkout/terminal/Terminal/Terminal.csproj]
/Users/jangminho/development/checkout/terminal/Terminal/ViewModels/MainViewModel.cs(1043,24): warning CS1998: This async method lacks 'await' operators and will run synchronously. Consider using the 'await' operator to await non-blocking API calls, or 'await Task.Run(...)' to do CPU-bound work on a background thread. [/Users/jangminho/development/checkout/terminal/Terminal/Terminal.csproj]
/Users/jangminho/development/checkout/terminal/Terminal/ViewModels/MainViewModel.cs(97,41): warning MVVMTK0034: The field Terminal.ViewModels.MainViewModel._settingsPinInput is annotated with [ObservableProperty] and should not be directly referenced (use the generated property instead) (https://aka.ms/mvvmtoolkit/errors/mvvmtk0034) [/Users/jangminho/development/checkout/terminal/Terminal/Terminal.csproj]

Build succeeded.

/Users/jangminho/development/checkout/terminal/Terminal/Terminal.csproj : warning NU1903: Package 'Tmds.DBus.Protocol' 0.20.0 has a known high severity vulnerability, https://github.com/advisories/GHSA-xrw6-gwf8-vvr9
/Users/jangminho/development/checkout/terminal/Terminal/Terminal.csproj : warning NU1903: Package 'Tmds.DBus.Protocol' 0.20.0 has a known high severity vulnerability, https://github.com/advisories/GHSA-xrw6-gwf8-vvr9
/Users/jangminho/development/checkout/terminal/Terminal/Models/CartItem.cs(31,18): warning CS8826: Partial method declarations 'void CartItem.OnUnitPriceChanged(decimal value)' and 'void CartItem.OnUnitPriceChanged(decimal _)' have signature differences. [/Users/jangminho/development/checkout/terminal/Terminal/Terminal.csproj]
/Users/jangminho/development/checkout/terminal/Terminal/Models/CartItem.cs(32,18): warning CS8826: Partial method declarations 'void CartItem.OnWeightStatusChanged(string value)' and 'void CartItem.OnWeightStatusChanged(string _)' have signature differences. [/Users/jangminho/development/checkout/terminal/Terminal/Terminal.csproj]
/Users/jangminho/development/checkout/terminal/Terminal/ViewModels/MainViewModel.cs(165,18): warning CS8826: Partial method declarations 'void MainViewModel.OnBonusPointsInputChanged(string value)' and 'void MainViewModel.OnBonusPointsInputChanged(string _)' have signature differences. [/Users/jangminho/development/checkout/terminal/Terminal/Terminal.csproj]
/Users/jangminho/development/checkout/terminal/Terminal/ViewModels/MainViewModel.cs(219,18): warning CS8826: Partial method declarations 'void MainViewModel.OnCurrentMemberChanged(LoyaltyMemberInfo? value)' and 'void MainViewModel.OnCurrentMemberChanged(LoyaltyMemberInfo? _)' have signature differences. [/Users/jangminho/development/checkout/terminal/Terminal/Terminal.csproj]
/Users/jangminho/development/checkout/terminal/Terminal/ViewModels/MainViewModel.cs(225,18): warning CS8826: Partial method declarations 'void MainViewModel.OnPointsEarnedChanged(int value)' and 'void MainViewModel.OnPointsEarnedChanged(int _)' have signature differences. [/Users/jangminho/development/checkout/terminal/Terminal/Terminal.csproj]
/Users/jangminho/development/checkout/terminal/Terminal/ViewModels/MainViewModel.cs(228,18): warning CS8826: Partial method declarations 'void MainViewModel.OnLoyaltyDiscountChanged(decimal value)' and 'void MainViewModel.OnLoyaltyDiscountChanged(decimal _)' have signature differences. [/Users/jangminho/development/checkout/terminal/Terminal/Terminal.csproj]
/Users/jangminho/development/checkout/terminal/Terminal/ViewModels/MainViewModel.cs(235,18): warning CS8826: Partial method declarations 'void MainViewModel.OnPaymentMethodChanged(string value)' and 'void MainViewModel.OnPaymentMethodChanged(string _)' have signature differences. [/Users/jangminho/development/checkout/terminal/Terminal/Terminal.csproj]
/Users/jangminho/development/checkout/terminal/Terminal/ViewModels/MainViewModel.cs(242,18): warning CS8826: Partial method declarations 'void MainViewModel.OnCashInsertedChanged(decimal value)' and 'void MainViewModel.OnCashInsertedChanged(decimal _)' have signature differences. [/Users/jangminho/development/checkout/terminal/Terminal/Terminal.csproj]
/Users/jangminho/development/checkout/terminal/Terminal/ViewModels/MainViewModel.cs(707,24): warning CS1998: This async method lacks 'await' operators and will run synchronously. Consider using the 'await' operator to await non-blocking API calls, or 'await Task.Run(...)' to do CPU-bound work on a background thread. [/Users/jangminho/development/checkout/terminal/Terminal/Terminal.csproj]
/Users/jangminho/development/checkout/terminal/Terminal/ViewModels/MainViewModel.cs(1043,24): warning CS1998: This async method lacks 'await' operators and will run synchronously. Consider using the 'await' operator to await non-blocking API calls, or 'await Task.Run(...)' to do CPU-bound work on a background thread. [/Users/jangminho/development/checkout/terminal/Terminal/Terminal.csproj]
/Users/jangminho/development/checkout/terminal/Terminal/ViewModels/MainViewModel.cs(97,41): warning MVVMTK0034: The field Terminal.ViewModels.MainViewModel._settingsPinInput is annotated with [ObservableProperty] and should not be directly referenced (use the generated property instead) (https://aka.ms/mvvmtoolkit/errors/mvvmtk0034) [/Users/jangminho/development/checkout/terminal/Terminal/Terminal.csproj]
    13 Warning(s)
    0 Error(s)

Time Elapsed 00:00:04.08
/Users/jangminho/development/checkout/terminal/Terminal/Terminal.csproj : warning NU1903: Package 'Tmds.DBus.Protocol' 0.20.0 has a known high severity vulnerability, https://github.com/advisories/GHSA-xrw6-gwf8-vvr9
/Users/jangminho/development/checkout/terminal/Terminal/Terminal.csproj : warning NU1903: Package 'Tmds.DBus.Protocol' 0.20.0 has a known high severity vulnerability, https://github.com/advisories/GHSA-xrw6-gwf8-vvr9
/Users/jangminho/development/checkout/terminal/Terminal/Models/CartItem.cs(31,18): warning CS8826: Partial method declarations 'void CartItem.OnUnitPriceChanged(decimal value)' and 'void CartItem.OnUnitPriceChanged(decimal _)' have signature differences. [/Users/jangminho/development/checkout/terminal/Terminal/Terminal.csproj]
/Users/jangminho/development/checkout/terminal/Terminal/Models/CartItem.cs(32,18): warning CS8826: Partial method declarations 'void CartItem.OnWeightStatusChanged(string value)' and 'void CartItem.OnWeightStatusChanged(string _)' have signature differences. [/Users/jangminho/development/checkout/terminal/Terminal/Terminal.csproj]
/Users/jangminho/development/checkout/terminal/Terminal/ViewModels/MainViewModel.cs(165,18): warning CS8826: Partial method declarations 'void MainViewModel.OnBonusPointsInputChanged(string value)' and 'void MainViewModel.OnBonusPointsInputChanged(string _)' have signature differences. [/Users/jangminho/development/checkout/terminal/Terminal/Terminal.csproj]
/Users/jangminho/development/checkout/terminal/Terminal/ViewModels/MainViewModel.cs(219,18): warning CS8826: Partial method declarations 'void MainViewModel.OnCurrentMemberChanged(LoyaltyMemberInfo? value)' and 'void MainViewModel.OnCurrentMemberChanged(LoyaltyMemberInfo? _)' have signature differences. [/Users/jangminho/development/checkout/terminal/Terminal/Terminal.csproj]
/Users/jangminho/development/checkout/terminal/Terminal/ViewModels/MainViewModel.cs(225,18): warning CS8826: Partial method declarations 'void MainViewModel.OnPointsEarnedChanged(int value)' and 'void MainViewModel.OnPointsEarnedChanged(int _)' have signature differences. [/Users/jangminho/development/checkout/terminal/Terminal/Terminal.csproj]
/Users/jangminho/development/checkout/terminal/Terminal/ViewModels/MainViewModel.cs(228,18): warning CS8826: Partial method declarations 'void MainViewModel.OnLoyaltyDiscountChanged(decimal value)' and 'void MainViewModel.OnLoyaltyDiscountChanged(decimal _)' have signature differences. [/Users/jangminho/development/checkout/terminal/Terminal/Terminal.csproj]
/Users/jangminho/development/checkout/terminal/Terminal/ViewModels/MainViewModel.cs(235,18): warning CS8826: Partial method declarations 'void MainViewModel.OnPaymentMethodChanged(string value)' and 'void MainViewModel.OnPaymentMethodChanged(string _)' have signature differences. [/Users/jangminho/development/checkout/terminal/Terminal/Terminal.csproj]
/Users/jangminho/development/checkout/terminal/Terminal/ViewModels/MainViewModel.cs(242,18): warning CS8826: Partial method declarations 'void MainViewModel.OnCashInsertedChanged(decimal value)' and 'void MainViewModel.OnCashInsertedChanged(decimal _)' have signature differences. [/Users/jangminho/development/checkout/terminal/Terminal/Terminal.csproj]
/Users/jangminho/development/checkout/terminal/Terminal/ViewModels/MainViewModel.cs(707,24): warning CS1998: This async method lacks 'await' operators and will run synchronously. Consider using the 'await' operator to await non-blocking API calls, or 'await Task.Run(...)' to do CPU-bound work on a background thread. [/Users/jangminho/development/checkout/terminal/Terminal/Terminal.csproj]
/Users/jangminho/development/checkout/terminal/Terminal/ViewModels/MainViewModel.cs(1043,24): warning CS1998: This async method lacks 'await' operators and will run synchronously. Consider using the 'await' operator to await non-blocking API calls, or 'await Task.Run(...)' to do CPU-bound work on a background thread. [/Users/jangminho/development/checkout/terminal/Terminal/Terminal.csproj]
/Users/jangminho/development/checkout/terminal/Terminal/ViewModels/MainViewModel.cs(97,41): warning MVVMTK0034: The field Terminal.ViewModels.MainViewModel._settingsPinInput is annotated with [ObservableProperty] and should not be directly referenced (use the generated property instead) (https://aka.ms/mvvmtoolkit/errors/mvvmtk0034) [/Users/jangminho/development/checkout/terminal/Terminal/Terminal.csproj]

Build succeeded.

/Users/jangminho/development/checkout/terminal/Terminal/Terminal.csproj : warning NU1903: Package 'Tmds.DBus.Protocol' 0.20.0 has a known high severity vulnerability, https://github.com/advisories/GHSA-xrw6-gwf8-vvr9
/Users/jangminho/development/checkout/terminal/Terminal/Terminal.csproj : warning NU1903: Package 'Tmds.DBus.Protocol' 0.20.0 has a known high severity vulnerability, https://github.com/advisories/GHSA-xrw6-gwf8-vvr9
/Users/jangminho/development/checkout/terminal/Terminal/Models/CartItem.cs(31,18): warning CS8826: Partial method declarations 'void CartItem.OnUnitPriceChanged(decimal value)' and 'void CartItem.OnUnitPriceChanged(decimal _)' have signature differences. [/Users/jangminho/development/checkout/terminal/Terminal/Terminal.csproj]
/Users/jangminho/development/checkout/terminal/Terminal/Models/CartItem.cs(32,18): warning CS8826: Partial method declarations 'void CartItem.OnWeightStatusChanged(string value)' and 'void CartItem.OnWeightStatusChanged(string _)' have signature differences. [/Users/jangminho/development/checkout/terminal/Terminal/Terminal.csproj]
/Users/jangminho/development/checkout/terminal/Terminal/ViewModels/MainViewModel.cs(165,18): warning CS8826: Partial method declarations 'void MainViewModel.OnBonusPointsInputChanged(string value)' and 'void MainViewModel.OnBonusPointsInputChanged(string _)' have signature differences. [/Users/jangminho/development/checkout/terminal/Terminal/Terminal.csproj]
/Users/jangminho/development/checkout/terminal/Terminal/ViewModels/MainViewModel.cs(219,18): warning CS8826: Partial method declarations 'void MainViewModel.OnCurrentMemberChanged(LoyaltyMemberInfo? value)' and 'void MainViewModel.OnCurrentMemberChanged(LoyaltyMemberInfo? _)' have signature differences. [/Users/jangminho/development/checkout/terminal/Terminal/Terminal.csproj]
/Users/jangminho/development/checkout/terminal/Terminal/ViewModels/MainViewModel.cs(225,18): warning CS8826: Partial method declarations 'void MainViewModel.OnPointsEarnedChanged(int value)' and 'void MainViewModel.OnPointsEarnedChanged(int _)' have signature differences. [/Users/jangminho/development/checkout/terminal/Terminal/Terminal.csproj]
/Users/jangminho/development/checkout/terminal/Terminal/ViewModels/MainViewModel.cs(228,18): warning CS8826: Partial method declarations 'void MainViewModel.OnLoyaltyDiscountChanged(decimal value)' and 'void MainViewModel.OnLoyaltyDiscountChanged(decimal _)' have signature differences. [/Users/jangminho/development/checkout/terminal/Terminal/Terminal.csproj]
/Users/jangminho/development/checkout/terminal/Terminal/ViewModels/MainViewModel.cs(235,18): warning CS8826: Partial method declarations 'void MainViewModel.OnPaymentMethodChanged(string value)' and 'void MainViewModel.OnPaymentMethodChanged(string _)' have signature differences. [/Users/jangminho/development/checkout/terminal/Terminal/Terminal.csproj]
/Users/jangminho/development/checkout/terminal/Terminal/ViewModels/MainViewModel.cs(242,18): warning CS8826: Partial method declarations 'void MainViewModel.OnCashInsertedChanged(decimal value)' and 'void MainViewModel.OnCashInsertedChanged(decimal _)' have signature differences. [/Users/jangminho/development/checkout/terminal/Terminal/Terminal.csproj]
/Users/jangminho/development/checkout/terminal/Terminal/ViewModels/MainViewModel.cs(707,24): warning CS1998: This async method lacks 'await' operators and will run synchronously. Consider using the 'await' operator to await non-blocking API calls, or 'await Task.Run(...)' to do CPU-bound work on a background thread. [/Users/jangminho/development/checkout/terminal/Terminal/Terminal.csproj]
/Users/jangminho/development/checkout/terminal/Terminal/ViewModels/MainViewModel.cs(1043,24): warning CS1998: This async method lacks 'await' operators and will run synchronously. Consider using the 'await' operator to await non-blocking API calls, or 'await Task.Run(...)' to do CPU-bound work on a background thread. [/Users/jangminho/development/checkout/terminal/Terminal/Terminal.csproj]
/Users/jangminho/development/checkout/terminal/Terminal/ViewModels/MainViewModel.cs(97,41): warning MVVMTK0034: The field Terminal.ViewModels.MainViewModel._settingsPinInput is annotated with [ObservableProperty] and should not be directly referenced (use the generated property instead) (https://aka.ms/mvvmtoolkit/errors/mvvmtk0034) [/Users/jangminho/development/checkout/terminal/Terminal/Terminal.csproj]
    13 Warning(s)
    0 Error(s)

Time Elapsed 00:00:02.80
/Users/jangminho/development/checkout/terminal/Terminal/Terminal.csproj : warning NU1903: Package 'Tmds.DBus.Protocol' 0.20.0 has a known high severity vulnerability, https://github.com/advisories/GHSA-xrw6-gwf8-vvr9
/Users/jangminho/development/checkout/terminal/Terminal/Terminal.csproj : warning NU1903: Package 'Tmds.DBus.Protocol' 0.20.0 has a known high severity vulnerability, https://github.com/advisories/GHSA-xrw6-gwf8-vvr9
/Users/jangminho/development/checkout/terminal/Terminal/Models/CartItem.cs(31,18): warning CS8826: Partial method declarations 'void CartItem.OnUnitPriceChanged(decimal value)' and 'void CartItem.OnUnitPriceChanged(decimal _)' have signature differences. [/Users/jangminho/development/checkout/terminal/Terminal/Terminal.csproj]
/Users/jangminho/development/checkout/terminal/Terminal/Models/CartItem.cs(32,18): warning CS8826: Partial method declarations 'void CartItem.OnWeightStatusChanged(string value)' and 'void CartItem.OnWeightStatusChanged(string _)' have signature differences. [/Users/jangminho/development/checkout/terminal/Terminal/Terminal.csproj]
/Users/jangminho/development/checkout/terminal/Terminal/ViewModels/MainViewModel.cs(165,18): warning CS8826: Partial method declarations 'void MainViewModel.OnBonusPointsInputChanged(string value)' and 'void MainViewModel.OnBonusPointsInputChanged(string _)' have signature differences. [/Users/jangminho/development/checkout/terminal/Terminal/Terminal.csproj]
/Users/jangminho/development/checkout/terminal/Terminal/ViewModels/MainViewModel.cs(219,18): warning CS8826: Partial method declarations 'void MainViewModel.OnCurrentMemberChanged(LoyaltyMemberInfo? value)' and 'void MainViewModel.OnCurrentMemberChanged(LoyaltyMemberInfo? _)' have signature differences. [/Users/jangminho/development/checkout/terminal/Terminal/Terminal.csproj]
/Users/jangminho/development/checkout/terminal/Terminal/ViewModels/MainViewModel.cs(225,18): warning CS8826: Partial method declarations 'void MainViewModel.OnPointsEarnedChanged(int value)' and 'void MainViewModel.OnPointsEarnedChanged(int _)' have signature differences. [/Users/jangminho/development/checkout/terminal/Terminal/Terminal.csproj]
/Users/jangminho/development/checkout/terminal/Terminal/ViewModels/MainViewModel.cs(228,18): warning CS8826: Partial method declarations 'void MainViewModel.OnLoyaltyDiscountChanged(decimal value)' and 'void MainViewModel.OnLoyaltyDiscountChanged(decimal _)' have signature differences. [/Users/jangminho/development/checkout/terminal/Terminal/Terminal.csproj]
/Users/jangminho/development/checkout/terminal/Terminal/ViewModels/MainViewModel.cs(235,18): warning CS8826: Partial method declarations 'void MainViewModel.OnPaymentMethodChanged(string value)' and 'void MainViewModel.OnPaymentMethodChanged(string _)' have signature differences. [/Users/jangminho/development/checkout/terminal/Terminal/Terminal.csproj]
/Users/jangminho/development/checkout/terminal/Terminal/ViewModels/MainViewModel.cs(242,18): warning CS8826: Partial method declarations 'void MainViewModel.OnCashInsertedChanged(decimal value)' and 'void MainViewModel.OnCashInsertedChanged(decimal _)' have signature differences. [/Users/jangminho/development/checkout/terminal/Terminal/Terminal.csproj]
/Users/jangminho/development/checkout/terminal/Terminal/ViewModels/MainViewModel.cs(707,24): warning CS1998: This async method lacks 'await' operators and will run synchronously. Consider using the 'await' operator to await non-blocking API calls, or 'await Task.Run(...)' to do CPU-bound work on a background thread. [/Users/jangminho/development/checkout/terminal/Terminal/Terminal.csproj]
/Users/jangminho/development/checkout/terminal/Terminal/ViewModels/MainViewModel.cs(1043,24): warning CS1998: This async method lacks 'await' operators and will run synchronously. Consider using the 'await' operator to await non-blocking API calls, or 'await Task.Run(...)' to do CPU-bound work on a background thread. [/Users/jangminho/development/checkout/terminal/Terminal/Terminal.csproj]
/Users/jangminho/development/checkout/terminal/Terminal/ViewModels/MainViewModel.cs(97,41): warning MVVMTK0034: The field Terminal.ViewModels.MainViewModel._settingsPinInput is annotated with [ObservableProperty] and should not be directly referenced (use the generated property instead) (https://aka.ms/mvvmtoolkit/errors/mvvmtk0034) [/Users/jangminho/development/checkout/terminal/Terminal/Terminal.csproj]

Build succeeded.

/Users/jangminho/development/checkout/terminal/Terminal/Terminal.csproj : warning NU1903: Package 'Tmds.DBus.Protocol' 0.20.0 has a known high severity vulnerability, https://github.com/advisories/GHSA-xrw6-gwf8-vvr9
/Users/jangminho/development/checkout/terminal/Terminal/Terminal.csproj : warning NU1903: Package 'Tmds.DBus.Protocol' 0.20.0 has a known high severity vulnerability, https://github.com/advisories/GHSA-xrw6-gwf8-vvr9
/Users/jangminho/development/checkout/terminal/Terminal/Models/CartItem.cs(31,18): warning CS8826: Partial method declarations 'void CartItem.OnUnitPriceChanged(decimal value)' and 'void CartItem.OnUnitPriceChanged(decimal _)' have signature differences. [/Users/jangminho/development/checkout/terminal/Terminal/Terminal.csproj]
/Users/jangminho/development/checkout/terminal/Terminal/Models/CartItem.cs(32,18): warning CS8826: Partial method declarations 'void CartItem.OnWeightStatusChanged(string value)' and 'void CartItem.OnWeightStatusChanged(string _)' have signature differences. [/Users/jangminho/development/checkout/terminal/Terminal/Terminal.csproj]
/Users/jangminho/development/checkout/terminal/Terminal/ViewModels/MainViewModel.cs(165,18): warning CS8826: Partial method declarations 'void MainViewModel.OnBonusPointsInputChanged(string value)' and 'void MainViewModel.OnBonusPointsInputChanged(string _)' have signature differences. [/Users/jangminho/development/checkout/terminal/Terminal/Terminal.csproj]
/Users/jangminho/development/checkout/terminal/Terminal/ViewModels/MainViewModel.cs(219,18): warning CS8826: Partial method declarations 'void MainViewModel.OnCurrentMemberChanged(LoyaltyMemberInfo? value)' and 'void MainViewModel.OnCurrentMemberChanged(LoyaltyMemberInfo? _)' have signature differences. [/Users/jangminho/development/checkout/terminal/Terminal/Terminal.csproj]
/Users/jangminho/development/checkout/terminal/Terminal/ViewModels/MainViewModel.cs(225,18): warning CS8826: Partial method declarations 'void MainViewModel.OnPointsEarnedChanged(int value)' and 'void MainViewModel.OnPointsEarnedChanged(int _)' have signature differences. [/Users/jangminho/development/checkout/terminal/Terminal/Terminal.csproj]
/Users/jangminho/development/checkout/terminal/Terminal/ViewModels/MainViewModel.cs(228,18): warning CS8826: Partial method declarations 'void MainViewModel.OnLoyaltyDiscountChanged(decimal value)' and 'void MainViewModel.OnLoyaltyDiscountChanged(decimal _)' have signature differences. [/Users/jangminho/development/checkout/terminal/Terminal/Terminal.csproj]
/Users/jangminho/development/checkout/terminal/Terminal/ViewModels/MainViewModel.cs(235,18): warning CS8826: Partial method declarations 'void MainViewModel.OnPaymentMethodChanged(string value)' and 'void MainViewModel.OnPaymentMethodChanged(string _)' have signature differences. [/Users/jangminho/development/checkout/terminal/Terminal/Terminal.csproj]
/Users/jangminho/development/checkout/terminal/Terminal/ViewModels/MainViewModel.cs(242,18): warning CS8826: Partial method declarations 'void MainViewModel.OnCashInsertedChanged(decimal value)' and 'void MainViewModel.OnCashInsertedChanged(decimal _)' have signature differences. [/Users/jangminho/development/checkout/terminal/Terminal/Terminal.csproj]
/Users/jangminho/development/checkout/terminal/Terminal/ViewModels/MainViewModel.cs(707,24): warning CS1998: This async method lacks 'await' operators and will run synchronously. Consider using the 'await' operator to await non-blocking API calls, or 'await Task.Run(...)' to do CPU-bound work on a background thread. [/Users/jangminho/development/checkout/terminal/Terminal/Terminal.csproj]
/Users/jangminho/development/checkout/terminal/Terminal/ViewModels/MainViewModel.cs(1043,24): warning CS1998: This async method lacks 'await' operators and will run synchronously. Consider using the 'await' operator to await non-blocking API calls, or 'await Task.Run(...)' to do CPU-bound work on a background thread. [/Users/jangminho/development/checkout/terminal/Terminal/Terminal.csproj]
/Users/jangminho/development/checkout/terminal/Terminal/ViewModels/MainViewModel.cs(97,41): warning MVVMTK0034: The field Terminal.ViewModels.MainViewModel._settingsPinInput is annotated with [ObservableProperty] and should not be directly referenced (use the generated property instead) (https://aka.ms/mvvmtoolkit/errors/mvvmtk0034) [/Users/jangminho/development/checkout/terminal/Terminal/Terminal.csproj]
    13 Warning(s)
    0 Error(s)

Time Elapsed 00:00:03.97
/Users/jangminho/development/checkout/terminal/Terminal/Terminal.csproj : warning NU1903: Package 'Tmds.DBus.Protocol' 0.20.0 has a known high severity vulnerability, https://github.com/advisories/GHSA-xrw6-gwf8-vvr9
/Users/jangminho/development/checkout/terminal/Terminal/Terminal.csproj : warning NU1903: Package 'Tmds.DBus.Protocol' 0.20.0 has a known high severity vulnerability, https://github.com/advisories/GHSA-xrw6-gwf8-vvr9
/Users/jangminho/development/checkout/terminal/Terminal/Models/CartItem.cs(31,18): warning CS8826: Partial method declarations 'void CartItem.OnUnitPriceChanged(decimal value)' and 'void CartItem.OnUnitPriceChanged(decimal _)' have signature differences. [/Users/jangminho/development/checkout/terminal/Terminal/Terminal.csproj]
/Users/jangminho/development/checkout/terminal/Terminal/Models/CartItem.cs(32,18): warning CS8826: Partial method declarations 'void CartItem.OnWeightStatusChanged(string value)' and 'void CartItem.OnWeightStatusChanged(string _)' have signature differences. [/Users/jangminho/development/checkout/terminal/Terminal/Terminal.csproj]
/Users/jangminho/development/checkout/terminal/Terminal/ViewModels/MainViewModel.cs(165,18): warning CS8826: Partial method declarations 'void MainViewModel.OnBonusPointsInputChanged(string value)' and 'void MainViewModel.OnBonusPointsInputChanged(string _)' have signature differences. [/Users/jangminho/development/checkout/terminal/Terminal/Terminal.csproj]
/Users/jangminho/development/checkout/terminal/Terminal/ViewModels/MainViewModel.cs(219,18): warning CS8826: Partial method declarations 'void MainViewModel.OnCurrentMemberChanged(LoyaltyMemberInfo? value)' and 'void MainViewModel.OnCurrentMemberChanged(LoyaltyMemberInfo? _)' have signature differences. [/Users/jangminho/development/checkout/terminal/Terminal/Terminal.csproj]
/Users/jangminho/development/checkout/terminal/Terminal/ViewModels/MainViewModel.cs(225,18): warning CS8826: Partial method declarations 'void MainViewModel.OnPointsEarnedChanged(int value)' and 'void MainViewModel.OnPointsEarnedChanged(int _)' have signature differences. [/Users/jangminho/development/checkout/terminal/Terminal/Terminal.csproj]
/Users/jangminho/development/checkout/terminal/Terminal/ViewModels/MainViewModel.cs(228,18): warning CS8826: Partial method declarations 'void MainViewModel.OnLoyaltyDiscountChanged(decimal value)' and 'void MainViewModel.OnLoyaltyDiscountChanged(decimal _)' have signature differences. [/Users/jangminho/development/checkout/terminal/Terminal/Terminal.csproj]
/Users/jangminho/development/checkout/terminal/Terminal/ViewModels/MainViewModel.cs(235,18): warning CS8826: Partial method declarations 'void MainViewModel.OnPaymentMethodChanged(string value)' and 'void MainViewModel.OnPaymentMethodChanged(string _)' have signature differences. [/Users/jangminho/development/checkout/terminal/Terminal/Terminal.csproj]
/Users/jangminho/development/checkout/terminal/Terminal/ViewModels/MainViewModel.cs(242,18): warning CS8826: Partial method declarations 'void MainViewModel.OnCashInsertedChanged(decimal value)' and 'void MainViewModel.OnCashInsertedChanged(decimal _)' have signature differences. [/Users/jangminho/development/checkout/terminal/Terminal/Terminal.csproj]
/Users/jangminho/development/checkout/terminal/Terminal/ViewModels/MainViewModel.cs(707,24): warning CS1998: This async method lacks 'await' operators and will run synchronously. Consider using the 'await' operator to await non-blocking API calls, or 'await Task.Run(...)' to do CPU-bound work on a background thread. [/Users/jangminho/development/checkout/terminal/Terminal/Terminal.csproj]
/Users/jangminho/development/checkout/terminal/Terminal/ViewModels/MainViewModel.cs(1043,24): warning CS1998: This async method lacks 'await' operators and will run synchronously. Consider using the 'await' operator to await non-blocking API calls, or 'await Task.Run(...)' to do CPU-bound work on a background thread. [/Users/jangminho/development/checkout/terminal/Terminal/Terminal.csproj]
/Users/jangminho/development/checkout/terminal/Terminal/ViewModels/MainViewModel.cs(97,41): warning MVVMTK0034: The field Terminal.ViewModels.MainViewModel._settingsPinInput is annotated with [ObservableProperty] and should not be directly referenced (use the generated property instead) (https://aka.ms/mvvmtoolkit/errors/mvvmtk0034) [/Users/jangminho/development/checkout/terminal/Terminal/Terminal.csproj]

Build succeeded.

/Users/jangminho/development/checkout/terminal/Terminal/Terminal.csproj : warning NU1903: Package 'Tmds.DBus.Protocol' 0.20.0 has a known high severity vulnerability, https://github.com/advisories/GHSA-xrw6-gwf8-vvr9
/Users/jangminho/development/checkout/terminal/Terminal/Terminal.csproj : warning NU1903: Package 'Tmds.DBus.Protocol' 0.20.0 has a known high severity vulnerability, https://github.com/advisories/GHSA-xrw6-gwf8-vvr9
/Users/jangminho/development/checkout/terminal/Terminal/Models/CartItem.cs(31,18): warning CS8826: Partial method declarations 'void CartItem.OnUnitPriceChanged(decimal value)' and 'void CartItem.OnUnitPriceChanged(decimal _)' have signature differences. [/Users/jangminho/development/checkout/terminal/Terminal/Terminal.csproj]
/Users/jangminho/development/checkout/terminal/Terminal/Models/CartItem.cs(32,18): warning CS8826: Partial method declarations 'void CartItem.OnWeightStatusChanged(string value)' and 'void CartItem.OnWeightStatusChanged(string _)' have signature differences. [/Users/jangminho/development/checkout/terminal/Terminal/Terminal.csproj]
/Users/jangminho/development/checkout/terminal/Terminal/ViewModels/MainViewModel.cs(165,18): warning CS8826: Partial method declarations 'void MainViewModel.OnBonusPointsInputChanged(string value)' and 'void MainViewModel.OnBonusPointsInputChanged(string _)' have signature differences. [/Users/jangminho/development/checkout/terminal/Terminal/Terminal.csproj]
/Users/jangminho/development/checkout/terminal/Terminal/ViewModels/MainViewModel.cs(219,18): warning CS8826: Partial method declarations 'void MainViewModel.OnCurrentMemberChanged(LoyaltyMemberInfo? value)' and 'void MainViewModel.OnCurrentMemberChanged(LoyaltyMemberInfo? _)' have signature differences. [/Users/jangminho/development/checkout/terminal/Terminal/Terminal.csproj]
/Users/jangminho/development/checkout/terminal/Terminal/ViewModels/MainViewModel.cs(225,18): warning CS8826: Partial method declarations 'void MainViewModel.OnPointsEarnedChanged(int value)' and 'void MainViewModel.OnPointsEarnedChanged(int _)' have signature differences. [/Users/jangminho/development/checkout/terminal/Terminal/Terminal.csproj]
/Users/jangminho/development/checkout/terminal/Terminal/ViewModels/MainViewModel.cs(228,18): warning CS8826: Partial method declarations 'void MainViewModel.OnLoyaltyDiscountChanged(decimal value)' and 'void MainViewModel.OnLoyaltyDiscountChanged(decimal _)' have signature differences. [/Users/jangminho/development/checkout/terminal/Terminal/Terminal.csproj]
/Users/jangminho/development/checkout/terminal/Terminal/ViewModels/MainViewModel.cs(235,18): warning CS8826: Partial method declarations 'void MainViewModel.OnPaymentMethodChanged(string value)' and 'void MainViewModel.OnPaymentMethodChanged(string _)' have signature differences. [/Users/jangminho/development/checkout/terminal/Terminal/Terminal.csproj]
/Users/jangminho/development/checkout/terminal/Terminal/ViewModels/MainViewModel.cs(242,18): warning CS8826: Partial method declarations 'void MainViewModel.OnCashInsertedChanged(decimal value)' and 'void MainViewModel.OnCashInsertedChanged(decimal _)' have signature differences. [/Users/jangminho/development/checkout/terminal/Terminal/Terminal.csproj]
/Users/jangminho/development/checkout/terminal/Terminal/ViewModels/MainViewModel.cs(707,24): warning CS1998: This async method lacks 'await' operators and will run synchronously. Consider using the 'await' operator to await non-blocking API calls, or 'await Task.Run(...)' to do CPU-bound work on a background thread. [/Users/jangminho/development/checkout/terminal/Terminal/Terminal.csproj]
/Users/jangminho/development/checkout/terminal/Terminal/ViewModels/MainViewModel.cs(1043,24): warning CS1998: This async method lacks 'await' operators and will run synchronously. Consider using the 'await' operator to await non-blocking API calls, or 'await Task.Run(...)' to do CPU-bound work on a background thread. [/Users/jangminho/development/checkout/terminal/Terminal/Terminal.csproj]
/Users/jangminho/development/checkout/terminal/Terminal/ViewModels/MainViewModel.cs(97,41): warning MVVMTK0034: The field Terminal.ViewModels.MainViewModel._settingsPinInput is annotated with [ObservableProperty] and should not be directly referenced (use the generated property instead) (https://aka.ms/mvvmtoolkit/errors/mvvmtk0034) [/Users/jangminho/development/checkout/terminal/Terminal/Terminal.csproj]
    13 Warning(s)
    0 Error(s)

Time Elapsed 00:00:03.54
/Users/jangminho/development/checkout/terminal/Terminal/Terminal.csproj : warning NU1903: Package 'Tmds.DBus.Protocol' 0.20.0 has a known high severity vulnerability, https://github.com/advisories/GHSA-xrw6-gwf8-vvr9
/Users/jangminho/development/checkout/terminal/Terminal/Terminal.csproj : warning NU1903: Package 'Tmds.DBus.Protocol' 0.20.0 has a known high severity vulnerability, https://github.com/advisories/GHSA-xrw6-gwf8-vvr9

Build succeeded.

/Users/jangminho/development/checkout/terminal/Terminal/Terminal.csproj : warning NU1903: Package 'Tmds.DBus.Protocol' 0.20.0 has a known high severity vulnerability, https://github.com/advisories/GHSA-xrw6-gwf8-vvr9
/Users/jangminho/development/checkout/terminal/Terminal/Terminal.csproj : warning NU1903: Package 'Tmds.DBus.Protocol' 0.20.0 has a known high severity vulnerability, https://github.com/advisories/GHSA-xrw6-gwf8-vvr9
    2 Warning(s)
    0 Error(s)

Time Elapsed 00:00:00.69
/Users/jangminho/development/checkout/terminal/Terminal/Terminal.csproj : warning NU1903: Package 'Tmds.DBus.Protocol' 0.20.0 has a known high severity vulnerability, https://github.com/advisories/GHSA-xrw6-gwf8-vvr9
/Users/jangminho/development/checkout/terminal/Terminal/Terminal.csproj : warning NU1903: Package 'Tmds.DBus.Protocol' 0.20.0 has a known high severity vulnerability, https://github.com/advisories/GHSA-xrw6-gwf8-vvr9
/Users/jangminho/development/checkout/terminal/Terminal/Views/MainWindow.axaml : Avalonia error AVLN1001: File doesn't contain valid XAML: System.Xml.XmlException: Name cannot begin with the '<' character, hexadecimal value 0x3C. Line 135, position 7. [/Users/jangminho/development/checkout/terminal/Terminal/Terminal.csproj]
/Users/jangminho/development/checkout/terminal/Terminal/Views/MainWindow.axaml : Avalonia error AVLN1001:    at System.Xml.XmlTextReaderImpl.Throw(Exception e) [/Users/jangminho/development/checkout/terminal/Terminal/Terminal.csproj]
/Users/jangminho/development/checkout/terminal/Terminal/Views/MainWindow.axaml : Avalonia error AVLN1001:    at System.Xml.XmlTextReaderImpl.Throw(String res, String[] args) [/Users/jangminho/development/checkout/terminal/Terminal/Terminal.csproj]
/Users/jangminho/development/checkout/terminal/Terminal/Views/MainWindow.axaml : Avalonia error AVLN1001:    at System.Xml.XmlTextReaderImpl.ParseAttributes() [/Users/jangminho/development/checkout/terminal/Terminal/Terminal.csproj]
/Users/jangminho/development/checkout/terminal/Terminal/Views/MainWindow.axaml : Avalonia error AVLN1001:    at System.Xml.XmlTextReaderImpl.ParseElement() [/Users/jangminho/development/checkout/terminal/Terminal/Terminal.csproj]
/Users/jangminho/development/checkout/terminal/Terminal/Views/MainWindow.axaml : Avalonia error AVLN1001:    at System.Xml.XmlTextReaderImpl.ParseElementContent() [/Users/jangminho/development/checkout/terminal/Terminal/Terminal.csproj]
/Users/jangminho/development/checkout/terminal/Terminal/Views/MainWindow.axaml : Avalonia error AVLN1001:    at System.Xml.Linq.XContainer.ReadContentFrom(XmlReader r) [/Users/jangminho/development/checkout/terminal/Terminal/Terminal.csproj]
/Users/jangminho/development/checkout/terminal/Terminal/Views/MainWindow.axaml : Avalonia error AVLN1001:    at System.Xml.Linq.XDocument.Load(XmlReader reader, LoadOptions options) [/Users/jangminho/development/checkout/terminal/Terminal/Terminal.csproj]
/Users/jangminho/development/checkout/terminal/Terminal/Views/MainWindow.axaml : Avalonia error AVLN1001:    at System.Xml.Linq.XDocument.Parse(String text, LoadOptions options) [/Users/jangminho/development/checkout/terminal/Terminal/Terminal.csproj]
/Users/jangminho/development/checkout/terminal/Terminal/Views/MainWindow.axaml : Avalonia error AVLN1001:    at Avalonia.Build.Tasks.XamlFileInfo.Parse(String data) in /_/src/Avalonia.Build.Tasks/XamlFileInfo.cs:line 11 [/Users/jangminho/development/checkout/terminal/Terminal/Terminal.csproj]
/Users/jangminho/development/checkout/terminal/Terminal/Views/MainWindow.axaml : Avalonia error AVLN1001:    at Avalonia.Build.Tasks.GenerateAvaloniaResourcesTask.PreProcessXamlFiles(List`1 sources) in /_/src/Avalonia.Build.Tasks/GenerateAvaloniaResourcesTask.cs:line 106 [/Users/jangminho/development/checkout/terminal/Terminal/Terminal.csproj]

Build FAILED.

/Users/jangminho/development/checkout/terminal/Terminal/Terminal.csproj : warning NU1903: Package 'Tmds.DBus.Protocol' 0.20.0 has a known high severity vulnerability, https://github.com/advisories/GHSA-xrw6-gwf8-vvr9
/Users/jangminho/development/checkout/terminal/Terminal/Terminal.csproj : warning NU1903: Package 'Tmds.DBus.Protocol' 0.20.0 has a known high severity vulnerability, https://github.com/advisories/GHSA-xrw6-gwf8-vvr9
/Users/jangminho/development/checkout/terminal/Terminal/Views/MainWindow.axaml : Avalonia error AVLN1001: File doesn't contain valid XAML: System.Xml.XmlException: Name cannot begin with the '<' character, hexadecimal value 0x3C. Line 135, position 7. [/Users/jangminho/development/checkout/terminal/Terminal/Terminal.csproj]
/Users/jangminho/development/checkout/terminal/Terminal/Views/MainWindow.axaml : Avalonia error AVLN1001:    at System.Xml.XmlTextReaderImpl.Throw(Exception e) [/Users/jangminho/development/checkout/terminal/Terminal/Terminal.csproj]
/Users/jangminho/development/checkout/terminal/Terminal/Views/MainWindow.axaml : Avalonia error AVLN1001:    at System.Xml.XmlTextReaderImpl.Throw(String res, String[] args) [/Users/jangminho/development/checkout/terminal/Terminal/Terminal.csproj]
/Users/jangminho/development/checkout/terminal/Terminal/Views/MainWindow.axaml : Avalonia error AVLN1001:    at System.Xml.XmlTextReaderImpl.ParseAttributes() [/Users/jangminho/development/checkout/terminal/Terminal/Terminal.csproj]
/Users/jangminho/development/checkout/terminal/Terminal/Views/MainWindow.axaml : Avalonia error AVLN1001:    at System.Xml.XmlTextReaderImpl.ParseElement() [/Users/jangminho/development/checkout/terminal/Terminal/Terminal.csproj]
/Users/jangminho/development/checkout/terminal/Terminal/Views/MainWindow.axaml : Avalonia error AVLN1001:    at System.Xml.XmlTextReaderImpl.ParseElementContent() [/Users/jangminho/development/checkout/terminal/Terminal/Terminal.csproj]
/Users/jangminho/development/checkout/terminal/Terminal/Views/MainWindow.axaml : Avalonia error AVLN1001:    at System.Xml.Linq.XContainer.ReadContentFrom(XmlReader r) [/Users/jangminho/development/checkout/terminal/Terminal/Terminal.csproj]
/Users/jangminho/development/checkout/terminal/Terminal/Views/MainWindow.axaml : Avalonia error AVLN1001:    at System.Xml.Linq.XDocument.Load(XmlReader reader, LoadOptions options) [/Users/jangminho/development/checkout/terminal/Terminal/Terminal.csproj]
/Users/jangminho/development/checkout/terminal/Terminal/Views/MainWindow.axaml : Avalonia error AVLN1001:    at System.Xml.Linq.XDocument.Parse(String text, LoadOptions options) [/Users/jangminho/development/checkout/terminal/Terminal/Terminal.csproj]
/Users/jangminho/development/checkout/terminal/Terminal/Views/MainWindow.axaml : Avalonia error AVLN1001:    at Avalonia.Build.Tasks.XamlFileInfo.Parse(String data) in /_/src/Avalonia.Build.Tasks/XamlFileInfo.cs:line 11 [/Users/jangminho/development/checkout/terminal/Terminal/Terminal.csproj]
/Users/jangminho/development/checkout/terminal/Terminal/Views/MainWindow.axaml : Avalonia error AVLN1001:    at Avalonia.Build.Tasks.GenerateAvaloniaResourcesTask.PreProcessXamlFiles(List`1 sources) in /_/src/Avalonia.Build.Tasks/GenerateAvaloniaResourcesTask.cs:line 106 [/Users/jangminho/development/checkout/terminal/Terminal/Terminal.csproj]
    2 Warning(s)
    1 Error(s)

Time Elapsed 00:00:00.69
/Users/jangminho/development/checkout/terminal/Terminal/Terminal.csproj : warning NU1903: Package 'Tmds.DBus.Protocol' 0.20.0 has a known high severity vulnerability, https://github.com/advisories/GHSA-xrw6-gwf8-vvr9
/Users/jangminho/development/checkout/terminal/Terminal/Terminal.csproj : warning NU1903: Package 'Tmds.DBus.Protocol' 0.20.0 has a known high severity vulnerability, https://github.com/advisories/GHSA-xrw6-gwf8-vvr9
/Users/jangminho/development/checkout/terminal/Terminal/Views/MainWindow.axaml : Avalonia error AVLN1001: File doesn't contain valid XAML: System.Xml.XmlException: Name cannot begin with the '<' character, hexadecimal value 0x3C. Line 134, position 7. [/Users/jangminho/development/checkout/terminal/Terminal/Terminal.csproj]
/Users/jangminho/development/checkout/terminal/Terminal/Views/MainWindow.axaml : Avalonia error AVLN1001:    at System.Xml.XmlTextReaderImpl.Throw(Exception e) [/Users/jangminho/development/checkout/terminal/Terminal/Terminal.csproj]
/Users/jangminho/development/checkout/terminal/Terminal/Views/MainWindow.axaml : Avalonia error AVLN1001:    at System.Xml.XmlTextReaderImpl.Throw(String res, String[] args) [/Users/jangminho/development/checkout/terminal/Terminal/Terminal.csproj]
/Users/jangminho/development/checkout/terminal/Terminal/Views/MainWindow.axaml : Avalonia error AVLN1001:    at System.Xml.XmlTextReaderImpl.ParseAttributes() [/Users/jangminho/development/checkout/terminal/Terminal/Terminal.csproj]
/Users/jangminho/development/checkout/terminal/Terminal/Views/MainWindow.axaml : Avalonia error AVLN1001:    at System.Xml.XmlTextReaderImpl.ParseElement() [/Users/jangminho/development/checkout/terminal/Terminal/Terminal.csproj]
/Users/jangminho/development/checkout/terminal/Terminal/Views/MainWindow.axaml : Avalonia error AVLN1001:    at System.Xml.XmlTextReaderImpl.ParseElementContent() [/Users/jangminho/development/checkout/terminal/Terminal/Terminal.csproj]
/Users/jangminho/development/checkout/terminal/Terminal/Views/MainWindow.axaml : Avalonia error AVLN1001:    at System.Xml.Linq.XContainer.ReadContentFrom(XmlReader r) [/Users/jangminho/development/checkout/terminal/Terminal/Terminal.csproj]
/Users/jangminho/development/checkout/terminal/Terminal/Views/MainWindow.axaml : Avalonia error AVLN1001:    at System.Xml.Linq.XDocument.Load(XmlReader reader, LoadOptions options) [/Users/jangminho/development/checkout/terminal/Terminal/Terminal.csproj]
/Users/jangminho/development/checkout/terminal/Terminal/Views/MainWindow.axaml : Avalonia error AVLN1001:    at System.Xml.Linq.XDocument.Parse(String text, LoadOptions options) [/Users/jangminho/development/checkout/terminal/Terminal/Terminal.csproj]
/Users/jangminho/development/checkout/terminal/Terminal/Views/MainWindow.axaml : Avalonia error AVLN1001:    at Avalonia.Build.Tasks.XamlFileInfo.Parse(String data) in /_/src/Avalonia.Build.Tasks/XamlFileInfo.cs:line 11 [/Users/jangminho/development/checkout/terminal/Terminal/Terminal.csproj]
/Users/jangminho/development/checkout/terminal/Terminal/Views/MainWindow.axaml : Avalonia error AVLN1001:    at Avalonia.Build.Tasks.GenerateAvaloniaResourcesTask.PreProcessXamlFiles(List`1 sources) in /_/src/Avalonia.Build.Tasks/GenerateAvaloniaResourcesTask.cs:line 106 [/Users/jangminho/development/checkout/terminal/Terminal/Terminal.csproj]

Build FAILED.

/Users/jangminho/development/checkout/terminal/Terminal/Terminal.csproj : warning NU1903: Package 'Tmds.DBus.Protocol' 0.20.0 has a known high severity vulnerability, https://github.com/advisories/GHSA-xrw6-gwf8-vvr9
/Users/jangminho/development/checkout/terminal/Terminal/Terminal.csproj : warning NU1903: Package 'Tmds.DBus.Protocol' 0.20.0 has a known high severity vulnerability, https://github.com/advisories/GHSA-xrw6-gwf8-vvr9
/Users/jangminho/development/checkout/terminal/Terminal/Views/MainWindow.axaml : Avalonia error AVLN1001: File doesn't contain valid XAML: System.Xml.XmlException: Name cannot begin with the '<' character, hexadecimal value 0x3C. Line 134, position 7. [/Users/jangminho/development/checkout/terminal/Terminal/Terminal.csproj]
/Users/jangminho/development/checkout/terminal/Terminal/Views/MainWindow.axaml : Avalonia error AVLN1001:    at System.Xml.XmlTextReaderImpl.Throw(Exception e) [/Users/jangminho/development/checkout/terminal/Terminal/Terminal.csproj]
/Users/jangminho/development/checkout/terminal/Terminal/Views/MainWindow.axaml : Avalonia error AVLN1001:    at System.Xml.XmlTextReaderImpl.Throw(String res, String[] args) [/Users/jangminho/development/checkout/terminal/Terminal/Terminal.csproj]
/Users/jangminho/development/checkout/terminal/Terminal/Views/MainWindow.axaml : Avalonia error AVLN1001:    at System.Xml.XmlTextReaderImpl.ParseAttributes() [/Users/jangminho/development/checkout/terminal/Terminal/Terminal.csproj]
/Users/jangminho/development/checkout/terminal/Terminal/Views/MainWindow.axaml : Avalonia error AVLN1001:    at System.Xml.XmlTextReaderImpl.ParseElement() [/Users/jangminho/development/checkout/terminal/Terminal/Terminal.csproj]
/Users/jangminho/development/checkout/terminal/Terminal/Views/MainWindow.axaml : Avalonia error AVLN1001:    at System.Xml.XmlTextReaderImpl.ParseElementContent() [/Users/jangminho/development/checkout/terminal/Terminal/Terminal.csproj]
/Users/jangminho/development/checkout/terminal/Terminal/Views/MainWindow.axaml : Avalonia error AVLN1001:    at System.Xml.Linq.XContainer.ReadContentFrom(XmlReader r) [/Users/jangminho/development/checkout/terminal/Terminal/Terminal.csproj]
/Users/jangminho/development/checkout/terminal/Terminal/Views/MainWindow.axaml : Avalonia error AVLN1001:    at System.Xml.Linq.XDocument.Load(XmlReader reader, LoadOptions options) [/Users/jangminho/development/checkout/terminal/Terminal/Terminal.csproj]
/Users/jangminho/development/checkout/terminal/Terminal/Views/MainWindow.axaml : Avalonia error AVLN1001:    at System.Xml.Linq.XDocument.Parse(String text, LoadOptions options) [/Users/jangminho/development/checkout/terminal/Terminal/Terminal.csproj]
/Users/jangminho/development/checkout/terminal/Terminal/Views/MainWindow.axaml : Avalonia error AVLN1001:    at Avalonia.Build.Tasks.XamlFileInfo.Parse(String data) in /_/src/Avalonia.Build.Tasks/XamlFileInfo.cs:line 11 [/Users/jangminho/development/checkout/terminal/Terminal/Terminal.csproj]
/Users/jangminho/development/checkout/terminal/Terminal/Views/MainWindow.axaml : Avalonia error AVLN1001:    at Avalonia.Build.Tasks.GenerateAvaloniaResourcesTask.PreProcessXamlFiles(List`1 sources) in /_/src/Avalonia.Build.Tasks/GenerateAvaloniaResourcesTask.cs:line 106 [/Users/jangminho/development/checkout/terminal/Terminal/Terminal.csproj]
    2 Warning(s)
    1 Error(s)

Time Elapsed 00:00:00.57
/Users/jangminho/development/checkout/terminal/Terminal/Terminal.csproj : warning NU1903: Package 'Tmds.DBus.Protocol' 0.20.0 has a known high severity vulnerability, https://github.com/advisories/GHSA-xrw6-gwf8-vvr9
/Users/jangminho/development/checkout/terminal/Terminal/Terminal.csproj : warning NU1903: Package 'Tmds.DBus.Protocol' 0.20.0 has a known high severity vulnerability, https://github.com/advisories/GHSA-xrw6-gwf8-vvr9
/Users/jangminho/development/checkout/terminal/Terminal/Models/CartItem.cs(31,18): warning CS8826: Partial method declarations 'void CartItem.OnUnitPriceChanged(decimal value)' and 'void CartItem.OnUnitPriceChanged(decimal _)' have signature differences. [/Users/jangminho/development/checkout/terminal/Terminal/Terminal.csproj]
/Users/jangminho/development/checkout/terminal/Terminal/Models/CartItem.cs(32,18): warning CS8826: Partial method declarations 'void CartItem.OnWeightStatusChanged(string value)' and 'void CartItem.OnWeightStatusChanged(string _)' have signature differences. [/Users/jangminho/development/checkout/terminal/Terminal/Terminal.csproj]
/Users/jangminho/development/checkout/terminal/Terminal/ViewModels/MainViewModel.cs(166,18): warning CS8826: Partial method declarations 'void MainViewModel.OnBonusPointsInputChanged(string value)' and 'void MainViewModel.OnBonusPointsInputChanged(string _)' have signature differences. [/Users/jangminho/development/checkout/terminal/Terminal/Terminal.csproj]
/Users/jangminho/development/checkout/terminal/Terminal/ViewModels/MainViewModel.cs(220,18): warning CS8826: Partial method declarations 'void MainViewModel.OnCurrentMemberChanged(LoyaltyMemberInfo? value)' and 'void MainViewModel.OnCurrentMemberChanged(LoyaltyMemberInfo? _)' have signature differences. [/Users/jangminho/development/checkout/terminal/Terminal/Terminal.csproj]
/Users/jangminho/development/checkout/terminal/Terminal/ViewModels/MainViewModel.cs(226,18): warning CS8826: Partial method declarations 'void MainViewModel.OnPointsEarnedChanged(int value)' and 'void MainViewModel.OnPointsEarnedChanged(int _)' have signature differences. [/Users/jangminho/development/checkout/terminal/Terminal/Terminal.csproj]
/Users/jangminho/development/checkout/terminal/Terminal/ViewModels/MainViewModel.cs(229,18): warning CS8826: Partial method declarations 'void MainViewModel.OnLoyaltyDiscountChanged(decimal value)' and 'void MainViewModel.OnLoyaltyDiscountChanged(decimal _)' have signature differences. [/Users/jangminho/development/checkout/terminal/Terminal/Terminal.csproj]
/Users/jangminho/development/checkout/terminal/Terminal/ViewModels/MainViewModel.cs(236,18): warning CS8826: Partial method declarations 'void MainViewModel.OnPaymentMethodChanged(string value)' and 'void MainViewModel.OnPaymentMethodChanged(string _)' have signature differences. [/Users/jangminho/development/checkout/terminal/Terminal/Terminal.csproj]
/Users/jangminho/development/checkout/terminal/Terminal/ViewModels/MainViewModel.cs(243,18): warning CS8826: Partial method declarations 'void MainViewModel.OnCashInsertedChanged(decimal value)' and 'void MainViewModel.OnCashInsertedChanged(decimal _)' have signature differences. [/Users/jangminho/development/checkout/terminal/Terminal/Terminal.csproj]
/Users/jangminho/development/checkout/terminal/Terminal/ViewModels/MainViewModel.cs(709,24): warning CS1998: This async method lacks 'await' operators and will run synchronously. Consider using the 'await' operator to await non-blocking API calls, or 'await Task.Run(...)' to do CPU-bound work on a background thread. [/Users/jangminho/development/checkout/terminal/Terminal/Terminal.csproj]
/Users/jangminho/development/checkout/terminal/Terminal/ViewModels/MainViewModel.cs(1045,24): warning CS1998: This async method lacks 'await' operators and will run synchronously. Consider using the 'await' operator to await non-blocking API calls, or 'await Task.Run(...)' to do CPU-bound work on a background thread. [/Users/jangminho/development/checkout/terminal/Terminal/Terminal.csproj]
/Users/jangminho/development/checkout/terminal/Terminal/ViewModels/MainViewModel.cs(97,41): warning MVVMTK0034: The field Terminal.ViewModels.MainViewModel._settingsPinInput is annotated with [ObservableProperty] and should not be directly referenced (use the generated property instead) (https://aka.ms/mvvmtoolkit/errors/mvvmtk0034) [/Users/jangminho/development/checkout/terminal/Terminal/Terminal.csproj]

Build succeeded.

/Users/jangminho/development/checkout/terminal/Terminal/Terminal.csproj : warning NU1903: Package 'Tmds.DBus.Protocol' 0.20.0 has a known high severity vulnerability, https://github.com/advisories/GHSA-xrw6-gwf8-vvr9
/Users/jangminho/development/checkout/terminal/Terminal/Terminal.csproj : warning NU1903: Package 'Tmds.DBus.Protocol' 0.20.0 has a known high severity vulnerability, https://github.com/advisories/GHSA-xrw6-gwf8-vvr9
/Users/jangminho/development/checkout/terminal/Terminal/Models/CartItem.cs(31,18): warning CS8826: Partial method declarations 'void CartItem.OnUnitPriceChanged(decimal value)' and 'void CartItem.OnUnitPriceChanged(decimal _)' have signature differences. [/Users/jangminho/development/checkout/terminal/Terminal/Terminal.csproj]
/Users/jangminho/development/checkout/terminal/Terminal/Models/CartItem.cs(32,18): warning CS8826: Partial method declarations 'void CartItem.OnWeightStatusChanged(string value)' and 'void CartItem.OnWeightStatusChanged(string _)' have signature differences. [/Users/jangminho/development/checkout/terminal/Terminal/Terminal.csproj]
/Users/jangminho/development/checkout/terminal/Terminal/ViewModels/MainViewModel.cs(166,18): warning CS8826: Partial method declarations 'void MainViewModel.OnBonusPointsInputChanged(string value)' and 'void MainViewModel.OnBonusPointsInputChanged(string _)' have signature differences. [/Users/jangminho/development/checkout/terminal/Terminal/Terminal.csproj]
/Users/jangminho/development/checkout/terminal/Terminal/ViewModels/MainViewModel.cs(220,18): warning CS8826: Partial method declarations 'void MainViewModel.OnCurrentMemberChanged(LoyaltyMemberInfo? value)' and 'void MainViewModel.OnCurrentMemberChanged(LoyaltyMemberInfo? _)' have signature differences. [/Users/jangminho/development/checkout/terminal/Terminal/Terminal.csproj]
/Users/jangminho/development/checkout/terminal/Terminal/ViewModels/MainViewModel.cs(226,18): warning CS8826: Partial method declarations 'void MainViewModel.OnPointsEarnedChanged(int value)' and 'void MainViewModel.OnPointsEarnedChanged(int _)' have signature differences. [/Users/jangminho/development/checkout/terminal/Terminal/Terminal.csproj]
/Users/jangminho/development/checkout/terminal/Terminal/ViewModels/MainViewModel.cs(229,18): warning CS8826: Partial method declarations 'void MainViewModel.OnLoyaltyDiscountChanged(decimal value)' and 'void MainViewModel.OnLoyaltyDiscountChanged(decimal _)' have signature differences. [/Users/jangminho/development/checkout/terminal/Terminal/Terminal.csproj]
/Users/jangminho/development/checkout/terminal/Terminal/ViewModels/MainViewModel.cs(236,18): warning CS8826: Partial method declarations 'void MainViewModel.OnPaymentMethodChanged(string value)' and 'void MainViewModel.OnPaymentMethodChanged(string _)' have signature differences. [/Users/jangminho/development/checkout/terminal/Terminal/Terminal.csproj]
/Users/jangminho/development/checkout/terminal/Terminal/ViewModels/MainViewModel.cs(243,18): warning CS8826: Partial method declarations 'void MainViewModel.OnCashInsertedChanged(decimal value)' and 'void MainViewModel.OnCashInsertedChanged(decimal _)' have signature differences. [/Users/jangminho/development/checkout/terminal/Terminal/Terminal.csproj]
/Users/jangminho/development/checkout/terminal/Terminal/ViewModels/MainViewModel.cs(709,24): warning CS1998: This async method lacks 'await' operators and will run synchronously. Consider using the 'await' operator to await non-blocking API calls, or 'await Task.Run(...)' to do CPU-bound work on a background thread. [/Users/jangminho/development/checkout/terminal/Terminal/Terminal.csproj]
/Users/jangminho/development/checkout/terminal/Terminal/ViewModels/MainViewModel.cs(1045,24): warning CS1998: This async method lacks 'await' operators and will run synchronously. Consider using the 'await' operator to await non-blocking API calls, or 'await Task.Run(...)' to do CPU-bound work on a background thread. [/Users/jangminho/development/checkout/terminal/Terminal/Terminal.csproj]
/Users/jangminho/development/checkout/terminal/Terminal/ViewModels/MainViewModel.cs(97,41): warning MVVMTK0034: The field Terminal.ViewModels.MainViewModel._settingsPinInput is annotated with [ObservableProperty] and should not be directly referenced (use the generated property instead) (https://aka.ms/mvvmtoolkit/errors/mvvmtk0034) [/Users/jangminho/development/checkout/terminal/Terminal/Terminal.csproj]
    13 Warning(s)
    0 Error(s)

Time Elapsed 00:00:03.58
/Users/jangminho/development/checkout/terminal/Terminal/Terminal.csproj : warning NU1903: Package 'Tmds.DBus.Protocol' 0.20.0 has a known high severity vulnerability, https://github.com/advisories/GHSA-xrw6-gwf8-vvr9
/Users/jangminho/development/checkout/terminal/Terminal/Terminal.csproj : warning NU1903: Package 'Tmds.DBus.Protocol' 0.20.0 has a known high severity vulnerability, https://github.com/advisories/GHSA-xrw6-gwf8-vvr9
/Users/jangminho/development/checkout/terminal/Terminal/Models/CartItem.cs(31,18): warning CS8826: Partial method declarations 'void CartItem.OnUnitPriceChanged(decimal value)' and 'void CartItem.OnUnitPriceChanged(decimal _)' have signature differences. [/Users/jangminho/development/checkout/terminal/Terminal/Terminal.csproj]
/Users/jangminho/development/checkout/terminal/Terminal/Models/CartItem.cs(32,18): warning CS8826: Partial method declarations 'void CartItem.OnWeightStatusChanged(string value)' and 'void CartItem.OnWeightStatusChanged(string _)' have signature differences. [/Users/jangminho/development/checkout/terminal/Terminal/Terminal.csproj]
/Users/jangminho/development/checkout/terminal/Terminal/ViewModels/MainViewModel.cs(166,18): warning CS8826: Partial method declarations 'void MainViewModel.OnBonusPointsInputChanged(string value)' and 'void MainViewModel.OnBonusPointsInputChanged(string _)' have signature differences. [/Users/jangminho/development/checkout/terminal/Terminal/Terminal.csproj]
/Users/jangminho/development/checkout/terminal/Terminal/ViewModels/MainViewModel.cs(220,18): warning CS8826: Partial method declarations 'void MainViewModel.OnCurrentMemberChanged(LoyaltyMemberInfo? value)' and 'void MainViewModel.OnCurrentMemberChanged(LoyaltyMemberInfo? _)' have signature differences. [/Users/jangminho/development/checkout/terminal/Terminal/Terminal.csproj]
/Users/jangminho/development/checkout/terminal/Terminal/ViewModels/MainViewModel.cs(226,18): warning CS8826: Partial method declarations 'void MainViewModel.OnPointsEarnedChanged(int value)' and 'void MainViewModel.OnPointsEarnedChanged(int _)' have signature differences. [/Users/jangminho/development/checkout/terminal/Terminal/Terminal.csproj]
/Users/jangminho/development/checkout/terminal/Terminal/ViewModels/MainViewModel.cs(229,18): warning CS8826: Partial method declarations 'void MainViewModel.OnLoyaltyDiscountChanged(decimal value)' and 'void MainViewModel.OnLoyaltyDiscountChanged(decimal _)' have signature differences. [/Users/jangminho/development/checkout/terminal/Terminal/Terminal.csproj]
/Users/jangminho/development/checkout/terminal/Terminal/ViewModels/MainViewModel.cs(236,18): warning CS8826: Partial method declarations 'void MainViewModel.OnPaymentMethodChanged(string value)' and 'void MainViewModel.OnPaymentMethodChanged(string _)' have signature differences. [/Users/jangminho/development/checkout/terminal/Terminal/Terminal.csproj]
/Users/jangminho/development/checkout/terminal/Terminal/ViewModels/MainViewModel.cs(243,18): warning CS8826: Partial method declarations 'void MainViewModel.OnCashInsertedChanged(decimal value)' and 'void MainViewModel.OnCashInsertedChanged(decimal _)' have signature differences. [/Users/jangminho/development/checkout/terminal/Terminal/Terminal.csproj]
/Users/jangminho/development/checkout/terminal/Terminal/ViewModels/MainViewModel.cs(709,24): warning CS1998: This async method lacks 'await' operators and will run synchronously. Consider using the 'await' operator to await non-blocking API calls, or 'await Task.Run(...)' to do CPU-bound work on a background thread. [/Users/jangminho/development/checkout/terminal/Terminal/Terminal.csproj]
/Users/jangminho/development/checkout/terminal/Terminal/ViewModels/MainViewModel.cs(1045,24): warning CS1998: This async method lacks 'await' operators and will run synchronously. Consider using the 'await' operator to await non-blocking API calls, or 'await Task.Run(...)' to do CPU-bound work on a background thread. [/Users/jangminho/development/checkout/terminal/Terminal/Terminal.csproj]
/Users/jangminho/development/checkout/terminal/Terminal/ViewModels/MainViewModel.cs(97,41): warning MVVMTK0034: The field Terminal.ViewModels.MainViewModel._settingsPinInput is annotated with [ObservableProperty] and should not be directly referenced (use the generated property instead) (https://aka.ms/mvvmtoolkit/errors/mvvmtk0034) [/Users/jangminho/development/checkout/terminal/Terminal/Terminal.csproj]

Build succeeded.

/Users/jangminho/development/checkout/terminal/Terminal/Terminal.csproj : warning NU1903: Package 'Tmds.DBus.Protocol' 0.20.0 has a known high severity vulnerability, https://github.com/advisories/GHSA-xrw6-gwf8-vvr9
/Users/jangminho/development/checkout/terminal/Terminal/Terminal.csproj : warning NU1903: Package 'Tmds.DBus.Protocol' 0.20.0 has a known high severity vulnerability, https://github.com/advisories/GHSA-xrw6-gwf8-vvr9
/Users/jangminho/development/checkout/terminal/Terminal/Models/CartItem.cs(31,18): warning CS8826: Partial method declarations 'void CartItem.OnUnitPriceChanged(decimal value)' and 'void CartItem.OnUnitPriceChanged(decimal _)' have signature differences. [/Users/jangminho/development/checkout/terminal/Terminal/Terminal.csproj]
/Users/jangminho/development/checkout/terminal/Terminal/Models/CartItem.cs(32,18): warning CS8826: Partial method declarations 'void CartItem.OnWeightStatusChanged(string value)' and 'void CartItem.OnWeightStatusChanged(string _)' have signature differences. [/Users/jangminho/development/checkout/terminal/Terminal/Terminal.csproj]
/Users/jangminho/development/checkout/terminal/Terminal/ViewModels/MainViewModel.cs(166,18): warning CS8826: Partial method declarations 'void MainViewModel.OnBonusPointsInputChanged(string value)' and 'void MainViewModel.OnBonusPointsInputChanged(string _)' have signature differences. [/Users/jangminho/development/checkout/terminal/Terminal/Terminal.csproj]
/Users/jangminho/development/checkout/terminal/Terminal/ViewModels/MainViewModel.cs(220,18): warning CS8826: Partial method declarations 'void MainViewModel.OnCurrentMemberChanged(LoyaltyMemberInfo? value)' and 'void MainViewModel.OnCurrentMemberChanged(LoyaltyMemberInfo? _)' have signature differences. [/Users/jangminho/development/checkout/terminal/Terminal/Terminal.csproj]
/Users/jangminho/development/checkout/terminal/Terminal/ViewModels/MainViewModel.cs(226,18): warning CS8826: Partial method declarations 'void MainViewModel.OnPointsEarnedChanged(int value)' and 'void MainViewModel.OnPointsEarnedChanged(int _)' have signature differences. [/Users/jangminho/development/checkout/terminal/Terminal/Terminal.csproj]
/Users/jangminho/development/checkout/terminal/Terminal/ViewModels/MainViewModel.cs(229,18): warning CS8826: Partial method declarations 'void MainViewModel.OnLoyaltyDiscountChanged(decimal value)' and 'void MainViewModel.OnLoyaltyDiscountChanged(decimal _)' have signature differences. [/Users/jangminho/development/checkout/terminal/Terminal/Terminal.csproj]
/Users/jangminho/development/checkout/terminal/Terminal/ViewModels/MainViewModel.cs(236,18): warning CS8826: Partial method declarations 'void MainViewModel.OnPaymentMethodChanged(string value)' and 'void MainViewModel.OnPaymentMethodChanged(string _)' have signature differences. [/Users/jangminho/development/checkout/terminal/Terminal/Terminal.csproj]
/Users/jangminho/development/checkout/terminal/Terminal/ViewModels/MainViewModel.cs(243,18): warning CS8826: Partial method declarations 'void MainViewModel.OnCashInsertedChanged(decimal value)' and 'void MainViewModel.OnCashInsertedChanged(decimal _)' have signature differences. [/Users/jangminho/development/checkout/terminal/Terminal/Terminal.csproj]
/Users/jangminho/development/checkout/terminal/Terminal/ViewModels/MainViewModel.cs(709,24): warning CS1998: This async method lacks 'await' operators and will run synchronously. Consider using the 'await' operator to await non-blocking API calls, or 'await Task.Run(...)' to do CPU-bound work on a background thread. [/Users/jangminho/development/checkout/terminal/Terminal/Terminal.csproj]
/Users/jangminho/development/checkout/terminal/Terminal/ViewModels/MainViewModel.cs(1045,24): warning CS1998: This async method lacks 'await' operators and will run synchronously. Consider using the 'await' operator to await non-blocking API calls, or 'await Task.Run(...)' to do CPU-bound work on a background thread. [/Users/jangminho/development/checkout/terminal/Terminal/Terminal.csproj]
/Users/jangminho/development/checkout/terminal/Terminal/ViewModels/MainViewModel.cs(97,41): warning MVVMTK0034: The field Terminal.ViewModels.MainViewModel._settingsPinInput is annotated with [ObservableProperty] and should not be directly referenced (use the generated property instead) (https://aka.ms/mvvmtoolkit/errors/mvvmtk0034) [/Users/jangminho/development/checkout/terminal/Terminal/Terminal.csproj]
    13 Warning(s)
    0 Error(s)

Time Elapsed 00:00:03.67
/Users/jangminho/development/checkout/terminal/Terminal/Terminal.csproj : warning NU1903: Package 'Tmds.DBus.Protocol' 0.20.0 has a known high severity vulnerability, https://github.com/advisories/GHSA-xrw6-gwf8-vvr9
/Users/jangminho/development/checkout/terminal/Terminal/Terminal.csproj : warning NU1903: Package 'Tmds.DBus.Protocol' 0.20.0 has a known high severity vulnerability, https://github.com/advisories/GHSA-xrw6-gwf8-vvr9

Build succeeded.

/Users/jangminho/development/checkout/terminal/Terminal/Terminal.csproj : warning NU1903: Package 'Tmds.DBus.Protocol' 0.20.0 has a known high severity vulnerability, https://github.com/advisories/GHSA-xrw6-gwf8-vvr9
/Users/jangminho/development/checkout/terminal/Terminal/Terminal.csproj : warning NU1903: Package 'Tmds.DBus.Protocol' 0.20.0 has a known high severity vulnerability, https://github.com/advisories/GHSA-xrw6-gwf8-vvr9
    2 Warning(s)
    0 Error(s)

Time Elapsed 00:00:00.68
/Users/jangminho/development/checkout/terminal/Terminal/Terminal.csproj : warning NU1903: Package 'Tmds.DBus.Protocol' 0.20.0 has a known high severity vulnerability, https://github.com/advisories/GHSA-xrw6-gwf8-vvr9
/Users/jangminho/development/checkout/terminal/Terminal/Terminal.csproj : warning NU1903: Package 'Tmds.DBus.Protocol' 0.20.0 has a known high severity vulnerability, https://github.com/advisories/GHSA-xrw6-gwf8-vvr9

Build succeeded.

/Users/jangminho/development/checkout/terminal/Terminal/Terminal.csproj : warning NU1903: Package 'Tmds.DBus.Protocol' 0.20.0 has a known high severity vulnerability, https://github.com/advisories/GHSA-xrw6-gwf8-vvr9
/Users/jangminho/development/checkout/terminal/Terminal/Terminal.csproj : warning NU1903: Package 'Tmds.DBus.Protocol' 0.20.0 has a known high severity vulnerability, https://github.com/advisories/GHSA-xrw6-gwf8-vvr9
    2 Warning(s)
    0 Error(s)

Time Elapsed 00:00:00.71
/Users/jangminho/development/checkout/terminal/Terminal/Terminal.csproj : warning NU1903: Package 'Tmds.DBus.Protocol' 0.20.0 has a known high severity vulnerability, https://github.com/advisories/GHSA-xrw6-gwf8-vvr9
/Users/jangminho/development/checkout/terminal/Terminal/Terminal.csproj : warning NU1903: Package 'Tmds.DBus.Protocol' 0.20.0 has a known high severity vulnerability, https://github.com/advisories/GHSA-xrw6-gwf8-vvr9

Build succeeded.

/Users/jangminho/development/checkout/terminal/Terminal/Terminal.csproj : warning NU1903: Package 'Tmds.DBus.Protocol' 0.20.0 has a known high severity vulnerability, https://github.com/advisories/GHSA-xrw6-gwf8-vvr9
/Users/jangminho/development/checkout/terminal/Terminal/Terminal.csproj : warning NU1903: Package 'Tmds.DBus.Protocol' 0.20.0 has a known high severity vulnerability, https://github.com/advisories/GHSA-xrw6-gwf8-vvr9
    2 Warning(s)
    0 Error(s)

Time Elapsed 00:00:00.67
/Users/jangminho/development/checkout/terminal/Terminal/Terminal.csproj : warning NU1903: Package 'Tmds.DBus.Protocol' 0.20.0 has a known high severity vulnerability, https://github.com/advisories/GHSA-xrw6-gwf8-vvr9
/Users/jangminho/development/checkout/terminal/Terminal/Terminal.csproj : warning NU1903: Package 'Tmds.DBus.Protocol' 0.20.0 has a known high severity vulnerability, https://github.com/advisories/GHSA-xrw6-gwf8-vvr9

Build succeeded.

/Users/jangminho/development/checkout/terminal/Terminal/Terminal.csproj : warning NU1903: Package 'Tmds.DBus.Protocol' 0.20.0 has a known high severity vulnerability, https://github.com/advisories/GHSA-xrw6-gwf8-vvr9
/Users/jangminho/development/checkout/terminal/Terminal/Terminal.csproj : warning NU1903: Package 'Tmds.DBus.Protocol' 0.20.0 has a known high severity vulnerability, https://github.com/advisories/GHSA-xrw6-gwf8-vvr9
    2 Warning(s)
    0 Error(s)

Time Elapsed 00:00:00.80
/Users/jangminho/development/checkout/terminal/Terminal/Terminal.csproj : warning NU1903: Package 'Tmds.DBus.Protocol' 0.20.0 has a known high severity vulnerability, https://github.com/advisories/GHSA-xrw6-gwf8-vvr9
/Users/jangminho/development/checkout/terminal/Terminal/Terminal.csproj : warning NU1903: Package 'Tmds.DBus.Protocol' 0.20.0 has a known high severity vulnerability, https://github.com/advisories/GHSA-xrw6-gwf8-vvr9
/Users/jangminho/development/checkout/terminal/Terminal/Models/CartItem.cs(31,18): warning CS8826: Partial method declarations 'void CartItem.OnUnitPriceChanged(decimal value)' and 'void CartItem.OnUnitPriceChanged(decimal _)' have signature differences. [/Users/jangminho/development/checkout/terminal/Terminal/Terminal.csproj]
/Users/jangminho/development/checkout/terminal/Terminal/Models/CartItem.cs(32,18): warning CS8826: Partial method declarations 'void CartItem.OnWeightStatusChanged(string value)' and 'void CartItem.OnWeightStatusChanged(string _)' have signature differences. [/Users/jangminho/development/checkout/terminal/Terminal/Terminal.csproj]
/Users/jangminho/development/checkout/terminal/Terminal/ViewModels/MainViewModel.cs(170,18): warning CS8826: Partial method declarations 'void MainViewModel.OnBonusPointsInputChanged(string value)' and 'void MainViewModel.OnBonusPointsInputChanged(string _)' have signature differences. [/Users/jangminho/development/checkout/terminal/Terminal/Terminal.csproj]
/Users/jangminho/development/checkout/terminal/Terminal/ViewModels/MainViewModel.cs(224,18): warning CS8826: Partial method declarations 'void MainViewModel.OnCurrentMemberChanged(LoyaltyMemberInfo? value)' and 'void MainViewModel.OnCurrentMemberChanged(LoyaltyMemberInfo? _)' have signature differences. [/Users/jangminho/development/checkout/terminal/Terminal/Terminal.csproj]
/Users/jangminho/development/checkout/terminal/Terminal/ViewModels/MainViewModel.cs(230,18): warning CS8826: Partial method declarations 'void MainViewModel.OnPointsEarnedChanged(int value)' and 'void MainViewModel.OnPointsEarnedChanged(int _)' have signature differences. [/Users/jangminho/development/checkout/terminal/Terminal/Terminal.csproj]
/Users/jangminho/development/checkout/terminal/Terminal/ViewModels/MainViewModel.cs(233,18): warning CS8826: Partial method declarations 'void MainViewModel.OnLoyaltyDiscountChanged(decimal value)' and 'void MainViewModel.OnLoyaltyDiscountChanged(decimal _)' have signature differences. [/Users/jangminho/development/checkout/terminal/Terminal/Terminal.csproj]
/Users/jangminho/development/checkout/terminal/Terminal/ViewModels/MainViewModel.cs(240,18): warning CS8826: Partial method declarations 'void MainViewModel.OnPaymentMethodChanged(string value)' and 'void MainViewModel.OnPaymentMethodChanged(string _)' have signature differences. [/Users/jangminho/development/checkout/terminal/Terminal/Terminal.csproj]
/Users/jangminho/development/checkout/terminal/Terminal/ViewModels/MainViewModel.cs(247,18): warning CS8826: Partial method declarations 'void MainViewModel.OnCashInsertedChanged(decimal value)' and 'void MainViewModel.OnCashInsertedChanged(decimal _)' have signature differences. [/Users/jangminho/development/checkout/terminal/Terminal/Terminal.csproj]
/Users/jangminho/development/checkout/terminal/Terminal/ViewModels/MainViewModel.cs(714,24): warning CS1998: This async method lacks 'await' operators and will run synchronously. Consider using the 'await' operator to await non-blocking API calls, or 'await Task.Run(...)' to do CPU-bound work on a background thread. [/Users/jangminho/development/checkout/terminal/Terminal/Terminal.csproj]
/Users/jangminho/development/checkout/terminal/Terminal/ViewModels/MainViewModel.cs(1050,24): warning CS1998: This async method lacks 'await' operators and will run synchronously. Consider using the 'await' operator to await non-blocking API calls, or 'await Task.Run(...)' to do CPU-bound work on a background thread. [/Users/jangminho/development/checkout/terminal/Terminal/Terminal.csproj]
/Users/jangminho/development/checkout/terminal/Terminal/ViewModels/MainViewModel.cs(97,41): warning MVVMTK0034: The field Terminal.ViewModels.MainViewModel._settingsPinInput is annotated with [ObservableProperty] and should not be directly referenced (use the generated property instead) (https://aka.ms/mvvmtoolkit/errors/mvvmtk0034) [/Users/jangminho/development/checkout/terminal/Terminal/Terminal.csproj]

Build succeeded.

/Users/jangminho/development/checkout/terminal/Terminal/Terminal.csproj : warning NU1903: Package 'Tmds.DBus.Protocol' 0.20.0 has a known high severity vulnerability, https://github.com/advisories/GHSA-xrw6-gwf8-vvr9
/Users/jangminho/development/checkout/terminal/Terminal/Terminal.csproj : warning NU1903: Package 'Tmds.DBus.Protocol' 0.20.0 has a known high severity vulnerability, https://github.com/advisories/GHSA-xrw6-gwf8-vvr9
/Users/jangminho/development/checkout/terminal/Terminal/Models/CartItem.cs(31,18): warning CS8826: Partial method declarations 'void CartItem.OnUnitPriceChanged(decimal value)' and 'void CartItem.OnUnitPriceChanged(decimal _)' have signature differences. [/Users/jangminho/development/checkout/terminal/Terminal/Terminal.csproj]
/Users/jangminho/development/checkout/terminal/Terminal/Models/CartItem.cs(32,18): warning CS8826: Partial method declarations 'void CartItem.OnWeightStatusChanged(string value)' and 'void CartItem.OnWeightStatusChanged(string _)' have signature differences. [/Users/jangminho/development/checkout/terminal/Terminal/Terminal.csproj]
/Users/jangminho/development/checkout/terminal/Terminal/ViewModels/MainViewModel.cs(170,18): warning CS8826: Partial method declarations 'void MainViewModel.OnBonusPointsInputChanged(string value)' and 'void MainViewModel.OnBonusPointsInputChanged(string _)' have signature differences. [/Users/jangminho/development/checkout/terminal/Terminal/Terminal.csproj]
/Users/jangminho/development/checkout/terminal/Terminal/ViewModels/MainViewModel.cs(224,18): warning CS8826: Partial method declarations 'void MainViewModel.OnCurrentMemberChanged(LoyaltyMemberInfo? value)' and 'void MainViewModel.OnCurrentMemberChanged(LoyaltyMemberInfo? _)' have signature differences. [/Users/jangminho/development/checkout/terminal/Terminal/Terminal.csproj]
/Users/jangminho/development/checkout/terminal/Terminal/ViewModels/MainViewModel.cs(230,18): warning CS8826: Partial method declarations 'void MainViewModel.OnPointsEarnedChanged(int value)' and 'void MainViewModel.OnPointsEarnedChanged(int _)' have signature differences. [/Users/jangminho/development/checkout/terminal/Terminal/Terminal.csproj]
/Users/jangminho/development/checkout/terminal/Terminal/ViewModels/MainViewModel.cs(233,18): warning CS8826: Partial method declarations 'void MainViewModel.OnLoyaltyDiscountChanged(decimal value)' and 'void MainViewModel.OnLoyaltyDiscountChanged(decimal _)' have signature differences. [/Users/jangminho/development/checkout/terminal/Terminal/Terminal.csproj]
/Users/jangminho/development/checkout/terminal/Terminal/ViewModels/MainViewModel.cs(240,18): warning CS8826: Partial method declarations 'void MainViewModel.OnPaymentMethodChanged(string value)' and 'void MainViewModel.OnPaymentMethodChanged(string _)' have signature differences. [/Users/jangminho/development/checkout/terminal/Terminal/Terminal.csproj]
/Users/jangminho/development/checkout/terminal/Terminal/ViewModels/MainViewModel.cs(247,18): warning CS8826: Partial method declarations 'void MainViewModel.OnCashInsertedChanged(decimal value)' and 'void MainViewModel.OnCashInsertedChanged(decimal _)' have signature differences. [/Users/jangminho/development/checkout/terminal/Terminal/Terminal.csproj]
/Users/jangminho/development/checkout/terminal/Terminal/ViewModels/MainViewModel.cs(714,24): warning CS1998: This async method lacks 'await' operators and will run synchronously. Consider using the 'await' operator to await non-blocking API calls, or 'await Task.Run(...)' to do CPU-bound work on a background thread. [/Users/jangminho/development/checkout/terminal/Terminal/Terminal.csproj]
/Users/jangminho/development/checkout/terminal/Terminal/ViewModels/MainViewModel.cs(1050,24): warning CS1998: This async method lacks 'await' operators and will run synchronously. Consider using the 'await' operator to await non-blocking API calls, or 'await Task.Run(...)' to do CPU-bound work on a background thread. [/Users/jangminho/development/checkout/terminal/Terminal/Terminal.csproj]
/Users/jangminho/development/checkout/terminal/Terminal/ViewModels/MainViewModel.cs(97,41): warning MVVMTK0034: The field Terminal.ViewModels.MainViewModel._settingsPinInput is annotated with [ObservableProperty] and should not be directly referenced (use the generated property instead) (https://aka.ms/mvvmtoolkit/errors/mvvmtk0034) [/Users/jangminho/development/checkout/terminal/Terminal/Terminal.csproj]
    13 Warning(s)
    0 Error(s)

Time Elapsed 00:00:02.76
/Users/jangminho/development/checkout/terminal/Terminal/Terminal.csproj : warning NU1903: Package 'Tmds.DBus.Protocol' 0.20.0 has a known high severity vulnerability, https://github.com/advisories/GHSA-xrw6-gwf8-vvr9
/Users/jangminho/development/checkout/terminal/Terminal/Terminal.csproj : warning NU1903: Package 'Tmds.DBus.Protocol' 0.20.0 has a known high severity vulnerability, https://github.com/advisories/GHSA-xrw6-gwf8-vvr9
/Users/jangminho/development/checkout/terminal/Terminal/Models/CartItem.cs(31,18): warning CS8826: Partial method declarations 'void CartItem.OnUnitPriceChanged(decimal value)' and 'void CartItem.OnUnitPriceChanged(decimal _)' have signature differences. [/Users/jangminho/development/checkout/terminal/Terminal/Terminal.csproj]
/Users/jangminho/development/checkout/terminal/Terminal/Models/CartItem.cs(32,18): warning CS8826: Partial method declarations 'void CartItem.OnWeightStatusChanged(string value)' and 'void CartItem.OnWeightStatusChanged(string _)' have signature differences. [/Users/jangminho/development/checkout/terminal/Terminal/Terminal.csproj]
/Users/jangminho/development/checkout/terminal/Terminal/ViewModels/MainViewModel.cs(170,18): warning CS8826: Partial method declarations 'void MainViewModel.OnBonusPointsInputChanged(string value)' and 'void MainViewModel.OnBonusPointsInputChanged(string _)' have signature differences. [/Users/jangminho/development/checkout/terminal/Terminal/Terminal.csproj]
/Users/jangminho/development/checkout/terminal/Terminal/ViewModels/MainViewModel.cs(224,18): warning CS8826: Partial method declarations 'void MainViewModel.OnCurrentMemberChanged(LoyaltyMemberInfo? value)' and 'void MainViewModel.OnCurrentMemberChanged(LoyaltyMemberInfo? _)' have signature differences. [/Users/jangminho/development/checkout/terminal/Terminal/Terminal.csproj]
/Users/jangminho/development/checkout/terminal/Terminal/ViewModels/MainViewModel.cs(230,18): warning CS8826: Partial method declarations 'void MainViewModel.OnPointsEarnedChanged(int value)' and 'void MainViewModel.OnPointsEarnedChanged(int _)' have signature differences. [/Users/jangminho/development/checkout/terminal/Terminal/Terminal.csproj]
/Users/jangminho/development/checkout/terminal/Terminal/ViewModels/MainViewModel.cs(233,18): warning CS8826: Partial method declarations 'void MainViewModel.OnLoyaltyDiscountChanged(decimal value)' and 'void MainViewModel.OnLoyaltyDiscountChanged(decimal _)' have signature differences. [/Users/jangminho/development/checkout/terminal/Terminal/Terminal.csproj]
/Users/jangminho/development/checkout/terminal/Terminal/ViewModels/MainViewModel.cs(240,18): warning CS8826: Partial method declarations 'void MainViewModel.OnPaymentMethodChanged(string value)' and 'void MainViewModel.OnPaymentMethodChanged(string _)' have signature differences. [/Users/jangminho/development/checkout/terminal/Terminal/Terminal.csproj]
/Users/jangminho/development/checkout/terminal/Terminal/ViewModels/MainViewModel.cs(247,18): warning CS8826: Partial method declarations 'void MainViewModel.OnCashInsertedChanged(decimal value)' and 'void MainViewModel.OnCashInsertedChanged(decimal _)' have signature differences. [/Users/jangminho/development/checkout/terminal/Terminal/Terminal.csproj]
/Users/jangminho/development/checkout/terminal/Terminal/ViewModels/MainViewModel.cs(714,24): warning CS1998: This async method lacks 'await' operators and will run synchronously. Consider using the 'await' operator to await non-blocking API calls, or 'await Task.Run(...)' to do CPU-bound work on a background thread. [/Users/jangminho/development/checkout/terminal/Terminal/Terminal.csproj]
/Users/jangminho/development/checkout/terminal/Terminal/ViewModels/MainViewModel.cs(1050,24): warning CS1998: This async method lacks 'await' operators and will run synchronously. Consider using the 'await' operator to await non-blocking API calls, or 'await Task.Run(...)' to do CPU-bound work on a background thread. [/Users/jangminho/development/checkout/terminal/Terminal/Terminal.csproj]
/Users/jangminho/development/checkout/terminal/Terminal/ViewModels/MainViewModel.cs(97,41): warning MVVMTK0034: The field Terminal.ViewModels.MainViewModel._settingsPinInput is annotated with [ObservableProperty] and should not be directly referenced (use the generated property instead) (https://aka.ms/mvvmtoolkit/errors/mvvmtk0034) [/Users/jangminho/development/checkout/terminal/Terminal/Terminal.csproj]

Build succeeded.

/Users/jangminho/development/checkout/terminal/Terminal/Terminal.csproj : warning NU1903: Package 'Tmds.DBus.Protocol' 0.20.0 has a known high severity vulnerability, https://github.com/advisories/GHSA-xrw6-gwf8-vvr9
/Users/jangminho/development/checkout/terminal/Terminal/Terminal.csproj : warning NU1903: Package 'Tmds.DBus.Protocol' 0.20.0 has a known high severity vulnerability, https://github.com/advisories/GHSA-xrw6-gwf8-vvr9
/Users/jangminho/development/checkout/terminal/Terminal/Models/CartItem.cs(31,18): warning CS8826: Partial method declarations 'void CartItem.OnUnitPriceChanged(decimal value)' and 'void CartItem.OnUnitPriceChanged(decimal _)' have signature differences. [/Users/jangminho/development/checkout/terminal/Terminal/Terminal.csproj]
/Users/jangminho/development/checkout/terminal/Terminal/Models/CartItem.cs(32,18): warning CS8826: Partial method declarations 'void CartItem.OnWeightStatusChanged(string value)' and 'void CartItem.OnWeightStatusChanged(string _)' have signature differences. [/Users/jangminho/development/checkout/terminal/Terminal/Terminal.csproj]
/Users/jangminho/development/checkout/terminal/Terminal/ViewModels/MainViewModel.cs(170,18): warning CS8826: Partial method declarations 'void MainViewModel.OnBonusPointsInputChanged(string value)' and 'void MainViewModel.OnBonusPointsInputChanged(string _)' have signature differences. [/Users/jangminho/development/checkout/terminal/Terminal/Terminal.csproj]
/Users/jangminho/development/checkout/terminal/Terminal/ViewModels/MainViewModel.cs(224,18): warning CS8826: Partial method declarations 'void MainViewModel.OnCurrentMemberChanged(LoyaltyMemberInfo? value)' and 'void MainViewModel.OnCurrentMemberChanged(LoyaltyMemberInfo? _)' have signature differences. [/Users/jangminho/development/checkout/terminal/Terminal/Terminal.csproj]
/Users/jangminho/development/checkout/terminal/Terminal/ViewModels/MainViewModel.cs(230,18): warning CS8826: Partial method declarations 'void MainViewModel.OnPointsEarnedChanged(int value)' and 'void MainViewModel.OnPointsEarnedChanged(int _)' have signature differences. [/Users/jangminho/development/checkout/terminal/Terminal/Terminal.csproj]
/Users/jangminho/development/checkout/terminal/Terminal/ViewModels/MainViewModel.cs(233,18): warning CS8826: Partial method declarations 'void MainViewModel.OnLoyaltyDiscountChanged(decimal value)' and 'void MainViewModel.OnLoyaltyDiscountChanged(decimal _)' have signature differences. [/Users/jangminho/development/checkout/terminal/Terminal/Terminal.csproj]
/Users/jangminho/development/checkout/terminal/Terminal/ViewModels/MainViewModel.cs(240,18): warning CS8826: Partial method declarations 'void MainViewModel.OnPaymentMethodChanged(string value)' and 'void MainViewModel.OnPaymentMethodChanged(string _)' have signature differences. [/Users/jangminho/development/checkout/terminal/Terminal/Terminal.csproj]
/Users/jangminho/development/checkout/terminal/Terminal/ViewModels/MainViewModel.cs(247,18): warning CS8826: Partial method declarations 'void MainViewModel.OnCashInsertedChanged(decimal value)' and 'void MainViewModel.OnCashInsertedChanged(decimal _)' have signature differences. [/Users/jangminho/development/checkout/terminal/Terminal/Terminal.csproj]
/Users/jangminho/development/checkout/terminal/Terminal/ViewModels/MainViewModel.cs(714,24): warning CS1998: This async method lacks 'await' operators and will run synchronously. Consider using the 'await' operator to await non-blocking API calls, or 'await Task.Run(...)' to do CPU-bound work on a background thread. [/Users/jangminho/development/checkout/terminal/Terminal/Terminal.csproj]
/Users/jangminho/development/checkout/terminal/Terminal/ViewModels/MainViewModel.cs(1050,24): warning CS1998: This async method lacks 'await' operators and will run synchronously. Consider using the 'await' operator to await non-blocking API calls, or 'await Task.Run(...)' to do CPU-bound work on a background thread. [/Users/jangminho/development/checkout/terminal/Terminal/Terminal.csproj]
/Users/jangminho/development/checkout/terminal/Terminal/ViewModels/MainViewModel.cs(97,41): warning MVVMTK0034: The field Terminal.ViewModels.MainViewModel._settingsPinInput is annotated with [ObservableProperty] and should not be directly referenced (use the generated property instead) (https://aka.ms/mvvmtoolkit/errors/mvvmtk0034) [/Users/jangminho/development/checkout/terminal/Terminal/Terminal.csproj]
    13 Warning(s)
    0 Error(s)

Time Elapsed 00:00:03.86
/Users/jangminho/development/checkout/terminal/Terminal/Terminal.csproj : warning NU1903: Package 'Tmds.DBus.Protocol' 0.20.0 has a known high severity vulnerability, https://github.com/advisories/GHSA-xrw6-gwf8-vvr9
/Users/jangminho/development/checkout/terminal/Terminal/Terminal.csproj : warning NU1903: Package 'Tmds.DBus.Protocol' 0.20.0 has a known high severity vulnerability, https://github.com/advisories/GHSA-xrw6-gwf8-vvr9

Build succeeded.

/Users/jangminho/development/checkout/terminal/Terminal/Terminal.csproj : warning NU1903: Package 'Tmds.DBus.Protocol' 0.20.0 has a known high severity vulnerability, https://github.com/advisories/GHSA-xrw6-gwf8-vvr9
/Users/jangminho/development/checkout/terminal/Terminal/Terminal.csproj : warning NU1903: Package 'Tmds.DBus.Protocol' 0.20.0 has a known high severity vulnerability, https://github.com/advisories/GHSA-xrw6-gwf8-vvr9
    2 Warning(s)
    0 Error(s)

Time Elapsed 00:00:00.67
/Users/jangminho/development/checkout/terminal/Terminal/Terminal.csproj : warning NU1903: Package 'Tmds.DBus.Protocol' 0.20.0 has a known high severity vulnerability, https://github.com/advisories/GHSA-xrw6-gwf8-vvr9
/Users/jangminho/development/checkout/terminal/Terminal/Terminal.csproj : warning NU1903: Package 'Tmds.DBus.Protocol' 0.20.0 has a known high severity vulnerability, https://github.com/advisories/GHSA-xrw6-gwf8-vvr9

Build succeeded.

/Users/jangminho/development/checkout/terminal/Terminal/Terminal.csproj : warning NU1903: Package 'Tmds.DBus.Protocol' 0.20.0 has a known high severity vulnerability, https://github.com/advisories/GHSA-xrw6-gwf8-vvr9
/Users/jangminho/development/checkout/terminal/Terminal/Terminal.csproj : warning NU1903: Package 'Tmds.DBus.Protocol' 0.20.0 has a known high severity vulnerability, https://github.com/advisories/GHSA-xrw6-gwf8-vvr9
    2 Warning(s)
    0 Error(s)

Time Elapsed 00:00:00.80
/Users/jangminho/development/checkout/terminal/Terminal/Terminal.csproj : warning NU1903: Package 'Tmds.DBus.Protocol' 0.20.0 has a known high severity vulnerability, https://github.com/advisories/GHSA-xrw6-gwf8-vvr9
/Users/jangminho/development/checkout/terminal/Terminal/Terminal.csproj : warning NU1903: Package 'Tmds.DBus.Protocol' 0.20.0 has a known high severity vulnerability, https://github.com/advisories/GHSA-xrw6-gwf8-vvr9
/Users/jangminho/development/checkout/terminal/Terminal/Models/CartItem.cs(31,18): warning CS8826: Partial method declarations 'void CartItem.OnUnitPriceChanged(decimal value)' and 'void CartItem.OnUnitPriceChanged(decimal _)' have signature differences. [/Users/jangminho/development/checkout/terminal/Terminal/Terminal.csproj]
/Users/jangminho/development/checkout/terminal/Terminal/Models/CartItem.cs(32,18): warning CS8826: Partial method declarations 'void CartItem.OnWeightStatusChanged(string value)' and 'void CartItem.OnWeightStatusChanged(string _)' have signature differences. [/Users/jangminho/development/checkout/terminal/Terminal/Terminal.csproj]
/Users/jangminho/development/checkout/terminal/Terminal/ViewModels/MainViewModel.cs(170,18): warning CS8826: Partial method declarations 'void MainViewModel.OnBonusPointsInputChanged(string value)' and 'void MainViewModel.OnBonusPointsInputChanged(string _)' have signature differences. [/Users/jangminho/development/checkout/terminal/Terminal/Terminal.csproj]
/Users/jangminho/development/checkout/terminal/Terminal/ViewModels/MainViewModel.cs(223,18): warning CS8826: Partial method declarations 'void MainViewModel.OnCurrentMemberChanged(LoyaltyMemberInfo? value)' and 'void MainViewModel.OnCurrentMemberChanged(LoyaltyMemberInfo? _)' have signature differences. [/Users/jangminho/development/checkout/terminal/Terminal/Terminal.csproj]
/Users/jangminho/development/checkout/terminal/Terminal/ViewModels/MainViewModel.cs(229,18): warning CS8826: Partial method declarations 'void MainViewModel.OnPointsEarnedChanged(int value)' and 'void MainViewModel.OnPointsEarnedChanged(int _)' have signature differences. [/Users/jangminho/development/checkout/terminal/Terminal/Terminal.csproj]
/Users/jangminho/development/checkout/terminal/Terminal/ViewModels/MainViewModel.cs(232,18): warning CS8826: Partial method declarations 'void MainViewModel.OnLoyaltyDiscountChanged(decimal value)' and 'void MainViewModel.OnLoyaltyDiscountChanged(decimal _)' have signature differences. [/Users/jangminho/development/checkout/terminal/Terminal/Terminal.csproj]
/Users/jangminho/development/checkout/terminal/Terminal/ViewModels/MainViewModel.cs(239,18): warning CS8826: Partial method declarations 'void MainViewModel.OnPaymentMethodChanged(string value)' and 'void MainViewModel.OnPaymentMethodChanged(string _)' have signature differences. [/Users/jangminho/development/checkout/terminal/Terminal/Terminal.csproj]
/Users/jangminho/development/checkout/terminal/Terminal/ViewModels/MainViewModel.cs(246,18): warning CS8826: Partial method declarations 'void MainViewModel.OnCashInsertedChanged(decimal value)' and 'void MainViewModel.OnCashInsertedChanged(decimal _)' have signature differences. [/Users/jangminho/development/checkout/terminal/Terminal/Terminal.csproj]
/Users/jangminho/development/checkout/terminal/Terminal/ViewModels/MainViewModel.cs(713,24): warning CS1998: This async method lacks 'await' operators and will run synchronously. Consider using the 'await' operator to await non-blocking API calls, or 'await Task.Run(...)' to do CPU-bound work on a background thread. [/Users/jangminho/development/checkout/terminal/Terminal/Terminal.csproj]
/Users/jangminho/development/checkout/terminal/Terminal/ViewModels/MainViewModel.cs(1048,24): warning CS1998: This async method lacks 'await' operators and will run synchronously. Consider using the 'await' operator to await non-blocking API calls, or 'await Task.Run(...)' to do CPU-bound work on a background thread. [/Users/jangminho/development/checkout/terminal/Terminal/Terminal.csproj]
/Users/jangminho/development/checkout/terminal/Terminal/ViewModels/MainViewModel.cs(97,41): warning MVVMTK0034: The field Terminal.ViewModels.MainViewModel._settingsPinInput is annotated with [ObservableProperty] and should not be directly referenced (use the generated property instead) (https://aka.ms/mvvmtoolkit/errors/mvvmtk0034) [/Users/jangminho/development/checkout/terminal/Terminal/Terminal.csproj]

Build succeeded.

/Users/jangminho/development/checkout/terminal/Terminal/Terminal.csproj : warning NU1903: Package 'Tmds.DBus.Protocol' 0.20.0 has a known high severity vulnerability, https://github.com/advisories/GHSA-xrw6-gwf8-vvr9
/Users/jangminho/development/checkout/terminal/Terminal/Terminal.csproj : warning NU1903: Package 'Tmds.DBus.Protocol' 0.20.0 has a known high severity vulnerability, https://github.com/advisories/GHSA-xrw6-gwf8-vvr9
/Users/jangminho/development/checkout/terminal/Terminal/Models/CartItem.cs(31,18): warning CS8826: Partial method declarations 'void CartItem.OnUnitPriceChanged(decimal value)' and 'void CartItem.OnUnitPriceChanged(decimal _)' have signature differences. [/Users/jangminho/development/checkout/terminal/Terminal/Terminal.csproj]
/Users/jangminho/development/checkout/terminal/Terminal/Models/CartItem.cs(32,18): warning CS8826: Partial method declarations 'void CartItem.OnWeightStatusChanged(string value)' and 'void CartItem.OnWeightStatusChanged(string _)' have signature differences. [/Users/jangminho/development/checkout/terminal/Terminal/Terminal.csproj]
/Users/jangminho/development/checkout/terminal/Terminal/ViewModels/MainViewModel.cs(170,18): warning CS8826: Partial method declarations 'void MainViewModel.OnBonusPointsInputChanged(string value)' and 'void MainViewModel.OnBonusPointsInputChanged(string _)' have signature differences. [/Users/jangminho/development/checkout/terminal/Terminal/Terminal.csproj]
/Users/jangminho/development/checkout/terminal/Terminal/ViewModels/MainViewModel.cs(223,18): warning CS8826: Partial method declarations 'void MainViewModel.OnCurrentMemberChanged(LoyaltyMemberInfo? value)' and 'void MainViewModel.OnCurrentMemberChanged(LoyaltyMemberInfo? _)' have signature differences. [/Users/jangminho/development/checkout/terminal/Terminal/Terminal.csproj]
/Users/jangminho/development/checkout/terminal/Terminal/ViewModels/MainViewModel.cs(229,18): warning CS8826: Partial method declarations 'void MainViewModel.OnPointsEarnedChanged(int value)' and 'void MainViewModel.OnPointsEarnedChanged(int _)' have signature differences. [/Users/jangminho/development/checkout/terminal/Terminal/Terminal.csproj]
/Users/jangminho/development/checkout/terminal/Terminal/ViewModels/MainViewModel.cs(232,18): warning CS8826: Partial method declarations 'void MainViewModel.OnLoyaltyDiscountChanged(decimal value)' and 'void MainViewModel.OnLoyaltyDiscountChanged(decimal _)' have signature differences. [/Users/jangminho/development/checkout/terminal/Terminal/Terminal.csproj]
/Users/jangminho/development/checkout/terminal/Terminal/ViewModels/MainViewModel.cs(239,18): warning CS8826: Partial method declarations 'void MainViewModel.OnPaymentMethodChanged(string value)' and 'void MainViewModel.OnPaymentMethodChanged(string _)' have signature differences. [/Users/jangminho/development/checkout/terminal/Terminal/Terminal.csproj]
/Users/jangminho/development/checkout/terminal/Terminal/ViewModels/MainViewModel.cs(246,18): warning CS8826: Partial method declarations 'void MainViewModel.OnCashInsertedChanged(decimal value)' and 'void MainViewModel.OnCashInsertedChanged(decimal _)' have signature differences. [/Users/jangminho/development/checkout/terminal/Terminal/Terminal.csproj]
/Users/jangminho/development/checkout/terminal/Terminal/ViewModels/MainViewModel.cs(713,24): warning CS1998: This async method lacks 'await' operators and will run synchronously. Consider using the 'await' operator to await non-blocking API calls, or 'await Task.Run(...)' to do CPU-bound work on a background thread. [/Users/jangminho/development/checkout/terminal/Terminal/Terminal.csproj]
/Users/jangminho/development/checkout/terminal/Terminal/ViewModels/MainViewModel.cs(1048,24): warning CS1998: This async method lacks 'await' operators and will run synchronously. Consider using the 'await' operator to await non-blocking API calls, or 'await Task.Run(...)' to do CPU-bound work on a background thread. [/Users/jangminho/development/checkout/terminal/Terminal/Terminal.csproj]
/Users/jangminho/development/checkout/terminal/Terminal/ViewModels/MainViewModel.cs(97,41): warning MVVMTK0034: The field Terminal.ViewModels.MainViewModel._settingsPinInput is annotated with [ObservableProperty] and should not be directly referenced (use the generated property instead) (https://aka.ms/mvvmtoolkit/errors/mvvmtk0034) [/Users/jangminho/development/checkout/terminal/Terminal/Terminal.csproj]
    13 Warning(s)
    0 Error(s)

Time Elapsed 00:00:05.36
/Users/jangminho/development/checkout/terminal/Terminal/Terminal.csproj : warning NU1903: Package 'Tmds.DBus.Protocol' 0.20.0 has a known high severity vulnerability, https://github.com/advisories/GHSA-xrw6-gwf8-vvr9
/Users/jangminho/development/checkout/terminal/Terminal/Terminal.csproj : warning NU1903: Package 'Tmds.DBus.Protocol' 0.20.0 has a known high severity vulnerability, https://github.com/advisories/GHSA-xrw6-gwf8-vvr9
/Users/jangminho/development/checkout/terminal/Terminal/Models/CartItem.cs(31,18): warning CS8826: Partial method declarations 'void CartItem.OnUnitPriceChanged(decimal value)' and 'void CartItem.OnUnitPriceChanged(decimal _)' have signature differences. [/Users/jangminho/development/checkout/terminal/Terminal/Terminal.csproj]
/Users/jangminho/development/checkout/terminal/Terminal/Models/CartItem.cs(32,18): warning CS8826: Partial method declarations 'void CartItem.OnWeightStatusChanged(string value)' and 'void CartItem.OnWeightStatusChanged(string _)' have signature differences. [/Users/jangminho/development/checkout/terminal/Terminal/Terminal.csproj]
/Users/jangminho/development/checkout/terminal/Terminal/ViewModels/MainViewModel.cs(170,18): warning CS8826: Partial method declarations 'void MainViewModel.OnBonusPointsInputChanged(string value)' and 'void MainViewModel.OnBonusPointsInputChanged(string _)' have signature differences. [/Users/jangminho/development/checkout/terminal/Terminal/Terminal.csproj]
/Users/jangminho/development/checkout/terminal/Terminal/ViewModels/MainViewModel.cs(223,18): warning CS8826: Partial method declarations 'void MainViewModel.OnCurrentMemberChanged(LoyaltyMemberInfo? value)' and 'void MainViewModel.OnCurrentMemberChanged(LoyaltyMemberInfo? _)' have signature differences. [/Users/jangminho/development/checkout/terminal/Terminal/Terminal.csproj]
/Users/jangminho/development/checkout/terminal/Terminal/ViewModels/MainViewModel.cs(229,18): warning CS8826: Partial method declarations 'void MainViewModel.OnPointsEarnedChanged(int value)' and 'void MainViewModel.OnPointsEarnedChanged(int _)' have signature differences. [/Users/jangminho/development/checkout/terminal/Terminal/Terminal.csproj]
/Users/jangminho/development/checkout/terminal/Terminal/ViewModels/MainViewModel.cs(232,18): warning CS8826: Partial method declarations 'void MainViewModel.OnLoyaltyDiscountChanged(decimal value)' and 'void MainViewModel.OnLoyaltyDiscountChanged(decimal _)' have signature differences. [/Users/jangminho/development/checkout/terminal/Terminal/Terminal.csproj]
/Users/jangminho/development/checkout/terminal/Terminal/ViewModels/MainViewModel.cs(239,18): warning CS8826: Partial method declarations 'void MainViewModel.OnPaymentMethodChanged(string value)' and 'void MainViewModel.OnPaymentMethodChanged(string _)' have signature differences. [/Users/jangminho/development/checkout/terminal/Terminal/Terminal.csproj]
/Users/jangminho/development/checkout/terminal/Terminal/ViewModels/MainViewModel.cs(246,18): warning CS8826: Partial method declarations 'void MainViewModel.OnCashInsertedChanged(decimal value)' and 'void MainViewModel.OnCashInsertedChanged(decimal _)' have signature differences. [/Users/jangminho/development/checkout/terminal/Terminal/Terminal.csproj]
/Users/jangminho/development/checkout/terminal/Terminal/ViewModels/MainViewModel.cs(716,24): warning CS1998: This async method lacks 'await' operators and will run synchronously. Consider using the 'await' operator to await non-blocking API calls, or 'await Task.Run(...)' to do CPU-bound work on a background thread. [/Users/jangminho/development/checkout/terminal/Terminal/Terminal.csproj]
/Users/jangminho/development/checkout/terminal/Terminal/ViewModels/MainViewModel.cs(1059,24): warning CS1998: This async method lacks 'await' operators and will run synchronously. Consider using the 'await' operator to await non-blocking API calls, or 'await Task.Run(...)' to do CPU-bound work on a background thread. [/Users/jangminho/development/checkout/terminal/Terminal/Terminal.csproj]
/Users/jangminho/development/checkout/terminal/Terminal/ViewModels/MainViewModel.cs(97,41): warning MVVMTK0034: The field Terminal.ViewModels.MainViewModel._settingsPinInput is annotated with [ObservableProperty] and should not be directly referenced (use the generated property instead) (https://aka.ms/mvvmtoolkit/errors/mvvmtk0034) [/Users/jangminho/development/checkout/terminal/Terminal/Terminal.csproj]

Build succeeded.

/Users/jangminho/development/checkout/terminal/Terminal/Terminal.csproj : warning NU1903: Package 'Tmds.DBus.Protocol' 0.20.0 has a known high severity vulnerability, https://github.com/advisories/GHSA-xrw6-gwf8-vvr9
/Users/jangminho/development/checkout/terminal/Terminal/Terminal.csproj : warning NU1903: Package 'Tmds.DBus.Protocol' 0.20.0 has a known high severity vulnerability, https://github.com/advisories/GHSA-xrw6-gwf8-vvr9
/Users/jangminho/development/checkout/terminal/Terminal/Models/CartItem.cs(31,18): warning CS8826: Partial method declarations 'void CartItem.OnUnitPriceChanged(decimal value)' and 'void CartItem.OnUnitPriceChanged(decimal _)' have signature differences. [/Users/jangminho/development/checkout/terminal/Terminal/Terminal.csproj]
/Users/jangminho/development/checkout/terminal/Terminal/Models/CartItem.cs(32,18): warning CS8826: Partial method declarations 'void CartItem.OnWeightStatusChanged(string value)' and 'void CartItem.OnWeightStatusChanged(string _)' have signature differences. [/Users/jangminho/development/checkout/terminal/Terminal/Terminal.csproj]
/Users/jangminho/development/checkout/terminal/Terminal/ViewModels/MainViewModel.cs(170,18): warning CS8826: Partial method declarations 'void MainViewModel.OnBonusPointsInputChanged(string value)' and 'void MainViewModel.OnBonusPointsInputChanged(string _)' have signature differences. [/Users/jangminho/development/checkout/terminal/Terminal/Terminal.csproj]
/Users/jangminho/development/checkout/terminal/Terminal/ViewModels/MainViewModel.cs(223,18): warning CS8826: Partial method declarations 'void MainViewModel.OnCurrentMemberChanged(LoyaltyMemberInfo? value)' and 'void MainViewModel.OnCurrentMemberChanged(LoyaltyMemberInfo? _)' have signature differences. [/Users/jangminho/development/checkout/terminal/Terminal/Terminal.csproj]
/Users/jangminho/development/checkout/terminal/Terminal/ViewModels/MainViewModel.cs(229,18): warning CS8826: Partial method declarations 'void MainViewModel.OnPointsEarnedChanged(int value)' and 'void MainViewModel.OnPointsEarnedChanged(int _)' have signature differences. [/Users/jangminho/development/checkout/terminal/Terminal/Terminal.csproj]
/Users/jangminho/development/checkout/terminal/Terminal/ViewModels/MainViewModel.cs(232,18): warning CS8826: Partial method declarations 'void MainViewModel.OnLoyaltyDiscountChanged(decimal value)' and 'void MainViewModel.OnLoyaltyDiscountChanged(decimal _)' have signature differences. [/Users/jangminho/development/checkout/terminal/Terminal/Terminal.csproj]
/Users/jangminho/development/checkout/terminal/Terminal/ViewModels/MainViewModel.cs(239,18): warning CS8826: Partial method declarations 'void MainViewModel.OnPaymentMethodChanged(string value)' and 'void MainViewModel.OnPaymentMethodChanged(string _)' have signature differences. [/Users/jangminho/development/checkout/terminal/Terminal/Terminal.csproj]
/Users/jangminho/development/checkout/terminal/Terminal/ViewModels/MainViewModel.cs(246,18): warning CS8826: Partial method declarations 'void MainViewModel.OnCashInsertedChanged(decimal value)' and 'void MainViewModel.OnCashInsertedChanged(decimal _)' have signature differences. [/Users/jangminho/development/checkout/terminal/Terminal/Terminal.csproj]
/Users/jangminho/development/checkout/terminal/Terminal/ViewModels/MainViewModel.cs(716,24): warning CS1998: This async method lacks 'await' operators and will run synchronously. Consider using the 'await' operator to await non-blocking API calls, or 'await Task.Run(...)' to do CPU-bound work on a background thread. [/Users/jangminho/development/checkout/terminal/Terminal/Terminal.csproj]
/Users/jangminho/development/checkout/terminal/Terminal/ViewModels/MainViewModel.cs(1059,24): warning CS1998: This async method lacks 'await' operators and will run synchronously. Consider using the 'await' operator to await non-blocking API calls, or 'await Task.Run(...)' to do CPU-bound work on a background thread. [/Users/jangminho/development/checkout/terminal/Terminal/Terminal.csproj]
/Users/jangminho/development/checkout/terminal/Terminal/ViewModels/MainViewModel.cs(97,41): warning MVVMTK0034: The field Terminal.ViewModels.MainViewModel._settingsPinInput is annotated with [ObservableProperty] and should not be directly referenced (use the generated property instead) (https://aka.ms/mvvmtoolkit/errors/mvvmtk0034) [/Users/jangminho/development/checkout/terminal/Terminal/Terminal.csproj]
    13 Warning(s)
    0 Error(s)

Time Elapsed 00:00:03.63
/Users/jangminho/development/checkout/terminal/Terminal/Terminal.csproj : warning NU1903: Package 'Tmds.DBus.Protocol' 0.20.0 has a known high severity vulnerability, https://github.com/advisories/GHSA-xrw6-gwf8-vvr9
/Users/jangminho/development/checkout/terminal/Terminal/Terminal.csproj : warning NU1903: Package 'Tmds.DBus.Protocol' 0.20.0 has a known high severity vulnerability, https://github.com/advisories/GHSA-xrw6-gwf8-vvr9
/Users/jangminho/development/checkout/terminal/Terminal/Models/CartItem.cs(31,18): warning CS8826: Partial method declarations 'void CartItem.OnUnitPriceChanged(decimal value)' and 'void CartItem.OnUnitPriceChanged(decimal _)' have signature differences. [/Users/jangminho/development/checkout/terminal/Terminal/Terminal.csproj]
/Users/jangminho/development/checkout/terminal/Terminal/Models/CartItem.cs(32,18): warning CS8826: Partial method declarations 'void CartItem.OnWeightStatusChanged(string value)' and 'void CartItem.OnWeightStatusChanged(string _)' have signature differences. [/Users/jangminho/development/checkout/terminal/Terminal/Terminal.csproj]
/Users/jangminho/development/checkout/terminal/Terminal/ViewModels/MainViewModel.cs(174,18): warning CS8826: Partial method declarations 'void MainViewModel.OnBonusPointsInputChanged(string value)' and 'void MainViewModel.OnBonusPointsInputChanged(string _)' have signature differences. [/Users/jangminho/development/checkout/terminal/Terminal/Terminal.csproj]
/Users/jangminho/development/checkout/terminal/Terminal/ViewModels/MainViewModel.cs(227,18): warning CS8826: Partial method declarations 'void MainViewModel.OnCurrentMemberChanged(LoyaltyMemberInfo? value)' and 'void MainViewModel.OnCurrentMemberChanged(LoyaltyMemberInfo? _)' have signature differences. [/Users/jangminho/development/checkout/terminal/Terminal/Terminal.csproj]
/Users/jangminho/development/checkout/terminal/Terminal/ViewModels/MainViewModel.cs(233,18): warning CS8826: Partial method declarations 'void MainViewModel.OnPointsEarnedChanged(int value)' and 'void MainViewModel.OnPointsEarnedChanged(int _)' have signature differences. [/Users/jangminho/development/checkout/terminal/Terminal/Terminal.csproj]
/Users/jangminho/development/checkout/terminal/Terminal/ViewModels/MainViewModel.cs(236,18): warning CS8826: Partial method declarations 'void MainViewModel.OnLoyaltyDiscountChanged(decimal value)' and 'void MainViewModel.OnLoyaltyDiscountChanged(decimal _)' have signature differences. [/Users/jangminho/development/checkout/terminal/Terminal/Terminal.csproj]
/Users/jangminho/development/checkout/terminal/Terminal/ViewModels/MainViewModel.cs(243,18): warning CS8826: Partial method declarations 'void MainViewModel.OnPaymentMethodChanged(string value)' and 'void MainViewModel.OnPaymentMethodChanged(string _)' have signature differences. [/Users/jangminho/development/checkout/terminal/Terminal/Terminal.csproj]
/Users/jangminho/development/checkout/terminal/Terminal/ViewModels/MainViewModel.cs(250,18): warning CS8826: Partial method declarations 'void MainViewModel.OnCashInsertedChanged(decimal value)' and 'void MainViewModel.OnCashInsertedChanged(decimal _)' have signature differences. [/Users/jangminho/development/checkout/terminal/Terminal/Terminal.csproj]
/Users/jangminho/development/checkout/terminal/Terminal/ViewModels/MainViewModel.cs(720,24): warning CS1998: This async method lacks 'await' operators and will run synchronously. Consider using the 'await' operator to await non-blocking API calls, or 'await Task.Run(...)' to do CPU-bound work on a background thread. [/Users/jangminho/development/checkout/terminal/Terminal/Terminal.csproj]
/Users/jangminho/development/checkout/terminal/Terminal/ViewModels/MainViewModel.cs(1064,24): warning CS1998: This async method lacks 'await' operators and will run synchronously. Consider using the 'await' operator to await non-blocking API calls, or 'await Task.Run(...)' to do CPU-bound work on a background thread. [/Users/jangminho/development/checkout/terminal/Terminal/Terminal.csproj]
/Users/jangminho/development/checkout/terminal/Terminal/ViewModels/MainViewModel.cs(101,41): warning MVVMTK0034: The field Terminal.ViewModels.MainViewModel._settingsPinInput is annotated with [ObservableProperty] and should not be directly referenced (use the generated property instead) (https://aka.ms/mvvmtoolkit/errors/mvvmtk0034) [/Users/jangminho/development/checkout/terminal/Terminal/Terminal.csproj]

Build succeeded.

/Users/jangminho/development/checkout/terminal/Terminal/Terminal.csproj : warning NU1903: Package 'Tmds.DBus.Protocol' 0.20.0 has a known high severity vulnerability, https://github.com/advisories/GHSA-xrw6-gwf8-vvr9
/Users/jangminho/development/checkout/terminal/Terminal/Terminal.csproj : warning NU1903: Package 'Tmds.DBus.Protocol' 0.20.0 has a known high severity vulnerability, https://github.com/advisories/GHSA-xrw6-gwf8-vvr9
/Users/jangminho/development/checkout/terminal/Terminal/Models/CartItem.cs(31,18): warning CS8826: Partial method declarations 'void CartItem.OnUnitPriceChanged(decimal value)' and 'void CartItem.OnUnitPriceChanged(decimal _)' have signature differences. [/Users/jangminho/development/checkout/terminal/Terminal/Terminal.csproj]
/Users/jangminho/development/checkout/terminal/Terminal/Models/CartItem.cs(32,18): warning CS8826: Partial method declarations 'void CartItem.OnWeightStatusChanged(string value)' and 'void CartItem.OnWeightStatusChanged(string _)' have signature differences. [/Users/jangminho/development/checkout/terminal/Terminal/Terminal.csproj]
/Users/jangminho/development/checkout/terminal/Terminal/ViewModels/MainViewModel.cs(174,18): warning CS8826: Partial method declarations 'void MainViewModel.OnBonusPointsInputChanged(string value)' and 'void MainViewModel.OnBonusPointsInputChanged(string _)' have signature differences. [/Users/jangminho/development/checkout/terminal/Terminal/Terminal.csproj]
/Users/jangminho/development/checkout/terminal/Terminal/ViewModels/MainViewModel.cs(227,18): warning CS8826: Partial method declarations 'void MainViewModel.OnCurrentMemberChanged(LoyaltyMemberInfo? value)' and 'void MainViewModel.OnCurrentMemberChanged(LoyaltyMemberInfo? _)' have signature differences. [/Users/jangminho/development/checkout/terminal/Terminal/Terminal.csproj]
/Users/jangminho/development/checkout/terminal/Terminal/ViewModels/MainViewModel.cs(233,18): warning CS8826: Partial method declarations 'void MainViewModel.OnPointsEarnedChanged(int value)' and 'void MainViewModel.OnPointsEarnedChanged(int _)' have signature differences. [/Users/jangminho/development/checkout/terminal/Terminal/Terminal.csproj]
/Users/jangminho/development/checkout/terminal/Terminal/ViewModels/MainViewModel.cs(236,18): warning CS8826: Partial method declarations 'void MainViewModel.OnLoyaltyDiscountChanged(decimal value)' and 'void MainViewModel.OnLoyaltyDiscountChanged(decimal _)' have signature differences. [/Users/jangminho/development/checkout/terminal/Terminal/Terminal.csproj]
/Users/jangminho/development/checkout/terminal/Terminal/ViewModels/MainViewModel.cs(243,18): warning CS8826: Partial method declarations 'void MainViewModel.OnPaymentMethodChanged(string value)' and 'void MainViewModel.OnPaymentMethodChanged(string _)' have signature differences. [/Users/jangminho/development/checkout/terminal/Terminal/Terminal.csproj]
/Users/jangminho/development/checkout/terminal/Terminal/ViewModels/MainViewModel.cs(250,18): warning CS8826: Partial method declarations 'void MainViewModel.OnCashInsertedChanged(decimal value)' and 'void MainViewModel.OnCashInsertedChanged(decimal _)' have signature differences. [/Users/jangminho/development/checkout/terminal/Terminal/Terminal.csproj]
/Users/jangminho/development/checkout/terminal/Terminal/ViewModels/MainViewModel.cs(720,24): warning CS1998: This async method lacks 'await' operators and will run synchronously. Consider using the 'await' operator to await non-blocking API calls, or 'await Task.Run(...)' to do CPU-bound work on a background thread. [/Users/jangminho/development/checkout/terminal/Terminal/Terminal.csproj]
/Users/jangminho/development/checkout/terminal/Terminal/ViewModels/MainViewModel.cs(1064,24): warning CS1998: This async method lacks 'await' operators and will run synchronously. Consider using the 'await' operator to await non-blocking API calls, or 'await Task.Run(...)' to do CPU-bound work on a background thread. [/Users/jangminho/development/checkout/terminal/Terminal/Terminal.csproj]
/Users/jangminho/development/checkout/terminal/Terminal/ViewModels/MainViewModel.cs(101,41): warning MVVMTK0034: The field Terminal.ViewModels.MainViewModel._settingsPinInput is annotated with [ObservableProperty] and should not be directly referenced (use the generated property instead) (https://aka.ms/mvvmtoolkit/errors/mvvmtk0034) [/Users/jangminho/development/checkout/terminal/Terminal/Terminal.csproj]
    13 Warning(s)
    0 Error(s)

Time Elapsed 00:00:03.31
/Users/jangminho/development/checkout/terminal/Terminal/Terminal.csproj : warning NU1903: Package 'Tmds.DBus.Protocol' 0.20.0 has a known high severity vulnerability, https://github.com/advisories/GHSA-xrw6-gwf8-vvr9
/Users/jangminho/development/checkout/terminal/Terminal/Terminal.csproj : warning NU1903: Package 'Tmds.DBus.Protocol' 0.20.0 has a known high severity vulnerability, https://github.com/advisories/GHSA-xrw6-gwf8-vvr9

Build succeeded.

/Users/jangminho/development/checkout/terminal/Terminal/Terminal.csproj : warning NU1903: Package 'Tmds.DBus.Protocol' 0.20.0 has a known high severity vulnerability, https://github.com/advisories/GHSA-xrw6-gwf8-vvr9
/Users/jangminho/development/checkout/terminal/Terminal/Terminal.csproj : warning NU1903: Package 'Tmds.DBus.Protocol' 0.20.0 has a known high severity vulnerability, https://github.com/advisories/GHSA-xrw6-gwf8-vvr9
    2 Warning(s)
    0 Error(s)

Time Elapsed 00:00:00.74
/Users/jangminho/development/checkout/terminal/Terminal/Terminal.csproj : warning NU1903: Package 'Tmds.DBus.Protocol' 0.20.0 has a known high severity vulnerability, https://github.com/advisories/GHSA-xrw6-gwf8-vvr9
/Users/jangminho/development/checkout/terminal/Terminal/Terminal.csproj : warning NU1903: Package 'Tmds.DBus.Protocol' 0.20.0 has a known high severity vulnerability, https://github.com/advisories/GHSA-xrw6-gwf8-vvr9

Build succeeded.

/Users/jangminho/development/checkout/terminal/Terminal/Terminal.csproj : warning NU1903: Package 'Tmds.DBus.Protocol' 0.20.0 has a known high severity vulnerability, https://github.com/advisories/GHSA-xrw6-gwf8-vvr9
/Users/jangminho/development/checkout/terminal/Terminal/Terminal.csproj : warning NU1903: Package 'Tmds.DBus.Protocol' 0.20.0 has a known high severity vulnerability, https://github.com/advisories/GHSA-xrw6-gwf8-vvr9
    2 Warning(s)
    0 Error(s)

Time Elapsed 00:00:00.91
/Users/jangminho/development/checkout/terminal/Terminal/Terminal.csproj : warning NU1903: Package 'Tmds.DBus.Protocol' 0.20.0 has a known high severity vulnerability, https://github.com/advisories/GHSA-xrw6-gwf8-vvr9
/Users/jangminho/development/checkout/terminal/Terminal/Terminal.csproj : warning NU1903: Package 'Tmds.DBus.Protocol' 0.20.0 has a known high severity vulnerability, https://github.com/advisories/GHSA-xrw6-gwf8-vvr9

Build succeeded.

/Users/jangminho/development/checkout/terminal/Terminal/Terminal.csproj : warning NU1903: Package 'Tmds.DBus.Protocol' 0.20.0 has a known high severity vulnerability, https://github.com/advisories/GHSA-xrw6-gwf8-vvr9
/Users/jangminho/development/checkout/terminal/Terminal/Terminal.csproj : warning NU1903: Package 'Tmds.DBus.Protocol' 0.20.0 has a known high severity vulnerability, https://github.com/advisories/GHSA-xrw6-gwf8-vvr9
    2 Warning(s)
    0 Error(s)

Time Elapsed 00:00:00.68
/Users/jangminho/development/checkout/terminal/Terminal/Terminal.csproj : warning NU1903: Package 'Tmds.DBus.Protocol' 0.20.0 has a known high severity vulnerability, https://github.com/advisories/GHSA-xrw6-gwf8-vvr9
/Users/jangminho/development/checkout/terminal/Terminal/Terminal.csproj : warning NU1903: Package 'Tmds.DBus.Protocol' 0.20.0 has a known high severity vulnerability, https://github.com/advisories/GHSA-xrw6-gwf8-vvr9
/Users/jangminho/development/checkout/terminal/Terminal/Models/CartItem.cs(31,18): warning CS8826: Partial method declarations 'void CartItem.OnUnitPriceChanged(decimal value)' and 'void CartItem.OnUnitPriceChanged(decimal _)' have signature differences. [/Users/jangminho/development/checkout/terminal/Terminal/Terminal.csproj]
/Users/jangminho/development/checkout/terminal/Terminal/Models/CartItem.cs(32,18): warning CS8826: Partial method declarations 'void CartItem.OnWeightStatusChanged(string value)' and 'void CartItem.OnWeightStatusChanged(string _)' have signature differences. [/Users/jangminho/development/checkout/terminal/Terminal/Terminal.csproj]
/Users/jangminho/development/checkout/terminal/Terminal/ViewModels/MainViewModel.cs(174,18): warning CS8826: Partial method declarations 'void MainViewModel.OnBonusPointsInputChanged(string value)' and 'void MainViewModel.OnBonusPointsInputChanged(string _)' have signature differences. [/Users/jangminho/development/checkout/terminal/Terminal/Terminal.csproj]
/Users/jangminho/development/checkout/terminal/Terminal/ViewModels/MainViewModel.cs(227,18): warning CS8826: Partial method declarations 'void MainViewModel.OnCurrentMemberChanged(LoyaltyMemberInfo? value)' and 'void MainViewModel.OnCurrentMemberChanged(LoyaltyMemberInfo? _)' have signature differences. [/Users/jangminho/development/checkout/terminal/Terminal/Terminal.csproj]
/Users/jangminho/development/checkout/terminal/Terminal/ViewModels/MainViewModel.cs(233,18): warning CS8826: Partial method declarations 'void MainViewModel.OnPointsEarnedChanged(int value)' and 'void MainViewModel.OnPointsEarnedChanged(int _)' have signature differences. [/Users/jangminho/development/checkout/terminal/Terminal/Terminal.csproj]
/Users/jangminho/development/checkout/terminal/Terminal/ViewModels/MainViewModel.cs(236,18): warning CS8826: Partial method declarations 'void MainViewModel.OnLoyaltyDiscountChanged(decimal value)' and 'void MainViewModel.OnLoyaltyDiscountChanged(decimal _)' have signature differences. [/Users/jangminho/development/checkout/terminal/Terminal/Terminal.csproj]
/Users/jangminho/development/checkout/terminal/Terminal/ViewModels/MainViewModel.cs(243,18): warning CS8826: Partial method declarations 'void MainViewModel.OnPaymentMethodChanged(string value)' and 'void MainViewModel.OnPaymentMethodChanged(string _)' have signature differences. [/Users/jangminho/development/checkout/terminal/Terminal/Terminal.csproj]
/Users/jangminho/development/checkout/terminal/Terminal/ViewModels/MainViewModel.cs(250,18): warning CS8826: Partial method declarations 'void MainViewModel.OnCashInsertedChanged(decimal value)' and 'void MainViewModel.OnCashInsertedChanged(decimal _)' have signature differences. [/Users/jangminho/development/checkout/terminal/Terminal/Terminal.csproj]
/Users/jangminho/development/checkout/terminal/Terminal/ViewModels/MainViewModel.cs(720,24): warning CS1998: This async method lacks 'await' operators and will run synchronously. Consider using the 'await' operator to await non-blocking API calls, or 'await Task.Run(...)' to do CPU-bound work on a background thread. [/Users/jangminho/development/checkout/terminal/Terminal/Terminal.csproj]
/Users/jangminho/development/checkout/terminal/Terminal/ViewModels/MainViewModel.cs(1064,24): warning CS1998: This async method lacks 'await' operators and will run synchronously. Consider using the 'await' operator to await non-blocking API calls, or 'await Task.Run(...)' to do CPU-bound work on a background thread. [/Users/jangminho/development/checkout/terminal/Terminal/Terminal.csproj]
/Users/jangminho/development/checkout/terminal/Terminal/ViewModels/MainViewModel.cs(101,41): warning MVVMTK0034: The field Terminal.ViewModels.MainViewModel._settingsPinInput is annotated with [ObservableProperty] and should not be directly referenced (use the generated property instead) (https://aka.ms/mvvmtoolkit/errors/mvvmtk0034) [/Users/jangminho/development/checkout/terminal/Terminal/Terminal.csproj]

Build succeeded.

/Users/jangminho/development/checkout/terminal/Terminal/Terminal.csproj : warning NU1903: Package 'Tmds.DBus.Protocol' 0.20.0 has a known high severity vulnerability, https://github.com/advisories/GHSA-xrw6-gwf8-vvr9
/Users/jangminho/development/checkout/terminal/Terminal/Terminal.csproj : warning NU1903: Package 'Tmds.DBus.Protocol' 0.20.0 has a known high severity vulnerability, https://github.com/advisories/GHSA-xrw6-gwf8-vvr9
/Users/jangminho/development/checkout/terminal/Terminal/Models/CartItem.cs(31,18): warning CS8826: Partial method declarations 'void CartItem.OnUnitPriceChanged(decimal value)' and 'void CartItem.OnUnitPriceChanged(decimal _)' have signature differences. [/Users/jangminho/development/checkout/terminal/Terminal/Terminal.csproj]
/Users/jangminho/development/checkout/terminal/Terminal/Models/CartItem.cs(32,18): warning CS8826: Partial method declarations 'void CartItem.OnWeightStatusChanged(string value)' and 'void CartItem.OnWeightStatusChanged(string _)' have signature differences. [/Users/jangminho/development/checkout/terminal/Terminal/Terminal.csproj]
/Users/jangminho/development/checkout/terminal/Terminal/ViewModels/MainViewModel.cs(174,18): warning CS8826: Partial method declarations 'void MainViewModel.OnBonusPointsInputChanged(string value)' and 'void MainViewModel.OnBonusPointsInputChanged(string _)' have signature differences. [/Users/jangminho/development/checkout/terminal/Terminal/Terminal.csproj]
/Users/jangminho/development/checkout/terminal/Terminal/ViewModels/MainViewModel.cs(227,18): warning CS8826: Partial method declarations 'void MainViewModel.OnCurrentMemberChanged(LoyaltyMemberInfo? value)' and 'void MainViewModel.OnCurrentMemberChanged(LoyaltyMemberInfo? _)' have signature differences. [/Users/jangminho/development/checkout/terminal/Terminal/Terminal.csproj]
/Users/jangminho/development/checkout/terminal/Terminal/ViewModels/MainViewModel.cs(233,18): warning CS8826: Partial method declarations 'void MainViewModel.OnPointsEarnedChanged(int value)' and 'void MainViewModel.OnPointsEarnedChanged(int _)' have signature differences. [/Users/jangminho/development/checkout/terminal/Terminal/Terminal.csproj]
/Users/jangminho/development/checkout/terminal/Terminal/ViewModels/MainViewModel.cs(236,18): warning CS8826: Partial method declarations 'void MainViewModel.OnLoyaltyDiscountChanged(decimal value)' and 'void MainViewModel.OnLoyaltyDiscountChanged(decimal _)' have signature differences. [/Users/jangminho/development/checkout/terminal/Terminal/Terminal.csproj]
/Users/jangminho/development/checkout/terminal/Terminal/ViewModels/MainViewModel.cs(243,18): warning CS8826: Partial method declarations 'void MainViewModel.OnPaymentMethodChanged(string value)' and 'void MainViewModel.OnPaymentMethodChanged(string _)' have signature differences. [/Users/jangminho/development/checkout/terminal/Terminal/Terminal.csproj]
/Users/jangminho/development/checkout/terminal/Terminal/ViewModels/MainViewModel.cs(250,18): warning CS8826: Partial method declarations 'void MainViewModel.OnCashInsertedChanged(decimal value)' and 'void MainViewModel.OnCashInsertedChanged(decimal _)' have signature differences. [/Users/jangminho/development/checkout/terminal/Terminal/Terminal.csproj]
/Users/jangminho/development/checkout/terminal/Terminal/ViewModels/MainViewModel.cs(720,24): warning CS1998: This async method lacks 'await' operators and will run synchronously. Consider using the 'await' operator to await non-blocking API calls, or 'await Task.Run(...)' to do CPU-bound work on a background thread. [/Users/jangminho/development/checkout/terminal/Terminal/Terminal.csproj]
/Users/jangminho/development/checkout/terminal/Terminal/ViewModels/MainViewModel.cs(1064,24): warning CS1998: This async method lacks 'await' operators and will run synchronously. Consider using the 'await' operator to await non-blocking API calls, or 'await Task.Run(...)' to do CPU-bound work on a background thread. [/Users/jangminho/development/checkout/terminal/Terminal/Terminal.csproj]
/Users/jangminho/development/checkout/terminal/Terminal/ViewModels/MainViewModel.cs(101,41): warning MVVMTK0034: The field Terminal.ViewModels.MainViewModel._settingsPinInput is annotated with [ObservableProperty] and should not be directly referenced (use the generated property instead) (https://aka.ms/mvvmtoolkit/errors/mvvmtk0034) [/Users/jangminho/development/checkout/terminal/Terminal/Terminal.csproj]
    13 Warning(s)
    0 Error(s)

Time Elapsed 00:00:02.06
/Users/jangminho/development/checkout/terminal/Terminal/Terminal.csproj : warning NU1903: Package 'Tmds.DBus.Protocol' 0.20.0 has a known high severity vulnerability, https://github.com/advisories/GHSA-xrw6-gwf8-vvr9
/Users/jangminho/development/checkout/terminal/Terminal/Terminal.csproj : warning NU1903: Package 'Tmds.DBus.Protocol' 0.20.0 has a known high severity vulnerability, https://github.com/advisories/GHSA-xrw6-gwf8-vvr9
/Users/jangminho/development/checkout/terminal/Terminal/Models/CartItem.cs(31,18): warning CS8826: Partial method declarations 'void CartItem.OnUnitPriceChanged(decimal value)' and 'void CartItem.OnUnitPriceChanged(decimal _)' have signature differences. [/Users/jangminho/development/checkout/terminal/Terminal/Terminal.csproj]
/Users/jangminho/development/checkout/terminal/Terminal/Models/CartItem.cs(32,18): warning CS8826: Partial method declarations 'void CartItem.OnWeightStatusChanged(string value)' and 'void CartItem.OnWeightStatusChanged(string _)' have signature differences. [/Users/jangminho/development/checkout/terminal/Terminal/Terminal.csproj]
/Users/jangminho/development/checkout/terminal/Terminal/ViewModels/MainViewModel.cs(179,18): warning CS8826: Partial method declarations 'void MainViewModel.OnBonusPointsInputChanged(string value)' and 'void MainViewModel.OnBonusPointsInputChanged(string _)' have signature differences. [/Users/jangminho/development/checkout/terminal/Terminal/Terminal.csproj]
/Users/jangminho/development/checkout/terminal/Terminal/ViewModels/MainViewModel.cs(232,18): warning CS8826: Partial method declarations 'void MainViewModel.OnCurrentMemberChanged(LoyaltyMemberInfo? value)' and 'void MainViewModel.OnCurrentMemberChanged(LoyaltyMemberInfo? _)' have signature differences. [/Users/jangminho/development/checkout/terminal/Terminal/Terminal.csproj]
/Users/jangminho/development/checkout/terminal/Terminal/ViewModels/MainViewModel.cs(238,18): warning CS8826: Partial method declarations 'void MainViewModel.OnPointsEarnedChanged(int value)' and 'void MainViewModel.OnPointsEarnedChanged(int _)' have signature differences. [/Users/jangminho/development/checkout/terminal/Terminal/Terminal.csproj]
/Users/jangminho/development/checkout/terminal/Terminal/ViewModels/MainViewModel.cs(241,18): warning CS8826: Partial method declarations 'void MainViewModel.OnLoyaltyDiscountChanged(decimal value)' and 'void MainViewModel.OnLoyaltyDiscountChanged(decimal _)' have signature differences. [/Users/jangminho/development/checkout/terminal/Terminal/Terminal.csproj]
/Users/jangminho/development/checkout/terminal/Terminal/ViewModels/MainViewModel.cs(248,18): warning CS8826: Partial method declarations 'void MainViewModel.OnPaymentMethodChanged(string value)' and 'void MainViewModel.OnPaymentMethodChanged(string _)' have signature differences. [/Users/jangminho/development/checkout/terminal/Terminal/Terminal.csproj]
/Users/jangminho/development/checkout/terminal/Terminal/ViewModels/MainViewModel.cs(255,18): warning CS8826: Partial method declarations 'void MainViewModel.OnCashInsertedChanged(decimal value)' and 'void MainViewModel.OnCashInsertedChanged(decimal _)' have signature differences. [/Users/jangminho/development/checkout/terminal/Terminal/Terminal.csproj]
/Users/jangminho/development/checkout/terminal/Terminal/ViewModels/MainViewModel.cs(725,24): warning CS1998: This async method lacks 'await' operators and will run synchronously. Consider using the 'await' operator to await non-blocking API calls, or 'await Task.Run(...)' to do CPU-bound work on a background thread. [/Users/jangminho/development/checkout/terminal/Terminal/Terminal.csproj]
/Users/jangminho/development/checkout/terminal/Terminal/ViewModels/MainViewModel.cs(1075,24): warning CS1998: This async method lacks 'await' operators and will run synchronously. Consider using the 'await' operator to await non-blocking API calls, or 'await Task.Run(...)' to do CPU-bound work on a background thread. [/Users/jangminho/development/checkout/terminal/Terminal/Terminal.csproj]
/Users/jangminho/development/checkout/terminal/Terminal/ViewModels/MainViewModel.cs(106,41): warning MVVMTK0034: The field Terminal.ViewModels.MainViewModel._settingsPinInput is annotated with [ObservableProperty] and should not be directly referenced (use the generated property instead) (https://aka.ms/mvvmtoolkit/errors/mvvmtk0034) [/Users/jangminho/development/checkout/terminal/Terminal/Terminal.csproj]

Build succeeded.

/Users/jangminho/development/checkout/terminal/Terminal/Terminal.csproj : warning NU1903: Package 'Tmds.DBus.Protocol' 0.20.0 has a known high severity vulnerability, https://github.com/advisories/GHSA-xrw6-gwf8-vvr9
/Users/jangminho/development/checkout/terminal/Terminal/Terminal.csproj : warning NU1903: Package 'Tmds.DBus.Protocol' 0.20.0 has a known high severity vulnerability, https://github.com/advisories/GHSA-xrw6-gwf8-vvr9
/Users/jangminho/development/checkout/terminal/Terminal/Models/CartItem.cs(31,18): warning CS8826: Partial method declarations 'void CartItem.OnUnitPriceChanged(decimal value)' and 'void CartItem.OnUnitPriceChanged(decimal _)' have signature differences. [/Users/jangminho/development/checkout/terminal/Terminal/Terminal.csproj]
/Users/jangminho/development/checkout/terminal/Terminal/Models/CartItem.cs(32,18): warning CS8826: Partial method declarations 'void CartItem.OnWeightStatusChanged(string value)' and 'void CartItem.OnWeightStatusChanged(string _)' have signature differences. [/Users/jangminho/development/checkout/terminal/Terminal/Terminal.csproj]
/Users/jangminho/development/checkout/terminal/Terminal/ViewModels/MainViewModel.cs(179,18): warning CS8826: Partial method declarations 'void MainViewModel.OnBonusPointsInputChanged(string value)' and 'void MainViewModel.OnBonusPointsInputChanged(string _)' have signature differences. [/Users/jangminho/development/checkout/terminal/Terminal/Terminal.csproj]
/Users/jangminho/development/checkout/terminal/Terminal/ViewModels/MainViewModel.cs(232,18): warning CS8826: Partial method declarations 'void MainViewModel.OnCurrentMemberChanged(LoyaltyMemberInfo? value)' and 'void MainViewModel.OnCurrentMemberChanged(LoyaltyMemberInfo? _)' have signature differences. [/Users/jangminho/development/checkout/terminal/Terminal/Terminal.csproj]
/Users/jangminho/development/checkout/terminal/Terminal/ViewModels/MainViewModel.cs(238,18): warning CS8826: Partial method declarations 'void MainViewModel.OnPointsEarnedChanged(int value)' and 'void MainViewModel.OnPointsEarnedChanged(int _)' have signature differences. [/Users/jangminho/development/checkout/terminal/Terminal/Terminal.csproj]
/Users/jangminho/development/checkout/terminal/Terminal/ViewModels/MainViewModel.cs(241,18): warning CS8826: Partial method declarations 'void MainViewModel.OnLoyaltyDiscountChanged(decimal value)' and 'void MainViewModel.OnLoyaltyDiscountChanged(decimal _)' have signature differences. [/Users/jangminho/development/checkout/terminal/Terminal/Terminal.csproj]
/Users/jangminho/development/checkout/terminal/Terminal/ViewModels/MainViewModel.cs(248,18): warning CS8826: Partial method declarations 'void MainViewModel.OnPaymentMethodChanged(string value)' and 'void MainViewModel.OnPaymentMethodChanged(string _)' have signature differences. [/Users/jangminho/development/checkout/terminal/Terminal/Terminal.csproj]
/Users/jangminho/development/checkout/terminal/Terminal/ViewModels/MainViewModel.cs(255,18): warning CS8826: Partial method declarations 'void MainViewModel.OnCashInsertedChanged(decimal value)' and 'void MainViewModel.OnCashInsertedChanged(decimal _)' have signature differences. [/Users/jangminho/development/checkout/terminal/Terminal/Terminal.csproj]
/Users/jangminho/development/checkout/terminal/Terminal/ViewModels/MainViewModel.cs(725,24): warning CS1998: This async method lacks 'await' operators and will run synchronously. Consider using the 'await' operator to await non-blocking API calls, or 'await Task.Run(...)' to do CPU-bound work on a background thread. [/Users/jangminho/development/checkout/terminal/Terminal/Terminal.csproj]
/Users/jangminho/development/checkout/terminal/Terminal/ViewModels/MainViewModel.cs(1075,24): warning CS1998: This async method lacks 'await' operators and will run synchronously. Consider using the 'await' operator to await non-blocking API calls, or 'await Task.Run(...)' to do CPU-bound work on a background thread. [/Users/jangminho/development/checkout/terminal/Terminal/Terminal.csproj]
/Users/jangminho/development/checkout/terminal/Terminal/ViewModels/MainViewModel.cs(106,41): warning MVVMTK0034: The field Terminal.ViewModels.MainViewModel._settingsPinInput is annotated with [ObservableProperty] and should not be directly referenced (use the generated property instead) (https://aka.ms/mvvmtoolkit/errors/mvvmtk0034) [/Users/jangminho/development/checkout/terminal/Terminal/Terminal.csproj]
    13 Warning(s)
    0 Error(s)

Time Elapsed 00:00:02.72
/Users/jangminho/development/checkout/terminal/Terminal/Terminal.csproj : warning NU1903: Package 'Tmds.DBus.Protocol' 0.20.0 has a known high severity vulnerability, https://github.com/advisories/GHSA-xrw6-gwf8-vvr9
/Users/jangminho/development/checkout/terminal/Terminal/Terminal.csproj : warning NU1903: Package 'Tmds.DBus.Protocol' 0.20.0 has a known high severity vulnerability, https://github.com/advisories/GHSA-xrw6-gwf8-vvr9
/Users/jangminho/development/checkout/terminal/Terminal/Models/CartItem.cs(31,18): warning CS8826: Partial method declarations 'void CartItem.OnUnitPriceChanged(decimal value)' and 'void CartItem.OnUnitPriceChanged(decimal _)' have signature differences. [/Users/jangminho/development/checkout/terminal/Terminal/Terminal.csproj]
/Users/jangminho/development/checkout/terminal/Terminal/Models/CartItem.cs(32,18): warning CS8826: Partial method declarations 'void CartItem.OnWeightStatusChanged(string value)' and 'void CartItem.OnWeightStatusChanged(string _)' have signature differences. [/Users/jangminho/development/checkout/terminal/Terminal/Terminal.csproj]
/Users/jangminho/development/checkout/terminal/Terminal/ViewModels/MainViewModel.cs(179,18): warning CS8826: Partial method declarations 'void MainViewModel.OnBonusPointsInputChanged(string value)' and 'void MainViewModel.OnBonusPointsInputChanged(string _)' have signature differences. [/Users/jangminho/development/checkout/terminal/Terminal/Terminal.csproj]
/Users/jangminho/development/checkout/terminal/Terminal/ViewModels/MainViewModel.cs(232,18): warning CS8826: Partial method declarations 'void MainViewModel.OnCurrentMemberChanged(LoyaltyMemberInfo? value)' and 'void MainViewModel.OnCurrentMemberChanged(LoyaltyMemberInfo? _)' have signature differences. [/Users/jangminho/development/checkout/terminal/Terminal/Terminal.csproj]
/Users/jangminho/development/checkout/terminal/Terminal/ViewModels/MainViewModel.cs(238,18): warning CS8826: Partial method declarations 'void MainViewModel.OnPointsEarnedChanged(int value)' and 'void MainViewModel.OnPointsEarnedChanged(int _)' have signature differences. [/Users/jangminho/development/checkout/terminal/Terminal/Terminal.csproj]
/Users/jangminho/development/checkout/terminal/Terminal/ViewModels/MainViewModel.cs(241,18): warning CS8826: Partial method declarations 'void MainViewModel.OnLoyaltyDiscountChanged(decimal value)' and 'void MainViewModel.OnLoyaltyDiscountChanged(decimal _)' have signature differences. [/Users/jangminho/development/checkout/terminal/Terminal/Terminal.csproj]
/Users/jangminho/development/checkout/terminal/Terminal/ViewModels/MainViewModel.cs(248,18): warning CS8826: Partial method declarations 'void MainViewModel.OnPaymentMethodChanged(string value)' and 'void MainViewModel.OnPaymentMethodChanged(string _)' have signature differences. [/Users/jangminho/development/checkout/terminal/Terminal/Terminal.csproj]
/Users/jangminho/development/checkout/terminal/Terminal/ViewModels/MainViewModel.cs(255,18): warning CS8826: Partial method declarations 'void MainViewModel.OnCashInsertedChanged(decimal value)' and 'void MainViewModel.OnCashInsertedChanged(decimal _)' have signature differences. [/Users/jangminho/development/checkout/terminal/Terminal/Terminal.csproj]
/Users/jangminho/development/checkout/terminal/Terminal/ViewModels/MainViewModel.cs(725,24): warning CS1998: This async method lacks 'await' operators and will run synchronously. Consider using the 'await' operator to await non-blocking API calls, or 'await Task.Run(...)' to do CPU-bound work on a background thread. [/Users/jangminho/development/checkout/terminal/Terminal/Terminal.csproj]
/Users/jangminho/development/checkout/terminal/Terminal/ViewModels/MainViewModel.cs(1075,24): warning CS1998: This async method lacks 'await' operators and will run synchronously. Consider using the 'await' operator to await non-blocking API calls, or 'await Task.Run(...)' to do CPU-bound work on a background thread. [/Users/jangminho/development/checkout/terminal/Terminal/Terminal.csproj]
/Users/jangminho/development/checkout/terminal/Terminal/ViewModels/MainViewModel.cs(106,41): warning MVVMTK0034: The field Terminal.ViewModels.MainViewModel._settingsPinInput is annotated with [ObservableProperty] and should not be directly referenced (use the generated property instead) (https://aka.ms/mvvmtoolkit/errors/mvvmtk0034) [/Users/jangminho/development/checkout/terminal/Terminal/Terminal.csproj]

Build succeeded.

/Users/jangminho/development/checkout/terminal/Terminal/Terminal.csproj : warning NU1903: Package 'Tmds.DBus.Protocol' 0.20.0 has a known high severity vulnerability, https://github.com/advisories/GHSA-xrw6-gwf8-vvr9
/Users/jangminho/development/checkout/terminal/Terminal/Terminal.csproj : warning NU1903: Package 'Tmds.DBus.Protocol' 0.20.0 has a known high severity vulnerability, https://github.com/advisories/GHSA-xrw6-gwf8-vvr9
/Users/jangminho/development/checkout/terminal/Terminal/Models/CartItem.cs(31,18): warning CS8826: Partial method declarations 'void CartItem.OnUnitPriceChanged(decimal value)' and 'void CartItem.OnUnitPriceChanged(decimal _)' have signature differences. [/Users/jangminho/development/checkout/terminal/Terminal/Terminal.csproj]
/Users/jangminho/development/checkout/terminal/Terminal/Models/CartItem.cs(32,18): warning CS8826: Partial method declarations 'void CartItem.OnWeightStatusChanged(string value)' and 'void CartItem.OnWeightStatusChanged(string _)' have signature differences. [/Users/jangminho/development/checkout/terminal/Terminal/Terminal.csproj]
/Users/jangminho/development/checkout/terminal/Terminal/ViewModels/MainViewModel.cs(179,18): warning CS8826: Partial method declarations 'void MainViewModel.OnBonusPointsInputChanged(string value)' and 'void MainViewModel.OnBonusPointsInputChanged(string _)' have signature differences. [/Users/jangminho/development/checkout/terminal/Terminal/Terminal.csproj]
/Users/jangminho/development/checkout/terminal/Terminal/ViewModels/MainViewModel.cs(232,18): warning CS8826: Partial method declarations 'void MainViewModel.OnCurrentMemberChanged(LoyaltyMemberInfo? value)' and 'void MainViewModel.OnCurrentMemberChanged(LoyaltyMemberInfo? _)' have signature differences. [/Users/jangminho/development/checkout/terminal/Terminal/Terminal.csproj]
/Users/jangminho/development/checkout/terminal/Terminal/ViewModels/MainViewModel.cs(238,18): warning CS8826: Partial method declarations 'void MainViewModel.OnPointsEarnedChanged(int value)' and 'void MainViewModel.OnPointsEarnedChanged(int _)' have signature differences. [/Users/jangminho/development/checkout/terminal/Terminal/Terminal.csproj]
/Users/jangminho/development/checkout/terminal/Terminal/ViewModels/MainViewModel.cs(241,18): warning CS8826: Partial method declarations 'void MainViewModel.OnLoyaltyDiscountChanged(decimal value)' and 'void MainViewModel.OnLoyaltyDiscountChanged(decimal _)' have signature differences. [/Users/jangminho/development/checkout/terminal/Terminal/Terminal.csproj]
/Users/jangminho/development/checkout/terminal/Terminal/ViewModels/MainViewModel.cs(248,18): warning CS8826: Partial method declarations 'void MainViewModel.OnPaymentMethodChanged(string value)' and 'void MainViewModel.OnPaymentMethodChanged(string _)' have signature differences. [/Users/jangminho/development/checkout/terminal/Terminal/Terminal.csproj]
/Users/jangminho/development/checkout/terminal/Terminal/ViewModels/MainViewModel.cs(255,18): warning CS8826: Partial method declarations 'void MainViewModel.OnCashInsertedChanged(decimal value)' and 'void MainViewModel.OnCashInsertedChanged(decimal _)' have signature differences. [/Users/jangminho/development/checkout/terminal/Terminal/Terminal.csproj]
/Users/jangminho/development/checkout/terminal/Terminal/ViewModels/MainViewModel.cs(725,24): warning CS1998: This async method lacks 'await' operators and will run synchronously. Consider using the 'await' operator to await non-blocking API calls, or 'await Task.Run(...)' to do CPU-bound work on a background thread. [/Users/jangminho/development/checkout/terminal/Terminal/Terminal.csproj]
/Users/jangminho/development/checkout/terminal/Terminal/ViewModels/MainViewModel.cs(1075,24): warning CS1998: This async method lacks 'await' operators and will run synchronously. Consider using the 'await' operator to await non-blocking API calls, or 'await Task.Run(...)' to do CPU-bound work on a background thread. [/Users/jangminho/development/checkout/terminal/Terminal/Terminal.csproj]
/Users/jangminho/development/checkout/terminal/Terminal/ViewModels/MainViewModel.cs(106,41): warning MVVMTK0034: The field Terminal.ViewModels.MainViewModel._settingsPinInput is annotated with [ObservableProperty] and should not be directly referenced (use the generated property instead) (https://aka.ms/mvvmtoolkit/errors/mvvmtk0034) [/Users/jangminho/development/checkout/terminal/Terminal/Terminal.csproj]
    13 Warning(s)
    0 Error(s)

Time Elapsed 00:00:03.35
/Users/jangminho/development/checkout/terminal/Terminal/Terminal.csproj : warning NU1903: Package 'Tmds.DBus.Protocol' 0.20.0 has a known high severity vulnerability, https://github.com/advisories/GHSA-xrw6-gwf8-vvr9
/Users/jangminho/development/checkout/terminal/Terminal/Terminal.csproj : warning NU1903: Package 'Tmds.DBus.Protocol' 0.20.0 has a known high severity vulnerability, https://github.com/advisories/GHSA-xrw6-gwf8-vvr9
/Users/jangminho/development/checkout/terminal/Terminal/Models/CartItem.cs(31,18): warning CS8826: Partial method declarations 'void CartItem.OnUnitPriceChanged(decimal value)' and 'void CartItem.OnUnitPriceChanged(decimal _)' have signature differences. [/Users/jangminho/development/checkout/terminal/Terminal/Terminal.csproj]
/Users/jangminho/development/checkout/terminal/Terminal/Models/CartItem.cs(32,18): warning CS8826: Partial method declarations 'void CartItem.OnWeightStatusChanged(string value)' and 'void CartItem.OnWeightStatusChanged(string _)' have signature differences. [/Users/jangminho/development/checkout/terminal/Terminal/Terminal.csproj]
/Users/jangminho/development/checkout/terminal/Terminal/ViewModels/MainViewModel.cs(193,18): warning CS8826: Partial method declarations 'void MainViewModel.OnBonusPointsInputChanged(string value)' and 'void MainViewModel.OnBonusPointsInputChanged(string _)' have signature differences. [/Users/jangminho/development/checkout/terminal/Terminal/Terminal.csproj]
/Users/jangminho/development/checkout/terminal/Terminal/ViewModels/MainViewModel.cs(246,18): warning CS8826: Partial method declarations 'void MainViewModel.OnCurrentMemberChanged(LoyaltyMemberInfo? value)' and 'void MainViewModel.OnCurrentMemberChanged(LoyaltyMemberInfo? _)' have signature differences. [/Users/jangminho/development/checkout/terminal/Terminal/Terminal.csproj]
/Users/jangminho/development/checkout/terminal/Terminal/ViewModels/MainViewModel.cs(252,18): warning CS8826: Partial method declarations 'void MainViewModel.OnPointsEarnedChanged(int value)' and 'void MainViewModel.OnPointsEarnedChanged(int _)' have signature differences. [/Users/jangminho/development/checkout/terminal/Terminal/Terminal.csproj]
/Users/jangminho/development/checkout/terminal/Terminal/ViewModels/MainViewModel.cs(255,18): warning CS8826: Partial method declarations 'void MainViewModel.OnLoyaltyDiscountChanged(decimal value)' and 'void MainViewModel.OnLoyaltyDiscountChanged(decimal _)' have signature differences. [/Users/jangminho/development/checkout/terminal/Terminal/Terminal.csproj]
/Users/jangminho/development/checkout/terminal/Terminal/ViewModels/MainViewModel.cs(262,18): warning CS8826: Partial method declarations 'void MainViewModel.OnPaymentMethodChanged(string value)' and 'void MainViewModel.OnPaymentMethodChanged(string _)' have signature differences. [/Users/jangminho/development/checkout/terminal/Terminal/Terminal.csproj]
/Users/jangminho/development/checkout/terminal/Terminal/ViewModels/MainViewModel.cs(269,18): warning CS8826: Partial method declarations 'void MainViewModel.OnCashInsertedChanged(decimal value)' and 'void MainViewModel.OnCashInsertedChanged(decimal _)' have signature differences. [/Users/jangminho/development/checkout/terminal/Terminal/Terminal.csproj]
/Users/jangminho/development/checkout/terminal/Terminal/ViewModels/MainViewModel.cs(810,24): warning CS1998: This async method lacks 'await' operators and will run synchronously. Consider using the 'await' operator to await non-blocking API calls, or 'await Task.Run(...)' to do CPU-bound work on a background thread. [/Users/jangminho/development/checkout/terminal/Terminal/Terminal.csproj]
/Users/jangminho/development/checkout/terminal/Terminal/ViewModels/MainViewModel.cs(1160,24): warning CS1998: This async method lacks 'await' operators and will run synchronously. Consider using the 'await' operator to await non-blocking API calls, or 'await Task.Run(...)' to do CPU-bound work on a background thread. [/Users/jangminho/development/checkout/terminal/Terminal/Terminal.csproj]
/Users/jangminho/development/checkout/terminal/Terminal/ViewModels/MainViewModel.cs(106,41): warning MVVMTK0034: The field Terminal.ViewModels.MainViewModel._settingsPinInput is annotated with [ObservableProperty] and should not be directly referenced (use the generated property instead) (https://aka.ms/mvvmtoolkit/errors/mvvmtk0034) [/Users/jangminho/development/checkout/terminal/Terminal/Terminal.csproj]

Build succeeded.

/Users/jangminho/development/checkout/terminal/Terminal/Terminal.csproj : warning NU1903: Package 'Tmds.DBus.Protocol' 0.20.0 has a known high severity vulnerability, https://github.com/advisories/GHSA-xrw6-gwf8-vvr9
/Users/jangminho/development/checkout/terminal/Terminal/Terminal.csproj : warning NU1903: Package 'Tmds.DBus.Protocol' 0.20.0 has a known high severity vulnerability, https://github.com/advisories/GHSA-xrw6-gwf8-vvr9
/Users/jangminho/development/checkout/terminal/Terminal/Models/CartItem.cs(31,18): warning CS8826: Partial method declarations 'void CartItem.OnUnitPriceChanged(decimal value)' and 'void CartItem.OnUnitPriceChanged(decimal _)' have signature differences. [/Users/jangminho/development/checkout/terminal/Terminal/Terminal.csproj]
/Users/jangminho/development/checkout/terminal/Terminal/Models/CartItem.cs(32,18): warning CS8826: Partial method declarations 'void CartItem.OnWeightStatusChanged(string value)' and 'void CartItem.OnWeightStatusChanged(string _)' have signature differences. [/Users/jangminho/development/checkout/terminal/Terminal/Terminal.csproj]
/Users/jangminho/development/checkout/terminal/Terminal/ViewModels/MainViewModel.cs(193,18): warning CS8826: Partial method declarations 'void MainViewModel.OnBonusPointsInputChanged(string value)' and 'void MainViewModel.OnBonusPointsInputChanged(string _)' have signature differences. [/Users/jangminho/development/checkout/terminal/Terminal/Terminal.csproj]
/Users/jangminho/development/checkout/terminal/Terminal/ViewModels/MainViewModel.cs(246,18): warning CS8826: Partial method declarations 'void MainViewModel.OnCurrentMemberChanged(LoyaltyMemberInfo? value)' and 'void MainViewModel.OnCurrentMemberChanged(LoyaltyMemberInfo? _)' have signature differences. [/Users/jangminho/development/checkout/terminal/Terminal/Terminal.csproj]
/Users/jangminho/development/checkout/terminal/Terminal/ViewModels/MainViewModel.cs(252,18): warning CS8826: Partial method declarations 'void MainViewModel.OnPointsEarnedChanged(int value)' and 'void MainViewModel.OnPointsEarnedChanged(int _)' have signature differences. [/Users/jangminho/development/checkout/terminal/Terminal/Terminal.csproj]
/Users/jangminho/development/checkout/terminal/Terminal/ViewModels/MainViewModel.cs(255,18): warning CS8826: Partial method declarations 'void MainViewModel.OnLoyaltyDiscountChanged(decimal value)' and 'void MainViewModel.OnLoyaltyDiscountChanged(decimal _)' have signature differences. [/Users/jangminho/development/checkout/terminal/Terminal/Terminal.csproj]
/Users/jangminho/development/checkout/terminal/Terminal/ViewModels/MainViewModel.cs(262,18): warning CS8826: Partial method declarations 'void MainViewModel.OnPaymentMethodChanged(string value)' and 'void MainViewModel.OnPaymentMethodChanged(string _)' have signature differences. [/Users/jangminho/development/checkout/terminal/Terminal/Terminal.csproj]
/Users/jangminho/development/checkout/terminal/Terminal/ViewModels/MainViewModel.cs(269,18): warning CS8826: Partial method declarations 'void MainViewModel.OnCashInsertedChanged(decimal value)' and 'void MainViewModel.OnCashInsertedChanged(decimal _)' have signature differences. [/Users/jangminho/development/checkout/terminal/Terminal/Terminal.csproj]
/Users/jangminho/development/checkout/terminal/Terminal/ViewModels/MainViewModel.cs(810,24): warning CS1998: This async method lacks 'await' operators and will run synchronously. Consider using the 'await' operator to await non-blocking API calls, or 'await Task.Run(...)' to do CPU-bound work on a background thread. [/Users/jangminho/development/checkout/terminal/Terminal/Terminal.csproj]
/Users/jangminho/development/checkout/terminal/Terminal/ViewModels/MainViewModel.cs(1160,24): warning CS1998: This async method lacks 'await' operators and will run synchronously. Consider using the 'await' operator to await non-blocking API calls, or 'await Task.Run(...)' to do CPU-bound work on a background thread. [/Users/jangminho/development/checkout/terminal/Terminal/Terminal.csproj]
/Users/jangminho/development/checkout/terminal/Terminal/ViewModels/MainViewModel.cs(106,41): warning MVVMTK0034: The field Terminal.ViewModels.MainViewModel._settingsPinInput is annotated with [ObservableProperty] and should not be directly referenced (use the generated property instead) (https://aka.ms/mvvmtoolkit/errors/mvvmtk0034) [/Users/jangminho/development/checkout/terminal/Terminal/Terminal.csproj]
    13 Warning(s)
    0 Error(s)

Time Elapsed 00:00:03.78
/Users/jangminho/development/checkout/terminal/Terminal/Terminal.csproj : warning NU1903: Package 'Tmds.DBus.Protocol' 0.20.0 has a known high severity vulnerability, https://github.com/advisories/GHSA-xrw6-gwf8-vvr9
/Users/jangminho/development/checkout/terminal/Terminal/Terminal.csproj : warning NU1903: Package 'Tmds.DBus.Protocol' 0.20.0 has a known high severity vulnerability, https://github.com/advisories/GHSA-xrw6-gwf8-vvr9
/Users/jangminho/development/checkout/terminal/Terminal/Models/CartItem.cs(31,18): warning CS8826: Partial method declarations 'void CartItem.OnUnitPriceChanged(decimal value)' and 'void CartItem.OnUnitPriceChanged(decimal _)' have signature differences. [/Users/jangminho/development/checkout/terminal/Terminal/Terminal.csproj]
/Users/jangminho/development/checkout/terminal/Terminal/Models/CartItem.cs(32,18): warning CS8826: Partial method declarations 'void CartItem.OnWeightStatusChanged(string value)' and 'void CartItem.OnWeightStatusChanged(string _)' have signature differences. [/Users/jangminho/development/checkout/terminal/Terminal/Terminal.csproj]
/Users/jangminho/development/checkout/terminal/Terminal/ViewModels/MainViewModel.cs(209,18): warning CS8826: Partial method declarations 'void MainViewModel.OnBonusPointsInputChanged(string value)' and 'void MainViewModel.OnBonusPointsInputChanged(string _)' have signature differences. [/Users/jangminho/development/checkout/terminal/Terminal/Terminal.csproj]
/Users/jangminho/development/checkout/terminal/Terminal/ViewModels/MainViewModel.cs(262,18): warning CS8826: Partial method declarations 'void MainViewModel.OnCurrentMemberChanged(LoyaltyMemberInfo? value)' and 'void MainViewModel.OnCurrentMemberChanged(LoyaltyMemberInfo? _)' have signature differences. [/Users/jangminho/development/checkout/terminal/Terminal/Terminal.csproj]
/Users/jangminho/development/checkout/terminal/Terminal/ViewModels/MainViewModel.cs(268,18): warning CS8826: Partial method declarations 'void MainViewModel.OnPointsEarnedChanged(int value)' and 'void MainViewModel.OnPointsEarnedChanged(int _)' have signature differences. [/Users/jangminho/development/checkout/terminal/Terminal/Terminal.csproj]
/Users/jangminho/development/checkout/terminal/Terminal/ViewModels/MainViewModel.cs(271,18): warning CS8826: Partial method declarations 'void MainViewModel.OnLoyaltyDiscountChanged(decimal value)' and 'void MainViewModel.OnLoyaltyDiscountChanged(decimal _)' have signature differences. [/Users/jangminho/development/checkout/terminal/Terminal/Terminal.csproj]
/Users/jangminho/development/checkout/terminal/Terminal/ViewModels/MainViewModel.cs(278,18): warning CS8826: Partial method declarations 'void MainViewModel.OnPaymentMethodChanged(string value)' and 'void MainViewModel.OnPaymentMethodChanged(string _)' have signature differences. [/Users/jangminho/development/checkout/terminal/Terminal/Terminal.csproj]
/Users/jangminho/development/checkout/terminal/Terminal/ViewModels/MainViewModel.cs(285,18): warning CS8826: Partial method declarations 'void MainViewModel.OnCashInsertedChanged(decimal value)' and 'void MainViewModel.OnCashInsertedChanged(decimal _)' have signature differences. [/Users/jangminho/development/checkout/terminal/Terminal/Terminal.csproj]
/Users/jangminho/development/checkout/terminal/Terminal/ViewModels/MainViewModel.cs(927,24): warning CS1998: This async method lacks 'await' operators and will run synchronously. Consider using the 'await' operator to await non-blocking API calls, or 'await Task.Run(...)' to do CPU-bound work on a background thread. [/Users/jangminho/development/checkout/terminal/Terminal/Terminal.csproj]
/Users/jangminho/development/checkout/terminal/Terminal/ViewModels/MainViewModel.cs(1277,24): warning CS1998: This async method lacks 'await' operators and will run synchronously. Consider using the 'await' operator to await non-blocking API calls, or 'await Task.Run(...)' to do CPU-bound work on a background thread. [/Users/jangminho/development/checkout/terminal/Terminal/Terminal.csproj]
/Users/jangminho/development/checkout/terminal/Terminal/ViewModels/MainViewModel.cs(106,41): warning MVVMTK0034: The field Terminal.ViewModels.MainViewModel._settingsPinInput is annotated with [ObservableProperty] and should not be directly referenced (use the generated property instead) (https://aka.ms/mvvmtoolkit/errors/mvvmtk0034) [/Users/jangminho/development/checkout/terminal/Terminal/Terminal.csproj]

Build succeeded.

/Users/jangminho/development/checkout/terminal/Terminal/Terminal.csproj : warning NU1903: Package 'Tmds.DBus.Protocol' 0.20.0 has a known high severity vulnerability, https://github.com/advisories/GHSA-xrw6-gwf8-vvr9
/Users/jangminho/development/checkout/terminal/Terminal/Terminal.csproj : warning NU1903: Package 'Tmds.DBus.Protocol' 0.20.0 has a known high severity vulnerability, https://github.com/advisories/GHSA-xrw6-gwf8-vvr9
/Users/jangminho/development/checkout/terminal/Terminal/Models/CartItem.cs(31,18): warning CS8826: Partial method declarations 'void CartItem.OnUnitPriceChanged(decimal value)' and 'void CartItem.OnUnitPriceChanged(decimal _)' have signature differences. [/Users/jangminho/development/checkout/terminal/Terminal/Terminal.csproj]
/Users/jangminho/development/checkout/terminal/Terminal/Models/CartItem.cs(32,18): warning CS8826: Partial method declarations 'void CartItem.OnWeightStatusChanged(string value)' and 'void CartItem.OnWeightStatusChanged(string _)' have signature differences. [/Users/jangminho/development/checkout/terminal/Terminal/Terminal.csproj]
/Users/jangminho/development/checkout/terminal/Terminal/ViewModels/MainViewModel.cs(209,18): warning CS8826: Partial method declarations 'void MainViewModel.OnBonusPointsInputChanged(string value)' and 'void MainViewModel.OnBonusPointsInputChanged(string _)' have signature differences. [/Users/jangminho/development/checkout/terminal/Terminal/Terminal.csproj]
/Users/jangminho/development/checkout/terminal/Terminal/ViewModels/MainViewModel.cs(262,18): warning CS8826: Partial method declarations 'void MainViewModel.OnCurrentMemberChanged(LoyaltyMemberInfo? value)' and 'void MainViewModel.OnCurrentMemberChanged(LoyaltyMemberInfo? _)' have signature differences. [/Users/jangminho/development/checkout/terminal/Terminal/Terminal.csproj]
/Users/jangminho/development/checkout/terminal/Terminal/ViewModels/MainViewModel.cs(268,18): warning CS8826: Partial method declarations 'void MainViewModel.OnPointsEarnedChanged(int value)' and 'void MainViewModel.OnPointsEarnedChanged(int _)' have signature differences. [/Users/jangminho/development/checkout/terminal/Terminal/Terminal.csproj]
/Users/jangminho/development/checkout/terminal/Terminal/ViewModels/MainViewModel.cs(271,18): warning CS8826: Partial method declarations 'void MainViewModel.OnLoyaltyDiscountChanged(decimal value)' and 'void MainViewModel.OnLoyaltyDiscountChanged(decimal _)' have signature differences. [/Users/jangminho/development/checkout/terminal/Terminal/Terminal.csproj]
/Users/jangminho/development/checkout/terminal/Terminal/ViewModels/MainViewModel.cs(278,18): warning CS8826: Partial method declarations 'void MainViewModel.OnPaymentMethodChanged(string value)' and 'void MainViewModel.OnPaymentMethodChanged(string _)' have signature differences. [/Users/jangminho/development/checkout/terminal/Terminal/Terminal.csproj]
/Users/jangminho/development/checkout/terminal/Terminal/ViewModels/MainViewModel.cs(285,18): warning CS8826: Partial method declarations 'void MainViewModel.OnCashInsertedChanged(decimal value)' and 'void MainViewModel.OnCashInsertedChanged(decimal _)' have signature differences. [/Users/jangminho/development/checkout/terminal/Terminal/Terminal.csproj]
/Users/jangminho/development/checkout/terminal/Terminal/ViewModels/MainViewModel.cs(927,24): warning CS1998: This async method lacks 'await' operators and will run synchronously. Consider using the 'await' operator to await non-blocking API calls, or 'await Task.Run(...)' to do CPU-bound work on a background thread. [/Users/jangminho/development/checkout/terminal/Terminal/Terminal.csproj]
/Users/jangminho/development/checkout/terminal/Terminal/ViewModels/MainViewModel.cs(1277,24): warning CS1998: This async method lacks 'await' operators and will run synchronously. Consider using the 'await' operator to await non-blocking API calls, or 'await Task.Run(...)' to do CPU-bound work on a background thread. [/Users/jangminho/development/checkout/terminal/Terminal/Terminal.csproj]
/Users/jangminho/development/checkout/terminal/Terminal/ViewModels/MainViewModel.cs(106,41): warning MVVMTK0034: The field Terminal.ViewModels.MainViewModel._settingsPinInput is annotated with [ObservableProperty] and should not be directly referenced (use the generated property instead) (https://aka.ms/mvvmtoolkit/errors/mvvmtk0034) [/Users/jangminho/development/checkout/terminal/Terminal/Terminal.csproj]
    13 Warning(s)
    0 Error(s)

Time Elapsed 00:00:03.84
/Users/jangminho/development/checkout/terminal/Terminal/Terminal.csproj : warning NU1903: Package 'Tmds.DBus.Protocol' 0.20.0 has a known high severity vulnerability, https://github.com/advisories/GHSA-xrw6-gwf8-vvr9
/Users/jangminho/development/checkout/terminal/Terminal/Terminal.csproj : warning NU1903: Package 'Tmds.DBus.Protocol' 0.20.0 has a known high severity vulnerability, https://github.com/advisories/GHSA-xrw6-gwf8-vvr9

Build succeeded.

/Users/jangminho/development/checkout/terminal/Terminal/Terminal.csproj : warning NU1903: Package 'Tmds.DBus.Protocol' 0.20.0 has a known high severity vulnerability, https://github.com/advisories/GHSA-xrw6-gwf8-vvr9
/Users/jangminho/development/checkout/terminal/Terminal/Terminal.csproj : warning NU1903: Package 'Tmds.DBus.Protocol' 0.20.0 has a known high severity vulnerability, https://github.com/advisories/GHSA-xrw6-gwf8-vvr9
    2 Warning(s)
    0 Error(s)

Time Elapsed 00:00:00.65
/Users/jangminho/development/checkout/terminal/Terminal/Terminal.csproj : warning NU1903: Package 'Tmds.DBus.Protocol' 0.20.0 has a known high severity vulnerability, https://github.com/advisories/GHSA-xrw6-gwf8-vvr9
/Users/jangminho/development/checkout/terminal/Terminal/Terminal.csproj : warning NU1903: Package 'Tmds.DBus.Protocol' 0.20.0 has a known high severity vulnerability, https://github.com/advisories/GHSA-xrw6-gwf8-vvr9
/Users/jangminho/development/checkout/terminal/Terminal/Models/CartItem.cs(31,18): warning CS8826: Partial method declarations 'void CartItem.OnUnitPriceChanged(decimal value)' and 'void CartItem.OnUnitPriceChanged(decimal _)' have signature differences. [/Users/jangminho/development/checkout/terminal/Terminal/Terminal.csproj]
/Users/jangminho/development/checkout/terminal/Terminal/Models/CartItem.cs(32,18): warning CS8826: Partial method declarations 'void CartItem.OnWeightStatusChanged(string value)' and 'void CartItem.OnWeightStatusChanged(string _)' have signature differences. [/Users/jangminho/development/checkout/terminal/Terminal/Terminal.csproj]
/Users/jangminho/development/checkout/terminal/Terminal/ViewModels/MainViewModel.cs(209,18): warning CS8826: Partial method declarations 'void MainViewModel.OnBonusPointsInputChanged(string value)' and 'void MainViewModel.OnBonusPointsInputChanged(string _)' have signature differences. [/Users/jangminho/development/checkout/terminal/Terminal/Terminal.csproj]
/Users/jangminho/development/checkout/terminal/Terminal/ViewModels/MainViewModel.cs(262,18): warning CS8826: Partial method declarations 'void MainViewModel.OnCurrentMemberChanged(LoyaltyMemberInfo? value)' and 'void MainViewModel.OnCurrentMemberChanged(LoyaltyMemberInfo? _)' have signature differences. [/Users/jangminho/development/checkout/terminal/Terminal/Terminal.csproj]
/Users/jangminho/development/checkout/terminal/Terminal/ViewModels/MainViewModel.cs(268,18): warning CS8826: Partial method declarations 'void MainViewModel.OnPointsEarnedChanged(int value)' and 'void MainViewModel.OnPointsEarnedChanged(int _)' have signature differences. [/Users/jangminho/development/checkout/terminal/Terminal/Terminal.csproj]
/Users/jangminho/development/checkout/terminal/Terminal/ViewModels/MainViewModel.cs(271,18): warning CS8826: Partial method declarations 'void MainViewModel.OnLoyaltyDiscountChanged(decimal value)' and 'void MainViewModel.OnLoyaltyDiscountChanged(decimal _)' have signature differences. [/Users/jangminho/development/checkout/terminal/Terminal/Terminal.csproj]
/Users/jangminho/development/checkout/terminal/Terminal/ViewModels/MainViewModel.cs(278,18): warning CS8826: Partial method declarations 'void MainViewModel.OnPaymentMethodChanged(string value)' and 'void MainViewModel.OnPaymentMethodChanged(string _)' have signature differences. [/Users/jangminho/development/checkout/terminal/Terminal/Terminal.csproj]
/Users/jangminho/development/checkout/terminal/Terminal/ViewModels/MainViewModel.cs(285,18): warning CS8826: Partial method declarations 'void MainViewModel.OnCashInsertedChanged(decimal value)' and 'void MainViewModel.OnCashInsertedChanged(decimal _)' have signature differences. [/Users/jangminho/development/checkout/terminal/Terminal/Terminal.csproj]
/Users/jangminho/development/checkout/terminal/Terminal/ViewModels/MainViewModel.cs(927,24): warning CS1998: This async method lacks 'await' operators and will run synchronously. Consider using the 'await' operator to await non-blocking API calls, or 'await Task.Run(...)' to do CPU-bound work on a background thread. [/Users/jangminho/development/checkout/terminal/Terminal/Terminal.csproj]
/Users/jangminho/development/checkout/terminal/Terminal/ViewModels/MainViewModel.cs(1277,24): warning CS1998: This async method lacks 'await' operators and will run synchronously. Consider using the 'await' operator to await non-blocking API calls, or 'await Task.Run(...)' to do CPU-bound work on a background thread. [/Users/jangminho/development/checkout/terminal/Terminal/Terminal.csproj]
/Users/jangminho/development/checkout/terminal/Terminal/ViewModels/MainViewModel.cs(106,41): warning MVVMTK0034: The field Terminal.ViewModels.MainViewModel._settingsPinInput is annotated with [ObservableProperty] and should not be directly referenced (use the generated property instead) (https://aka.ms/mvvmtoolkit/errors/mvvmtk0034) [/Users/jangminho/development/checkout/terminal/Terminal/Terminal.csproj]

Build succeeded.

/Users/jangminho/development/checkout/terminal/Terminal/Terminal.csproj : warning NU1903: Package 'Tmds.DBus.Protocol' 0.20.0 has a known high severity vulnerability, https://github.com/advisories/GHSA-xrw6-gwf8-vvr9
/Users/jangminho/development/checkout/terminal/Terminal/Terminal.csproj : warning NU1903: Package 'Tmds.DBus.Protocol' 0.20.0 has a known high severity vulnerability, https://github.com/advisories/GHSA-xrw6-gwf8-vvr9
/Users/jangminho/development/checkout/terminal/Terminal/Models/CartItem.cs(31,18): warning CS8826: Partial method declarations 'void CartItem.OnUnitPriceChanged(decimal value)' and 'void CartItem.OnUnitPriceChanged(decimal _)' have signature differences. [/Users/jangminho/development/checkout/terminal/Terminal/Terminal.csproj]
/Users/jangminho/development/checkout/terminal/Terminal/Models/CartItem.cs(32,18): warning CS8826: Partial method declarations 'void CartItem.OnWeightStatusChanged(string value)' and 'void CartItem.OnWeightStatusChanged(string _)' have signature differences. [/Users/jangminho/development/checkout/terminal/Terminal/Terminal.csproj]
/Users/jangminho/development/checkout/terminal/Terminal/ViewModels/MainViewModel.cs(209,18): warning CS8826: Partial method declarations 'void MainViewModel.OnBonusPointsInputChanged(string value)' and 'void MainViewModel.OnBonusPointsInputChanged(string _)' have signature differences. [/Users/jangminho/development/checkout/terminal/Terminal/Terminal.csproj]
/Users/jangminho/development/checkout/terminal/Terminal/ViewModels/MainViewModel.cs(262,18): warning CS8826: Partial method declarations 'void MainViewModel.OnCurrentMemberChanged(LoyaltyMemberInfo? value)' and 'void MainViewModel.OnCurrentMemberChanged(LoyaltyMemberInfo? _)' have signature differences. [/Users/jangminho/development/checkout/terminal/Terminal/Terminal.csproj]
/Users/jangminho/development/checkout/terminal/Terminal/ViewModels/MainViewModel.cs(268,18): warning CS8826: Partial method declarations 'void MainViewModel.OnPointsEarnedChanged(int value)' and 'void MainViewModel.OnPointsEarnedChanged(int _)' have signature differences. [/Users/jangminho/development/checkout/terminal/Terminal/Terminal.csproj]
/Users/jangminho/development/checkout/terminal/Terminal/ViewModels/MainViewModel.cs(271,18): warning CS8826: Partial method declarations 'void MainViewModel.OnLoyaltyDiscountChanged(decimal value)' and 'void MainViewModel.OnLoyaltyDiscountChanged(decimal _)' have signature differences. [/Users/jangminho/development/checkout/terminal/Terminal/Terminal.csproj]
/Users/jangminho/development/checkout/terminal/Terminal/ViewModels/MainViewModel.cs(278,18): warning CS8826: Partial method declarations 'void MainViewModel.OnPaymentMethodChanged(string value)' and 'void MainViewModel.OnPaymentMethodChanged(string _)' have signature differences. [/Users/jangminho/development/checkout/terminal/Terminal/Terminal.csproj]
/Users/jangminho/development/checkout/terminal/Terminal/ViewModels/MainViewModel.cs(285,18): warning CS8826: Partial method declarations 'void MainViewModel.OnCashInsertedChanged(decimal value)' and 'void MainViewModel.OnCashInsertedChanged(decimal _)' have signature differences. [/Users/jangminho/development/checkout/terminal/Terminal/Terminal.csproj]
/Users/jangminho/development/checkout/terminal/Terminal/ViewModels/MainViewModel.cs(927,24): warning CS1998: This async method lacks 'await' operators and will run synchronously. Consider using the 'await' operator to await non-blocking API calls, or 'await Task.Run(...)' to do CPU-bound work on a background thread. [/Users/jangminho/development/checkout/terminal/Terminal/Terminal.csproj]
/Users/jangminho/development/checkout/terminal/Terminal/ViewModels/MainViewModel.cs(1277,24): warning CS1998: This async method lacks 'await' operators and will run synchronously. Consider using the 'await' operator to await non-blocking API calls, or 'await Task.Run(...)' to do CPU-bound work on a background thread. [/Users/jangminho/development/checkout/terminal/Terminal/Terminal.csproj]
/Users/jangminho/development/checkout/terminal/Terminal/ViewModels/MainViewModel.cs(106,41): warning MVVMTK0034: The field Terminal.ViewModels.MainViewModel._settingsPinInput is annotated with [ObservableProperty] and should not be directly referenced (use the generated property instead) (https://aka.ms/mvvmtoolkit/errors/mvvmtk0034) [/Users/jangminho/development/checkout/terminal/Terminal/Terminal.csproj]
    13 Warning(s)
    0 Error(s)

Time Elapsed 00:00:03.92
/Users/jangminho/development/checkout/terminal/Terminal/Terminal.csproj : warning NU1903: Package 'Tmds.DBus.Protocol' 0.20.0 has a known high severity vulnerability, https://github.com/advisories/GHSA-xrw6-gwf8-vvr9
/Users/jangminho/development/checkout/terminal/Terminal/Terminal.csproj : warning NU1903: Package 'Tmds.DBus.Protocol' 0.20.0 has a known high severity vulnerability, https://github.com/advisories/GHSA-xrw6-gwf8-vvr9
/Users/jangminho/development/checkout/terminal/Terminal/Models/CartItem.cs(31,18): warning CS8826: Partial method declarations 'void CartItem.OnUnitPriceChanged(decimal value)' and 'void CartItem.OnUnitPriceChanged(decimal _)' have signature differences. [/Users/jangminho/development/checkout/terminal/Terminal/Terminal.csproj]
/Users/jangminho/development/checkout/terminal/Terminal/Models/CartItem.cs(32,18): warning CS8826: Partial method declarations 'void CartItem.OnWeightStatusChanged(string value)' and 'void CartItem.OnWeightStatusChanged(string _)' have signature differences. [/Users/jangminho/development/checkout/terminal/Terminal/Terminal.csproj]
/Users/jangminho/development/checkout/terminal/Terminal/ViewModels/MainViewModel.cs(209,18): warning CS8826: Partial method declarations 'void MainViewModel.OnBonusPointsInputChanged(string value)' and 'void MainViewModel.OnBonusPointsInputChanged(string _)' have signature differences. [/Users/jangminho/development/checkout/terminal/Terminal/Terminal.csproj]
/Users/jangminho/development/checkout/terminal/Terminal/ViewModels/MainViewModel.cs(262,18): warning CS8826: Partial method declarations 'void MainViewModel.OnCurrentMemberChanged(LoyaltyMemberInfo? value)' and 'void MainViewModel.OnCurrentMemberChanged(LoyaltyMemberInfo? _)' have signature differences. [/Users/jangminho/development/checkout/terminal/Terminal/Terminal.csproj]
/Users/jangminho/development/checkout/terminal/Terminal/ViewModels/MainViewModel.cs(268,18): warning CS8826: Partial method declarations 'void MainViewModel.OnPointsEarnedChanged(int value)' and 'void MainViewModel.OnPointsEarnedChanged(int _)' have signature differences. [/Users/jangminho/development/checkout/terminal/Terminal/Terminal.csproj]
/Users/jangminho/development/checkout/terminal/Terminal/ViewModels/MainViewModel.cs(271,18): warning CS8826: Partial method declarations 'void MainViewModel.OnLoyaltyDiscountChanged(decimal value)' and 'void MainViewModel.OnLoyaltyDiscountChanged(decimal _)' have signature differences. [/Users/jangminho/development/checkout/terminal/Terminal/Terminal.csproj]
/Users/jangminho/development/checkout/terminal/Terminal/ViewModels/MainViewModel.cs(278,18): warning CS8826: Partial method declarations 'void MainViewModel.OnPaymentMethodChanged(string value)' and 'void MainViewModel.OnPaymentMethodChanged(string _)' have signature differences. [/Users/jangminho/development/checkout/terminal/Terminal/Terminal.csproj]
/Users/jangminho/development/checkout/terminal/Terminal/ViewModels/MainViewModel.cs(285,18): warning CS8826: Partial method declarations 'void MainViewModel.OnCashInsertedChanged(decimal value)' and 'void MainViewModel.OnCashInsertedChanged(decimal _)' have signature differences. [/Users/jangminho/development/checkout/terminal/Terminal/Terminal.csproj]
/Users/jangminho/development/checkout/terminal/Terminal/ViewModels/MainViewModel.cs(934,24): warning CS1998: This async method lacks 'await' operators and will run synchronously. Consider using the 'await' operator to await non-blocking API calls, or 'await Task.Run(...)' to do CPU-bound work on a background thread. [/Users/jangminho/development/checkout/terminal/Terminal/Terminal.csproj]
/Users/jangminho/development/checkout/terminal/Terminal/ViewModels/MainViewModel.cs(1284,24): warning CS1998: This async method lacks 'await' operators and will run synchronously. Consider using the 'await' operator to await non-blocking API calls, or 'await Task.Run(...)' to do CPU-bound work on a background thread. [/Users/jangminho/development/checkout/terminal/Terminal/Terminal.csproj]
/Users/jangminho/development/checkout/terminal/Terminal/ViewModels/MainViewModel.cs(106,41): warning MVVMTK0034: The field Terminal.ViewModels.MainViewModel._settingsPinInput is annotated with [ObservableProperty] and should not be directly referenced (use the generated property instead) (https://aka.ms/mvvmtoolkit/errors/mvvmtk0034) [/Users/jangminho/development/checkout/terminal/Terminal/Terminal.csproj]

Build succeeded.

/Users/jangminho/development/checkout/terminal/Terminal/Terminal.csproj : warning NU1903: Package 'Tmds.DBus.Protocol' 0.20.0 has a known high severity vulnerability, https://github.com/advisories/GHSA-xrw6-gwf8-vvr9
/Users/jangminho/development/checkout/terminal/Terminal/Terminal.csproj : warning NU1903: Package 'Tmds.DBus.Protocol' 0.20.0 has a known high severity vulnerability, https://github.com/advisories/GHSA-xrw6-gwf8-vvr9
/Users/jangminho/development/checkout/terminal/Terminal/Models/CartItem.cs(31,18): warning CS8826: Partial method declarations 'void CartItem.OnUnitPriceChanged(decimal value)' and 'void CartItem.OnUnitPriceChanged(decimal _)' have signature differences. [/Users/jangminho/development/checkout/terminal/Terminal/Terminal.csproj]
/Users/jangminho/development/checkout/terminal/Terminal/Models/CartItem.cs(32,18): warning CS8826: Partial method declarations 'void CartItem.OnWeightStatusChanged(string value)' and 'void CartItem.OnWeightStatusChanged(string _)' have signature differences. [/Users/jangminho/development/checkout/terminal/Terminal/Terminal.csproj]
/Users/jangminho/development/checkout/terminal/Terminal/ViewModels/MainViewModel.cs(209,18): warning CS8826: Partial method declarations 'void MainViewModel.OnBonusPointsInputChanged(string value)' and 'void MainViewModel.OnBonusPointsInputChanged(string _)' have signature differences. [/Users/jangminho/development/checkout/terminal/Terminal/Terminal.csproj]
/Users/jangminho/development/checkout/terminal/Terminal/ViewModels/MainViewModel.cs(262,18): warning CS8826: Partial method declarations 'void MainViewModel.OnCurrentMemberChanged(LoyaltyMemberInfo? value)' and 'void MainViewModel.OnCurrentMemberChanged(LoyaltyMemberInfo? _)' have signature differences. [/Users/jangminho/development/checkout/terminal/Terminal/Terminal.csproj]
/Users/jangminho/development/checkout/terminal/Terminal/ViewModels/MainViewModel.cs(268,18): warning CS8826: Partial method declarations 'void MainViewModel.OnPointsEarnedChanged(int value)' and 'void MainViewModel.OnPointsEarnedChanged(int _)' have signature differences. [/Users/jangminho/development/checkout/terminal/Terminal/Terminal.csproj]
/Users/jangminho/development/checkout/terminal/Terminal/ViewModels/MainViewModel.cs(271,18): warning CS8826: Partial method declarations 'void MainViewModel.OnLoyaltyDiscountChanged(decimal value)' and 'void MainViewModel.OnLoyaltyDiscountChanged(decimal _)' have signature differences. [/Users/jangminho/development/checkout/terminal/Terminal/Terminal.csproj]
/Users/jangminho/development/checkout/terminal/Terminal/ViewModels/MainViewModel.cs(278,18): warning CS8826: Partial method declarations 'void MainViewModel.OnPaymentMethodChanged(string value)' and 'void MainViewModel.OnPaymentMethodChanged(string _)' have signature differences. [/Users/jangminho/development/checkout/terminal/Terminal/Terminal.csproj]
/Users/jangminho/development/checkout/terminal/Terminal/ViewModels/MainViewModel.cs(285,18): warning CS8826: Partial method declarations 'void MainViewModel.OnCashInsertedChanged(decimal value)' and 'void MainViewModel.OnCashInsertedChanged(decimal _)' have signature differences. [/Users/jangminho/development/checkout/terminal/Terminal/Terminal.csproj]
/Users/jangminho/development/checkout/terminal/Terminal/ViewModels/MainViewModel.cs(934,24): warning CS1998: This async method lacks 'await' operators and will run synchronously. Consider using the 'await' operator to await non-blocking API calls, or 'await Task.Run(...)' to do CPU-bound work on a background thread. [/Users/jangminho/development/checkout/terminal/Terminal/Terminal.csproj]
/Users/jangminho/development/checkout/terminal/Terminal/ViewModels/MainViewModel.cs(1284,24): warning CS1998: This async method lacks 'await' operators and will run synchronously. Consider using the 'await' operator to await non-blocking API calls, or 'await Task.Run(...)' to do CPU-bound work on a background thread. [/Users/jangminho/development/checkout/terminal/Terminal/Terminal.csproj]
/Users/jangminho/development/checkout/terminal/Terminal/ViewModels/MainViewModel.cs(106,41): warning MVVMTK0034: The field Terminal.ViewModels.MainViewModel._settingsPinInput is annotated with [ObservableProperty] and should not be directly referenced (use the generated property instead) (https://aka.ms/mvvmtoolkit/errors/mvvmtk0034) [/Users/jangminho/development/checkout/terminal/Terminal/Terminal.csproj]
    13 Warning(s)
    0 Error(s)

Time Elapsed 00:00:03.75
/Users/jangminho/development/checkout/terminal/Terminal/Terminal.csproj : warning NU1903: Package 'Tmds.DBus.Protocol' 0.20.0 has a known high severity vulnerability, https://github.com/advisories/GHSA-xrw6-gwf8-vvr9
/Users/jangminho/development/checkout/terminal/Terminal/Terminal.csproj : warning NU1903: Package 'Tmds.DBus.Protocol' 0.20.0 has a known high severity vulnerability, https://github.com/advisories/GHSA-xrw6-gwf8-vvr9

Build succeeded.

/Users/jangminho/development/checkout/terminal/Terminal/Terminal.csproj : warning NU1903: Package 'Tmds.DBus.Protocol' 0.20.0 has a known high severity vulnerability, https://github.com/advisories/GHSA-xrw6-gwf8-vvr9
/Users/jangminho/development/checkout/terminal/Terminal/Terminal.csproj : warning NU1903: Package 'Tmds.DBus.Protocol' 0.20.0 has a known high severity vulnerability, https://github.com/advisories/GHSA-xrw6-gwf8-vvr9
    2 Warning(s)
    0 Error(s)

Time Elapsed 00:00:00.73
/Users/jangminho/development/checkout/terminal/Terminal/Terminal.csproj : warning NU1903: Package 'Tmds.DBus.Protocol' 0.20.0 has a known high severity vulnerability, https://github.com/advisories/GHSA-xrw6-gwf8-vvr9
/Users/jangminho/development/checkout/terminal/Terminal/Terminal.csproj : warning NU1903: Package 'Tmds.DBus.Protocol' 0.20.0 has a known high severity vulnerability, https://github.com/advisories/GHSA-xrw6-gwf8-vvr9
/Users/jangminho/development/checkout/terminal/Terminal/Models/CartItem.cs(31,18): warning CS8826: Partial method declarations 'void CartItem.OnUnitPriceChanged(decimal value)' and 'void CartItem.OnUnitPriceChanged(decimal _)' have signature differences. [/Users/jangminho/development/checkout/terminal/Terminal/Terminal.csproj]
/Users/jangminho/development/checkout/terminal/Terminal/Models/CartItem.cs(32,18): warning CS8826: Partial method declarations 'void CartItem.OnWeightStatusChanged(string value)' and 'void CartItem.OnWeightStatusChanged(string _)' have signature differences. [/Users/jangminho/development/checkout/terminal/Terminal/Terminal.csproj]
/Users/jangminho/development/checkout/terminal/Terminal/ViewModels/MainViewModel.cs(209,18): warning CS8826: Partial method declarations 'void MainViewModel.OnBonusPointsInputChanged(string value)' and 'void MainViewModel.OnBonusPointsInputChanged(string _)' have signature differences. [/Users/jangminho/development/checkout/terminal/Terminal/Terminal.csproj]
/Users/jangminho/development/checkout/terminal/Terminal/ViewModels/MainViewModel.cs(262,18): warning CS8826: Partial method declarations 'void MainViewModel.OnCurrentMemberChanged(LoyaltyMemberInfo? value)' and 'void MainViewModel.OnCurrentMemberChanged(LoyaltyMemberInfo? _)' have signature differences. [/Users/jangminho/development/checkout/terminal/Terminal/Terminal.csproj]
/Users/jangminho/development/checkout/terminal/Terminal/ViewModels/MainViewModel.cs(268,18): warning CS8826: Partial method declarations 'void MainViewModel.OnPointsEarnedChanged(int value)' and 'void MainViewModel.OnPointsEarnedChanged(int _)' have signature differences. [/Users/jangminho/development/checkout/terminal/Terminal/Terminal.csproj]
/Users/jangminho/development/checkout/terminal/Terminal/ViewModels/MainViewModel.cs(271,18): warning CS8826: Partial method declarations 'void MainViewModel.OnLoyaltyDiscountChanged(decimal value)' and 'void MainViewModel.OnLoyaltyDiscountChanged(decimal _)' have signature differences. [/Users/jangminho/development/checkout/terminal/Terminal/Terminal.csproj]
/Users/jangminho/development/checkout/terminal/Terminal/ViewModels/MainViewModel.cs(278,18): warning CS8826: Partial method declarations 'void MainViewModel.OnPaymentMethodChanged(string value)' and 'void MainViewModel.OnPaymentMethodChanged(string _)' have signature differences. [/Users/jangminho/development/checkout/terminal/Terminal/Terminal.csproj]
/Users/jangminho/development/checkout/terminal/Terminal/ViewModels/MainViewModel.cs(285,18): warning CS8826: Partial method declarations 'void MainViewModel.OnCashInsertedChanged(decimal value)' and 'void MainViewModel.OnCashInsertedChanged(decimal _)' have signature differences. [/Users/jangminho/development/checkout/terminal/Terminal/Terminal.csproj]
/Users/jangminho/development/checkout/terminal/Terminal/ViewModels/MainViewModel.cs(934,24): warning CS1998: This async method lacks 'await' operators and will run synchronously. Consider using the 'await' operator to await non-blocking API calls, or 'await Task.Run(...)' to do CPU-bound work on a background thread. [/Users/jangminho/development/checkout/terminal/Terminal/Terminal.csproj]
/Users/jangminho/development/checkout/terminal/Terminal/ViewModels/MainViewModel.cs(1282,24): warning CS1998: This async method lacks 'await' operators and will run synchronously. Consider using the 'await' operator to await non-blocking API calls, or 'await Task.Run(...)' to do CPU-bound work on a background thread. [/Users/jangminho/development/checkout/terminal/Terminal/Terminal.csproj]
/Users/jangminho/development/checkout/terminal/Terminal/ViewModels/MainViewModel.cs(106,41): warning MVVMTK0034: The field Terminal.ViewModels.MainViewModel._settingsPinInput is annotated with [ObservableProperty] and should not be directly referenced (use the generated property instead) (https://aka.ms/mvvmtoolkit/errors/mvvmtk0034) [/Users/jangminho/development/checkout/terminal/Terminal/Terminal.csproj]

Build succeeded.

/Users/jangminho/development/checkout/terminal/Terminal/Terminal.csproj : warning NU1903: Package 'Tmds.DBus.Protocol' 0.20.0 has a known high severity vulnerability, https://github.com/advisories/GHSA-xrw6-gwf8-vvr9
/Users/jangminho/development/checkout/terminal/Terminal/Terminal.csproj : warning NU1903: Package 'Tmds.DBus.Protocol' 0.20.0 has a known high severity vulnerability, https://github.com/advisories/GHSA-xrw6-gwf8-vvr9
/Users/jangminho/development/checkout/terminal/Terminal/Models/CartItem.cs(31,18): warning CS8826: Partial method declarations 'void CartItem.OnUnitPriceChanged(decimal value)' and 'void CartItem.OnUnitPriceChanged(decimal _)' have signature differences. [/Users/jangminho/development/checkout/terminal/Terminal/Terminal.csproj]
/Users/jangminho/development/checkout/terminal/Terminal/Models/CartItem.cs(32,18): warning CS8826: Partial method declarations 'void CartItem.OnWeightStatusChanged(string value)' and 'void CartItem.OnWeightStatusChanged(string _)' have signature differences. [/Users/jangminho/development/checkout/terminal/Terminal/Terminal.csproj]
/Users/jangminho/development/checkout/terminal/Terminal/ViewModels/MainViewModel.cs(209,18): warning CS8826: Partial method declarations 'void MainViewModel.OnBonusPointsInputChanged(string value)' and 'void MainViewModel.OnBonusPointsInputChanged(string _)' have signature differences. [/Users/jangminho/development/checkout/terminal/Terminal/Terminal.csproj]
/Users/jangminho/development/checkout/terminal/Terminal/ViewModels/MainViewModel.cs(262,18): warning CS8826: Partial method declarations 'void MainViewModel.OnCurrentMemberChanged(LoyaltyMemberInfo? value)' and 'void MainViewModel.OnCurrentMemberChanged(LoyaltyMemberInfo? _)' have signature differences. [/Users/jangminho/development/checkout/terminal/Terminal/Terminal.csproj]
/Users/jangminho/development/checkout/terminal/Terminal/ViewModels/MainViewModel.cs(268,18): warning CS8826: Partial method declarations 'void MainViewModel.OnPointsEarnedChanged(int value)' and 'void MainViewModel.OnPointsEarnedChanged(int _)' have signature differences. [/Users/jangminho/development/checkout/terminal/Terminal/Terminal.csproj]
/Users/jangminho/development/checkout/terminal/Terminal/ViewModels/MainViewModel.cs(271,18): warning CS8826: Partial method declarations 'void MainViewModel.OnLoyaltyDiscountChanged(decimal value)' and 'void MainViewModel.OnLoyaltyDiscountChanged(decimal _)' have signature differences. [/Users/jangminho/development/checkout/terminal/Terminal/Terminal.csproj]
/Users/jangminho/development/checkout/terminal/Terminal/ViewModels/MainViewModel.cs(278,18): warning CS8826: Partial method declarations 'void MainViewModel.OnPaymentMethodChanged(string value)' and 'void MainViewModel.OnPaymentMethodChanged(string _)' have signature differences. [/Users/jangminho/development/checkout/terminal/Terminal/Terminal.csproj]
/Users/jangminho/development/checkout/terminal/Terminal/ViewModels/MainViewModel.cs(285,18): warning CS8826: Partial method declarations 'void MainViewModel.OnCashInsertedChanged(decimal value)' and 'void MainViewModel.OnCashInsertedChanged(decimal _)' have signature differences. [/Users/jangminho/development/checkout/terminal/Terminal/Terminal.csproj]
/Users/jangminho/development/checkout/terminal/Terminal/ViewModels/MainViewModel.cs(934,24): warning CS1998: This async method lacks 'await' operators and will run synchronously. Consider using the 'await' operator to await non-blocking API calls, or 'await Task.Run(...)' to do CPU-bound work on a background thread. [/Users/jangminho/development/checkout/terminal/Terminal/Terminal.csproj]
/Users/jangminho/development/checkout/terminal/Terminal/ViewModels/MainViewModel.cs(1282,24): warning CS1998: This async method lacks 'await' operators and will run synchronously. Consider using the 'await' operator to await non-blocking API calls, or 'await Task.Run(...)' to do CPU-bound work on a background thread. [/Users/jangminho/development/checkout/terminal/Terminal/Terminal.csproj]
/Users/jangminho/development/checkout/terminal/Terminal/ViewModels/MainViewModel.cs(106,41): warning MVVMTK0034: The field Terminal.ViewModels.MainViewModel._settingsPinInput is annotated with [ObservableProperty] and should not be directly referenced (use the generated property instead) (https://aka.ms/mvvmtoolkit/errors/mvvmtk0034) [/Users/jangminho/development/checkout/terminal/Terminal/Terminal.csproj]
    13 Warning(s)
    0 Error(s)

Time Elapsed 00:00:03.91
/Users/jangminho/development/checkout/terminal/Terminal/Terminal.csproj : warning NU1903: Package 'Tmds.DBus.Protocol' 0.20.0 has a known high severity vulnerability, https://github.com/advisories/GHSA-xrw6-gwf8-vvr9
/Users/jangminho/development/checkout/terminal/Terminal/Terminal.csproj : warning NU1903: Package 'Tmds.DBus.Protocol' 0.20.0 has a known high severity vulnerability, https://github.com/advisories/GHSA-xrw6-gwf8-vvr9

Build succeeded.

/Users/jangminho/development/checkout/terminal/Terminal/Terminal.csproj : warning NU1903: Package 'Tmds.DBus.Protocol' 0.20.0 has a known high severity vulnerability, https://github.com/advisories/GHSA-xrw6-gwf8-vvr9
/Users/jangminho/development/checkout/terminal/Terminal/Terminal.csproj : warning NU1903: Package 'Tmds.DBus.Protocol' 0.20.0 has a known high severity vulnerability, https://github.com/advisories/GHSA-xrw6-gwf8-vvr9
    2 Warning(s)
    0 Error(s)

Time Elapsed 00:00:00.68
/Users/jangminho/development/checkout/terminal/Terminal/Terminal.csproj : warning NU1903: Package 'Tmds.DBus.Protocol' 0.20.0 has a known high severity vulnerability, https://github.com/advisories/GHSA-xrw6-gwf8-vvr9
/Users/jangminho/development/checkout/terminal/Terminal/Terminal.csproj : warning NU1903: Package 'Tmds.DBus.Protocol' 0.20.0 has a known high severity vulnerability, https://github.com/advisories/GHSA-xrw6-gwf8-vvr9
/Users/jangminho/development/checkout/terminal/Terminal/Models/CartItem.cs(31,18): warning CS8826: Partial method declarations 'void CartItem.OnUnitPriceChanged(decimal value)' and 'void CartItem.OnUnitPriceChanged(decimal _)' have signature differences. [/Users/jangminho/development/checkout/terminal/Terminal/Terminal.csproj]
/Users/jangminho/development/checkout/terminal/Terminal/Models/CartItem.cs(32,18): warning CS8826: Partial method declarations 'void CartItem.OnWeightStatusChanged(string value)' and 'void CartItem.OnWeightStatusChanged(string _)' have signature differences. [/Users/jangminho/development/checkout/terminal/Terminal/Terminal.csproj]
/Users/jangminho/development/checkout/terminal/Terminal/ViewModels/MainViewModel.cs(209,18): warning CS8826: Partial method declarations 'void MainViewModel.OnBonusPointsInputChanged(string value)' and 'void MainViewModel.OnBonusPointsInputChanged(string _)' have signature differences. [/Users/jangminho/development/checkout/terminal/Terminal/Terminal.csproj]
/Users/jangminho/development/checkout/terminal/Terminal/ViewModels/MainViewModel.cs(262,18): warning CS8826: Partial method declarations 'void MainViewModel.OnCurrentMemberChanged(LoyaltyMemberInfo? value)' and 'void MainViewModel.OnCurrentMemberChanged(LoyaltyMemberInfo? _)' have signature differences. [/Users/jangminho/development/checkout/terminal/Terminal/Terminal.csproj]
/Users/jangminho/development/checkout/terminal/Terminal/ViewModels/MainViewModel.cs(268,18): warning CS8826: Partial method declarations 'void MainViewModel.OnPointsEarnedChanged(int value)' and 'void MainViewModel.OnPointsEarnedChanged(int _)' have signature differences. [/Users/jangminho/development/checkout/terminal/Terminal/Terminal.csproj]
/Users/jangminho/development/checkout/terminal/Terminal/ViewModels/MainViewModel.cs(271,18): warning CS8826: Partial method declarations 'void MainViewModel.OnLoyaltyDiscountChanged(decimal value)' and 'void MainViewModel.OnLoyaltyDiscountChanged(decimal _)' have signature differences. [/Users/jangminho/development/checkout/terminal/Terminal/Terminal.csproj]
/Users/jangminho/development/checkout/terminal/Terminal/ViewModels/MainViewModel.cs(278,18): warning CS8826: Partial method declarations 'void MainViewModel.OnPaymentMethodChanged(string value)' and 'void MainViewModel.OnPaymentMethodChanged(string _)' have signature differences. [/Users/jangminho/development/checkout/terminal/Terminal/Terminal.csproj]
/Users/jangminho/development/checkout/terminal/Terminal/ViewModels/MainViewModel.cs(285,18): warning CS8826: Partial method declarations 'void MainViewModel.OnCashInsertedChanged(decimal value)' and 'void MainViewModel.OnCashInsertedChanged(decimal _)' have signature differences. [/Users/jangminho/development/checkout/terminal/Terminal/Terminal.csproj]
/Users/jangminho/development/checkout/terminal/Terminal/ViewModels/MainViewModel.cs(934,24): warning CS1998: This async method lacks 'await' operators and will run synchronously. Consider using the 'await' operator to await non-blocking API calls, or 'await Task.Run(...)' to do CPU-bound work on a background thread. [/Users/jangminho/development/checkout/terminal/Terminal/Terminal.csproj]
/Users/jangminho/development/checkout/terminal/Terminal/ViewModels/MainViewModel.cs(1277,24): warning CS1998: This async method lacks 'await' operators and will run synchronously. Consider using the 'await' operator to await non-blocking API calls, or 'await Task.Run(...)' to do CPU-bound work on a background thread. [/Users/jangminho/development/checkout/terminal/Terminal/Terminal.csproj]
/Users/jangminho/development/checkout/terminal/Terminal/ViewModels/MainViewModel.cs(106,41): warning MVVMTK0034: The field Terminal.ViewModels.MainViewModel._settingsPinInput is annotated with [ObservableProperty] and should not be directly referenced (use the generated property instead) (https://aka.ms/mvvmtoolkit/errors/mvvmtk0034) [/Users/jangminho/development/checkout/terminal/Terminal/Terminal.csproj]

Build succeeded.

/Users/jangminho/development/checkout/terminal/Terminal/Terminal.csproj : warning NU1903: Package 'Tmds.DBus.Protocol' 0.20.0 has a known high severity vulnerability, https://github.com/advisories/GHSA-xrw6-gwf8-vvr9
/Users/jangminho/development/checkout/terminal/Terminal/Terminal.csproj : warning NU1903: Package 'Tmds.DBus.Protocol' 0.20.0 has a known high severity vulnerability, https://github.com/advisories/GHSA-xrw6-gwf8-vvr9
/Users/jangminho/development/checkout/terminal/Terminal/Models/CartItem.cs(31,18): warning CS8826: Partial method declarations 'void CartItem.OnUnitPriceChanged(decimal value)' and 'void CartItem.OnUnitPriceChanged(decimal _)' have signature differences. [/Users/jangminho/development/checkout/terminal/Terminal/Terminal.csproj]
/Users/jangminho/development/checkout/terminal/Terminal/Models/CartItem.cs(32,18): warning CS8826: Partial method declarations 'void CartItem.OnWeightStatusChanged(string value)' and 'void CartItem.OnWeightStatusChanged(string _)' have signature differences. [/Users/jangminho/development/checkout/terminal/Terminal/Terminal.csproj]
/Users/jangminho/development/checkout/terminal/Terminal/ViewModels/MainViewModel.cs(209,18): warning CS8826: Partial method declarations 'void MainViewModel.OnBonusPointsInputChanged(string value)' and 'void MainViewModel.OnBonusPointsInputChanged(string _)' have signature differences. [/Users/jangminho/development/checkout/terminal/Terminal/Terminal.csproj]
/Users/jangminho/development/checkout/terminal/Terminal/ViewModels/MainViewModel.cs(262,18): warning CS8826: Partial method declarations 'void MainViewModel.OnCurrentMemberChanged(LoyaltyMemberInfo? value)' and 'void MainViewModel.OnCurrentMemberChanged(LoyaltyMemberInfo? _)' have signature differences. [/Users/jangminho/development/checkout/terminal/Terminal/Terminal.csproj]
/Users/jangminho/development/checkout/terminal/Terminal/ViewModels/MainViewModel.cs(268,18): warning CS8826: Partial method declarations 'void MainViewModel.OnPointsEarnedChanged(int value)' and 'void MainViewModel.OnPointsEarnedChanged(int _)' have signature differences. [/Users/jangminho/development/checkout/terminal/Terminal/Terminal.csproj]
/Users/jangminho/development/checkout/terminal/Terminal/ViewModels/MainViewModel.cs(271,18): warning CS8826: Partial method declarations 'void MainViewModel.OnLoyaltyDiscountChanged(decimal value)' and 'void MainViewModel.OnLoyaltyDiscountChanged(decimal _)' have signature differences. [/Users/jangminho/development/checkout/terminal/Terminal/Terminal.csproj]
/Users/jangminho/development/checkout/terminal/Terminal/ViewModels/MainViewModel.cs(278,18): warning CS8826: Partial method declarations 'void MainViewModel.OnPaymentMethodChanged(string value)' and 'void MainViewModel.OnPaymentMethodChanged(string _)' have signature differences. [/Users/jangminho/development/checkout/terminal/Terminal/Terminal.csproj]
/Users/jangminho/development/checkout/terminal/Terminal/ViewModels/MainViewModel.cs(285,18): warning CS8826: Partial method declarations 'void MainViewModel.OnCashInsertedChanged(decimal value)' and 'void MainViewModel.OnCashInsertedChanged(decimal _)' have signature differences. [/Users/jangminho/development/checkout/terminal/Terminal/Terminal.csproj]
/Users/jangminho/development/checkout/terminal/Terminal/ViewModels/MainViewModel.cs(934,24): warning CS1998: This async method lacks 'await' operators and will run synchronously. Consider using the 'await' operator to await non-blocking API calls, or 'await Task.Run(...)' to do CPU-bound work on a background thread. [/Users/jangminho/development/checkout/terminal/Terminal/Terminal.csproj]
/Users/jangminho/development/checkout/terminal/Terminal/ViewModels/MainViewModel.cs(1277,24): warning CS1998: This async method lacks 'await' operators and will run synchronously. Consider using the 'await' operator to await non-blocking API calls, or 'await Task.Run(...)' to do CPU-bound work on a background thread. [/Users/jangminho/development/checkout/terminal/Terminal/Terminal.csproj]
/Users/jangminho/development/checkout/terminal/Terminal/ViewModels/MainViewModel.cs(106,41): warning MVVMTK0034: The field Terminal.ViewModels.MainViewModel._settingsPinInput is annotated with [ObservableProperty] and should not be directly referenced (use the generated property instead) (https://aka.ms/mvvmtoolkit/errors/mvvmtk0034) [/Users/jangminho/development/checkout/terminal/Terminal/Terminal.csproj]
    13 Warning(s)
    0 Error(s)

Time Elapsed 00:00:04.26
/Users/jangminho/development/checkout/terminal/Terminal/Terminal.csproj : warning NU1903: Package 'Tmds.DBus.Protocol' 0.20.0 has a known high severity vulnerability, https://github.com/advisories/GHSA-xrw6-gwf8-vvr9
/Users/jangminho/development/checkout/terminal/Terminal/Terminal.csproj : warning NU1903: Package 'Tmds.DBus.Protocol' 0.20.0 has a known high severity vulnerability, https://github.com/advisories/GHSA-xrw6-gwf8-vvr9

Build succeeded.

/Users/jangminho/development/checkout/terminal/Terminal/Terminal.csproj : warning NU1903: Package 'Tmds.DBus.Protocol' 0.20.0 has a known high severity vulnerability, https://github.com/advisories/GHSA-xrw6-gwf8-vvr9
/Users/jangminho/development/checkout/terminal/Terminal/Terminal.csproj : warning NU1903: Package 'Tmds.DBus.Protocol' 0.20.0 has a known high severity vulnerability, https://github.com/advisories/GHSA-xrw6-gwf8-vvr9
    2 Warning(s)
    0 Error(s)

Time Elapsed 00:00:00.71
/Users/jangminho/development/checkout/terminal/Terminal/Terminal.csproj : warning NU1903: Package 'Tmds.DBus.Protocol' 0.20.0 has a known high severity vulnerability, https://github.com/advisories/GHSA-xrw6-gwf8-vvr9
/Users/jangminho/development/checkout/terminal/Terminal/Terminal.csproj : warning NU1903: Package 'Tmds.DBus.Protocol' 0.20.0 has a known high severity vulnerability, https://github.com/advisories/GHSA-xrw6-gwf8-vvr9

Build succeeded.

/Users/jangminho/development/checkout/terminal/Terminal/Terminal.csproj : warning NU1903: Package 'Tmds.DBus.Protocol' 0.20.0 has a known high severity vulnerability, https://github.com/advisories/GHSA-xrw6-gwf8-vvr9
/Users/jangminho/development/checkout/terminal/Terminal/Terminal.csproj : warning NU1903: Package 'Tmds.DBus.Protocol' 0.20.0 has a known high severity vulnerability, https://github.com/advisories/GHSA-xrw6-gwf8-vvr9
    2 Warning(s)
    0 Error(s)

Time Elapsed 00:00:00.83
/Users/jangminho/development/checkout/terminal/Terminal/Terminal.csproj : warning NU1903: Package 'Tmds.DBus.Protocol' 0.20.0 has a known high severity vulnerability, https://github.com/advisories/GHSA-xrw6-gwf8-vvr9
/Users/jangminho/development/checkout/terminal/Terminal/Terminal.csproj : warning NU1903: Package 'Tmds.DBus.Protocol' 0.20.0 has a known high severity vulnerability, https://github.com/advisories/GHSA-xrw6-gwf8-vvr9

Build succeeded.

/Users/jangminho/development/checkout/terminal/Terminal/Terminal.csproj : warning NU1903: Package 'Tmds.DBus.Protocol' 0.20.0 has a known high severity vulnerability, https://github.com/advisories/GHSA-xrw6-gwf8-vvr9
/Users/jangminho/development/checkout/terminal/Terminal/Terminal.csproj : warning NU1903: Package 'Tmds.DBus.Protocol' 0.20.0 has a known high severity vulnerability, https://github.com/advisories/GHSA-xrw6-gwf8-vvr9
    2 Warning(s)
    0 Error(s)

Time Elapsed 00:00:01.39
/Users/jangminho/development/checkout/terminal/Terminal/Terminal.csproj : warning NU1903: Package 'Tmds.DBus.Protocol' 0.20.0 has a known high severity vulnerability, https://github.com/advisories/GHSA-xrw6-gwf8-vvr9
/Users/jangminho/development/checkout/terminal/Terminal/Terminal.csproj : warning NU1903: Package 'Tmds.DBus.Protocol' 0.20.0 has a known high severity vulnerability, https://github.com/advisories/GHSA-xrw6-gwf8-vvr9

Build succeeded.

/Users/jangminho/development/checkout/terminal/Terminal/Terminal.csproj : warning NU1903: Package 'Tmds.DBus.Protocol' 0.20.0 has a known high severity vulnerability, https://github.com/advisories/GHSA-xrw6-gwf8-vvr9
/Users/jangminho/development/checkout/terminal/Terminal/Terminal.csproj : warning NU1903: Package 'Tmds.DBus.Protocol' 0.20.0 has a known high severity vulnerability, https://github.com/advisories/GHSA-xrw6-gwf8-vvr9
    2 Warning(s)
    0 Error(s)

Time Elapsed 00:00:00.71
/Users/jangminho/development/checkout/terminal/Terminal/Terminal.csproj : warning NU1903: Package 'Tmds.DBus.Protocol' 0.20.0 has a known high severity vulnerability, https://github.com/advisories/GHSA-xrw6-gwf8-vvr9
/Users/jangminho/development/checkout/terminal/Terminal/Terminal.csproj : warning NU1903: Package 'Tmds.DBus.Protocol' 0.20.0 has a known high severity vulnerability, https://github.com/advisories/GHSA-xrw6-gwf8-vvr9

Build succeeded.

/Users/jangminho/development/checkout/terminal/Terminal/Terminal.csproj : warning NU1903: Package 'Tmds.DBus.Protocol' 0.20.0 has a known high severity vulnerability, https://github.com/advisories/GHSA-xrw6-gwf8-vvr9
/Users/jangminho/development/checkout/terminal/Terminal/Terminal.csproj : warning NU1903: Package 'Tmds.DBus.Protocol' 0.20.0 has a known high severity vulnerability, https://github.com/advisories/GHSA-xrw6-gwf8-vvr9
    2 Warning(s)
    0 Error(s)

Time Elapsed 00:00:01.36
/Users/jangminho/development/checkout/terminal/Terminal/Terminal.csproj : warning NU1903: Package 'Tmds.DBus.Protocol' 0.20.0 has a known high severity vulnerability, https://github.com/advisories/GHSA-xrw6-gwf8-vvr9
/Users/jangminho/development/checkout/terminal/Terminal/Terminal.csproj : warning NU1903: Package 'Tmds.DBus.Protocol' 0.20.0 has a known high severity vulnerability, https://github.com/advisories/GHSA-xrw6-gwf8-vvr9
/Users/jangminho/development/checkout/terminal/Terminal/Models/CartItem.cs(31,18): warning CS8826: Partial method declarations 'void CartItem.OnUnitPriceChanged(decimal value)' and 'void CartItem.OnUnitPriceChanged(decimal _)' have signature differences. [/Users/jangminho/development/checkout/terminal/Terminal/Terminal.csproj]
/Users/jangminho/development/checkout/terminal/Terminal/Models/CartItem.cs(32,18): warning CS8826: Partial method declarations 'void CartItem.OnWeightStatusChanged(string value)' and 'void CartItem.OnWeightStatusChanged(string _)' have signature differences. [/Users/jangminho/development/checkout/terminal/Terminal/Terminal.csproj]
/Users/jangminho/development/checkout/terminal/Terminal/ViewModels/MainViewModel.cs(209,18): warning CS8826: Partial method declarations 'void MainViewModel.OnBonusPointsInputChanged(string value)' and 'void MainViewModel.OnBonusPointsInputChanged(string _)' have signature differences. [/Users/jangminho/development/checkout/terminal/Terminal/Terminal.csproj]
/Users/jangminho/development/checkout/terminal/Terminal/ViewModels/MainViewModel.cs(262,18): warning CS8826: Partial method declarations 'void MainViewModel.OnCurrentMemberChanged(LoyaltyMemberInfo? value)' and 'void MainViewModel.OnCurrentMemberChanged(LoyaltyMemberInfo? _)' have signature differences. [/Users/jangminho/development/checkout/terminal/Terminal/Terminal.csproj]
/Users/jangminho/development/checkout/terminal/Terminal/ViewModels/MainViewModel.cs(268,18): warning CS8826: Partial method declarations 'void MainViewModel.OnPointsEarnedChanged(int value)' and 'void MainViewModel.OnPointsEarnedChanged(int _)' have signature differences. [/Users/jangminho/development/checkout/terminal/Terminal/Terminal.csproj]
/Users/jangminho/development/checkout/terminal/Terminal/ViewModels/MainViewModel.cs(271,18): warning CS8826: Partial method declarations 'void MainViewModel.OnLoyaltyDiscountChanged(decimal value)' and 'void MainViewModel.OnLoyaltyDiscountChanged(decimal _)' have signature differences. [/Users/jangminho/development/checkout/terminal/Terminal/Terminal.csproj]
/Users/jangminho/development/checkout/terminal/Terminal/ViewModels/MainViewModel.cs(278,18): warning CS8826: Partial method declarations 'void MainViewModel.OnPaymentMethodChanged(string value)' and 'void MainViewModel.OnPaymentMethodChanged(string _)' have signature differences. [/Users/jangminho/development/checkout/terminal/Terminal/Terminal.csproj]
/Users/jangminho/development/checkout/terminal/Terminal/ViewModels/MainViewModel.cs(285,18): warning CS8826: Partial method declarations 'void MainViewModel.OnCashInsertedChanged(decimal value)' and 'void MainViewModel.OnCashInsertedChanged(decimal _)' have signature differences. [/Users/jangminho/development/checkout/terminal/Terminal/Terminal.csproj]
/Users/jangminho/development/checkout/terminal/Terminal/ViewModels/MainViewModel.cs(934,24): warning CS1998: This async method lacks 'await' operators and will run synchronously. Consider using the 'await' operator to await non-blocking API calls, or 'await Task.Run(...)' to do CPU-bound work on a background thread. [/Users/jangminho/development/checkout/terminal/Terminal/Terminal.csproj]
/Users/jangminho/development/checkout/terminal/Terminal/ViewModels/MainViewModel.cs(1277,24): warning CS1998: This async method lacks 'await' operators and will run synchronously. Consider using the 'await' operator to await non-blocking API calls, or 'await Task.Run(...)' to do CPU-bound work on a background thread. [/Users/jangminho/development/checkout/terminal/Terminal/Terminal.csproj]
/Users/jangminho/development/checkout/terminal/Terminal/ViewModels/MainViewModel.cs(106,41): warning MVVMTK0034: The field Terminal.ViewModels.MainViewModel._settingsPinInput is annotated with [ObservableProperty] and should not be directly referenced (use the generated property instead) (https://aka.ms/mvvmtoolkit/errors/mvvmtk0034) [/Users/jangminho/development/checkout/terminal/Terminal/Terminal.csproj]

Build succeeded.

/Users/jangminho/development/checkout/terminal/Terminal/Terminal.csproj : warning NU1903: Package 'Tmds.DBus.Protocol' 0.20.0 has a known high severity vulnerability, https://github.com/advisories/GHSA-xrw6-gwf8-vvr9
/Users/jangminho/development/checkout/terminal/Terminal/Terminal.csproj : warning NU1903: Package 'Tmds.DBus.Protocol' 0.20.0 has a known high severity vulnerability, https://github.com/advisories/GHSA-xrw6-gwf8-vvr9
/Users/jangminho/development/checkout/terminal/Terminal/Models/CartItem.cs(31,18): warning CS8826: Partial method declarations 'void CartItem.OnUnitPriceChanged(decimal value)' and 'void CartItem.OnUnitPriceChanged(decimal _)' have signature differences. [/Users/jangminho/development/checkout/terminal/Terminal/Terminal.csproj]
/Users/jangminho/development/checkout/terminal/Terminal/Models/CartItem.cs(32,18): warning CS8826: Partial method declarations 'void CartItem.OnWeightStatusChanged(string value)' and 'void CartItem.OnWeightStatusChanged(string _)' have signature differences. [/Users/jangminho/development/checkout/terminal/Terminal/Terminal.csproj]
/Users/jangminho/development/checkout/terminal/Terminal/ViewModels/MainViewModel.cs(209,18): warning CS8826: Partial method declarations 'void MainViewModel.OnBonusPointsInputChanged(string value)' and 'void MainViewModel.OnBonusPointsInputChanged(string _)' have signature differences. [/Users/jangminho/development/checkout/terminal/Terminal/Terminal.csproj]
/Users/jangminho/development/checkout/terminal/Terminal/ViewModels/MainViewModel.cs(262,18): warning CS8826: Partial method declarations 'void MainViewModel.OnCurrentMemberChanged(LoyaltyMemberInfo? value)' and 'void MainViewModel.OnCurrentMemberChanged(LoyaltyMemberInfo? _)' have signature differences. [/Users/jangminho/development/checkout/terminal/Terminal/Terminal.csproj]
/Users/jangminho/development/checkout/terminal/Terminal/ViewModels/MainViewModel.cs(268,18): warning CS8826: Partial method declarations 'void MainViewModel.OnPointsEarnedChanged(int value)' and 'void MainViewModel.OnPointsEarnedChanged(int _)' have signature differences. [/Users/jangminho/development/checkout/terminal/Terminal/Terminal.csproj]
/Users/jangminho/development/checkout/terminal/Terminal/ViewModels/MainViewModel.cs(271,18): warning CS8826: Partial method declarations 'void MainViewModel.OnLoyaltyDiscountChanged(decimal value)' and 'void MainViewModel.OnLoyaltyDiscountChanged(decimal _)' have signature differences. [/Users/jangminho/development/checkout/terminal/Terminal/Terminal.csproj]
/Users/jangminho/development/checkout/terminal/Terminal/ViewModels/MainViewModel.cs(278,18): warning CS8826: Partial method declarations 'void MainViewModel.OnPaymentMethodChanged(string value)' and 'void MainViewModel.OnPaymentMethodChanged(string _)' have signature differences. [/Users/jangminho/development/checkout/terminal/Terminal/Terminal.csproj]
/Users/jangminho/development/checkout/terminal/Terminal/ViewModels/MainViewModel.cs(285,18): warning CS8826: Partial method declarations 'void MainViewModel.OnCashInsertedChanged(decimal value)' and 'void MainViewModel.OnCashInsertedChanged(decimal _)' have signature differences. [/Users/jangminho/development/checkout/terminal/Terminal/Terminal.csproj]
/Users/jangminho/development/checkout/terminal/Terminal/ViewModels/MainViewModel.cs(934,24): warning CS1998: This async method lacks 'await' operators and will run synchronously. Consider using the 'await' operator to await non-blocking API calls, or 'await Task.Run(...)' to do CPU-bound work on a background thread. [/Users/jangminho/development/checkout/terminal/Terminal/Terminal.csproj]
/Users/jangminho/development/checkout/terminal/Terminal/ViewModels/MainViewModel.cs(1277,24): warning CS1998: This async method lacks 'await' operators and will run synchronously. Consider using the 'await' operator to await non-blocking API calls, or 'await Task.Run(...)' to do CPU-bound work on a background thread. [/Users/jangminho/development/checkout/terminal/Terminal/Terminal.csproj]
/Users/jangminho/development/checkout/terminal/Terminal/ViewModels/MainViewModel.cs(106,41): warning MVVMTK0034: The field Terminal.ViewModels.MainViewModel._settingsPinInput is annotated with [ObservableProperty] and should not be directly referenced (use the generated property instead) (https://aka.ms/mvvmtoolkit/errors/mvvmtk0034) [/Users/jangminho/development/checkout/terminal/Terminal/Terminal.csproj]
    13 Warning(s)
    0 Error(s)

Time Elapsed 00:00:03.23
/Users/jangminho/development/checkout/terminal/Terminal/Terminal.csproj : warning NU1903: Package 'Tmds.DBus.Protocol' 0.20.0 has a known high severity vulnerability, https://github.com/advisories/GHSA-xrw6-gwf8-vvr9
/Users/jangminho/development/checkout/terminal/Terminal/Terminal.csproj : warning NU1903: Package 'Tmds.DBus.Protocol' 0.20.0 has a known high severity vulnerability, https://github.com/advisories/GHSA-xrw6-gwf8-vvr9

Build succeeded.

/Users/jangminho/development/checkout/terminal/Terminal/Terminal.csproj : warning NU1903: Package 'Tmds.DBus.Protocol' 0.20.0 has a known high severity vulnerability, https://github.com/advisories/GHSA-xrw6-gwf8-vvr9
/Users/jangminho/development/checkout/terminal/Terminal/Terminal.csproj : warning NU1903: Package 'Tmds.DBus.Protocol' 0.20.0 has a known high severity vulnerability, https://github.com/advisories/GHSA-xrw6-gwf8-vvr9
    2 Warning(s)
    0 Error(s)

Time Elapsed 00:00:00.67
/Users/jangminho/development/checkout/terminal/Terminal/Terminal.csproj : warning NU1903: Package 'Tmds.DBus.Protocol' 0.20.0 has a known high severity vulnerability, https://github.com/advisories/GHSA-xrw6-gwf8-vvr9
/Users/jangminho/development/checkout/terminal/Terminal/Terminal.csproj : warning NU1903: Package 'Tmds.DBus.Protocol' 0.20.0 has a known high severity vulnerability, https://github.com/advisories/GHSA-xrw6-gwf8-vvr9

Build succeeded.

/Users/jangminho/development/checkout/terminal/Terminal/Terminal.csproj : warning NU1903: Package 'Tmds.DBus.Protocol' 0.20.0 has a known high severity vulnerability, https://github.com/advisories/GHSA-xrw6-gwf8-vvr9
/Users/jangminho/development/checkout/terminal/Terminal/Terminal.csproj : warning NU1903: Package 'Tmds.DBus.Protocol' 0.20.0 has a known high severity vulnerability, https://github.com/advisories/GHSA-xrw6-gwf8-vvr9
    2 Warning(s)
    0 Error(s)

Time Elapsed 00:00:01.01
/Users/jangminho/development/checkout/terminal/Terminal/Terminal.csproj : warning NU1903: Package 'Tmds.DBus.Protocol' 0.20.0 has a known high severity vulnerability, https://github.com/advisories/GHSA-xrw6-gwf8-vvr9
/Users/jangminho/development/checkout/terminal/Terminal/Terminal.csproj : warning NU1903: Package 'Tmds.DBus.Protocol' 0.20.0 has a known high severity vulnerability, https://github.com/advisories/GHSA-xrw6-gwf8-vvr9

Build succeeded.

/Users/jangminho/development/checkout/terminal/Terminal/Terminal.csproj : warning NU1903: Package 'Tmds.DBus.Protocol' 0.20.0 has a known high severity vulnerability, https://github.com/advisories/GHSA-xrw6-gwf8-vvr9
/Users/jangminho/development/checkout/terminal/Terminal/Terminal.csproj : warning NU1903: Package 'Tmds.DBus.Protocol' 0.20.0 has a known high severity vulnerability, https://github.com/advisories/GHSA-xrw6-gwf8-vvr9
    2 Warning(s)
    0 Error(s)

Time Elapsed 00:00:00.84
